{
"type": "FeatureCollection",
"name": "grid",
"crs": { "type": "name", "properties": { "name": "urn:ogc:def:crs:OGC:1.3:CRS84" } },
"features": [
{ "type": "Feature", "properties": { }, "geometry": { "type": "Polygon", "coordinates": [ [ [ 6.483824577997779, 62.48379612308667 ], [ 6.484482057102738, 62.483832994359872 ], [ 6.483702701909078, 62.484097308340701 ], [ 6.483824577997779, 62.48379612308667 ] ] ] } },
{ "type": "Feature", "properties": { }, "geometry": { "type": "Polygon", "coordinates": [ [ [ 6.484396765599268, 62.483472401406416 ], [ 6.484482057102738, 62.483832994359872 ], [ 6.483824577997779, 62.48379612308667 ], [ 6.484396765599268, 62.483472401406416 ] ] ] } },
{ "type": "Feature", "properties": { }, "geometry": { "type": "Polygon", "coordinates": [ [ [ 6.484396765599268, 62.483472401406416 ], [ 6.484876740922931, 62.483759228889674 ], [ 6.484482057102738, 62.483832994359872 ], [ 6.484396765599268, 62.483472401406416 ] ] ] } },
{ "type": "Feature", "properties": { }, "geometry": { "type": "Polygon", "coordinates": [ [ [ 6.484396765599268, 62.483472401406416 ], [ 6.48585535957204, 62.483393480294708 ], [ 6.484876740922931, 62.483759228889674 ], [ 6.484396765599268, 62.483472401406416 ] ] ] } },
{ "type": "Feature", "properties": { }, "geometry": { "type": "Polygon", "coordinates": [ [ [ 6.48585535957204, 62.483393480294708 ], [ 6.485850132314853, 62.483722909503292 ], [ 6.484876740922931, 62.483759228889674 ], [ 6.48585535957204, 62.483393480294708 ] ] ] } },
{ "type": "Feature", "properties": { }, "geometry": { "type": "Polygon", "coordinates": [ [ [ 6.48585535957204, 62.483393480294708 ], [ 6.486222959658759, 62.483675620915477 ], [ 6.485850132314853, 62.483722909503292 ], [ 6.48585535957204, 62.483393480294708 ] ] ] } },
{ "type": "Feature", "properties": { }, "geometry": { "type": "Polygon", "coordinates": [ [ [ 6.48585535957204, 62.483393480294708 ], [ 6.486857254035125, 62.483306379471728 ], [ 6.486222959658759, 62.483675620915477 ], [ 6.48585535957204, 62.483393480294708 ] ] ] } },
{ "type": "Feature", "properties": { }, "geometry": { "type": "Polygon", "coordinates": [ [ [ 6.486857254035125, 62.483306379471728 ], [ 6.4875447572623, 62.483654637892215 ], [ 6.486222959658759, 62.483675620915477 ], [ 6.486857254035125, 62.483306379471728 ] ] ] } },
{ "type": "Feature", "properties": { }, "geometry": { "type": "Polygon", "coordinates": [ [ [ 6.487841744138302, 62.483209737985554 ], [ 6.488423664219618, 62.483589643224256 ], [ 6.4875447572623, 62.483654637892215 ], [ 6.487841744138302, 62.483209737985554 ] ] ] } },
{ "type": "Feature", "properties": { }, "geometry": { "type": "Polygon", "coordinates": [ [ [ 6.486857254035125, 62.483306379471728 ], [ 6.487841744138302, 62.483209737985554 ], [ 6.4875447572623, 62.483654637892215 ], [ 6.486857254035125, 62.483306379471728 ] ] ] } },
{ "type": "Feature", "properties": { }, "geometry": { "type": "Polygon", "coordinates": [ [ [ 6.487841744138302, 62.483209737985554 ], [ 6.489583667209443, 62.483378488254068 ], [ 6.488423664219618, 62.483589643224256 ], [ 6.487841744138302, 62.483209737985554 ] ] ] } },
{ "type": "Feature", "properties": { }, "geometry": { "type": "Polygon", "coordinates": [ [ [ 6.489128769539294, 62.482673478112673 ], [ 6.490138413991556, 62.483010919569402 ], [ 6.489583667209443, 62.483378488254068 ], [ 6.489128769539294, 62.482673478112673 ] ] ] } },
{ "type": "Feature", "properties": { }, "geometry": { "type": "Polygon", "coordinates": [ [ [ 6.490138413991556, 62.483010919569402 ], [ 6.490177210228644, 62.483279791204126 ], [ 6.489583667209443, 62.483378488254068 ], [ 6.490138413991556, 62.483010919569402 ] ] ] } },
{ "type": "Feature", "properties": { }, "geometry": { "type": "Polygon", "coordinates": [ [ [ 6.489128769539294, 62.482673478112673 ], [ 6.489583667209443, 62.483378488254068 ], [ 6.487841744138302, 62.483209737985554 ], [ 6.489128769539294, 62.482673478112673 ] ] ] } },
{ "type": "Feature", "properties": { }, "geometry": { "type": "Polygon", "coordinates": [ [ [ 6.490138413991556, 62.483010919569402 ], [ 6.490475151072363, 62.483230784584983 ], [ 6.490177210228644, 62.483279791204126 ], [ 6.490138413991556, 62.483010919569402 ] ] ] } },
{ "type": "Feature", "properties": { }, "geometry": { "type": "Polygon", "coordinates": [ [ [ 6.490793135113659, 62.482961395598316 ], [ 6.491524330548947, 62.483187426248222 ], [ 6.490475151072363, 62.483230784584983 ], [ 6.490793135113659, 62.482961395598316 ] ] ] } },
{ "type": "Feature", "properties": { }, "geometry": { "type": "Polygon", "coordinates": [ [ [ 6.490138413991556, 62.483010919569402 ], [ 6.490793135113659, 62.482961395598316 ], [ 6.490475151072363, 62.483230784584983 ], [ 6.490138413991556, 62.483010919569402 ] ] ] } },
{ "type": "Feature", "properties": { }, "geometry": { "type": "Polygon", "coordinates": [ [ [ 6.490793135113659, 62.482961395598316 ], [ 6.491448425634986, 62.482913513812058 ], [ 6.491524330548947, 62.483187426248222 ], [ 6.490793135113659, 62.482961395598316 ] ] ] } },
{ "type": "Feature", "properties": { }, "geometry": { "type": "Polygon", "coordinates": [ [ [ 6.491448425634986, 62.482913513812058 ], [ 6.491903425069008, 62.483068511611727 ], [ 6.491524330548947, 62.483187426248222 ], [ 6.491448425634986, 62.482913513812058 ] ] ] } },
{ "type": "Feature", "properties": { }, "geometry": { "type": "Polygon", "coordinates": [ [ [ 6.491448425634986, 62.482913513812058 ], [ 6.492011415550333, 62.482935664896978 ], [ 6.491903425069008, 62.483068511611727 ], [ 6.491448425634986, 62.482913513812058 ] ] ] } },
{ "type": "Feature", "properties": { }, "geometry": { "type": "Polygon", "coordinates": [ [ [ 6.491774798499214, 62.482680415316629 ], [ 6.492335290143811, 62.482779845790944 ], [ 6.492011415550333, 62.482935664896978 ], [ 6.491774798499214, 62.482680415316629 ] ] ] } },
{ "type": "Feature", "properties": { }, "geometry": { "type": "Polygon", "coordinates": [ [ [ 6.491774798499214, 62.482680415316629 ], [ 6.492011415550333, 62.482935664896978 ], [ 6.491448425634986, 62.482913513812058 ], [ 6.491774798499214, 62.482680415316629 ] ] ] } },
{ "type": "Feature", "properties": { }, "geometry": { "type": "Polygon", "coordinates": [ [ [ 6.492325401100042, 62.482462900197149 ], [ 6.492932165149379, 62.482602029304886 ], [ 6.492335290143811, 62.482779845790944 ], [ 6.492325401100042, 62.482462900197149 ] ] ] } },
{ "type": "Feature", "properties": { }, "geometry": { "type": "Polygon", "coordinates": [ [ [ 6.492325401100042, 62.482462900197149 ], [ 6.492335290143811, 62.482779845790944 ], [ 6.491774798499214, 62.482680415316629 ], [ 6.492325401100042, 62.482462900197149 ] ] ] } },
{ "type": "Feature", "properties": { }, "geometry": { "type": "Polygon", "coordinates": [ [ [ 6.493187487869733, 62.482344917298001 ], [ 6.492932165149379, 62.482602029304886 ], [ 6.492325401100042, 62.482462900197149 ], [ 6.493187487869733, 62.482344917298001 ] ] ] } },
{ "type": "Feature", "properties": { }, "geometry": { "type": "Polygon", "coordinates": [ [ [ 6.493187487869733, 62.482344917298001 ], [ 6.493260166863719, 62.482625864623429 ], [ 6.492932165149379, 62.482602029304886 ], [ 6.493187487869733, 62.482344917298001 ] ] ] } },
{ "type": "Feature", "properties": { }, "geometry": { "type": "Polygon", "coordinates": [ [ [ 6.493187487869733, 62.482344917298001 ], [ 6.493756185271366, 62.482561304992565 ], [ 6.493260166863719, 62.482625864623429 ], [ 6.493187487869733, 62.482344917298001 ] ] ] } },
{ "type": "Feature", "properties": { }, "geometry": { "type": "Polygon", "coordinates": [ [ [ 6.493260166863719, 62.482625864623429 ], [ 6.493756185271366, 62.482561304992565 ], [ 6.493406181595221, 62.482736271069705 ], [ 6.493260166863719, 62.482625864623429 ] ] ] } },
{ "type": "Feature", "properties": { }, "geometry": { "type": "Polygon", "coordinates": [ [ [ 6.493756185271366, 62.482561304992565 ], [ 6.494144184289621, 62.482731518493026 ], [ 6.493406181595221, 62.482736271069705 ], [ 6.493756185271366, 62.482561304992565 ] ] ] } },
{ "type": "Feature", "properties": { }, "geometry": { "type": "Polygon", "coordinates": [ [ [ 6.494602334997216, 62.482328170649161 ], [ 6.494144184289621, 62.482731518493026 ], [ 6.493756185271366, 62.482561304992565 ], [ 6.494602334997216, 62.482328170649161 ] ] ] } },
{ "type": "Feature", "properties": { }, "geometry": { "type": "Polygon", "coordinates": [ [ [ 6.494602334997216, 62.482328170649161 ], [ 6.494815928912899, 62.482824411755352 ], [ 6.494144184289621, 62.482731518493026 ], [ 6.494602334997216, 62.482328170649161 ] ] ] } },
{ "type": "Feature", "properties": { }, "geometry": { "type": "Polygon", "coordinates": [ [ [ 6.495317857957516, 62.482640719644415 ], [ 6.49540835463503, 62.482933843682254 ], [ 6.494815928912899, 62.482824411755352 ], [ 6.495317857957516, 62.482640719644415 ] ] ] } },
{ "type": "Feature", "properties": { }, "geometry": { "type": "Polygon", "coordinates": [ [ [ 6.494602334997216, 62.482328170649161 ], [ 6.495317857957516, 62.482640719644415 ], [ 6.494815928912899, 62.482824411755352 ], [ 6.494602334997216, 62.482328170649161 ] ] ] } },
{ "type": "Feature", "properties": { }, "geometry": { "type": "Polygon", "coordinates": [ [ [ 6.495317857957516, 62.482640719644415 ], [ 6.495913517263033, 62.482748975561876 ], [ 6.49540835463503, 62.482933843682254 ], [ 6.495317857957516, 62.482640719644415 ] ] ] } },
{ "type": "Feature", "properties": { }, "geometry": { "type": "Polygon", "coordinates": [ [ [ 6.495913517263033, 62.482748975561876 ], [ 6.495691591298288, 62.483028728662326 ], [ 6.49540835463503, 62.482933843682254 ], [ 6.495913517263033, 62.482748975561876 ] ] ] } },
{ "type": "Feature", "properties": { }, "geometry": { "type": "Polygon", "coordinates": [ [ [ 6.495913517263033, 62.482748975561876 ], [ 6.49627234850724, 62.483048100913066 ], [ 6.495691591298288, 62.483028728662326 ], [ 6.495913517263033, 62.482748975561876 ] ] ] } },
{ "type": "Feature", "properties": { }, "geometry": { "type": "Polygon", "coordinates": [ [ [ 6.495913517263033, 62.482748975561876 ], [ 6.497121834302221, 62.482693734015207 ], [ 6.49627234850724, 62.483048100913066 ], [ 6.495913517263033, 62.482748975561876 ] ] ] } },
{ "type": "Feature", "properties": { }, "geometry": { "type": "Polygon", "coordinates": [ [ [ 6.497121834302221, 62.482693734015207 ], [ 6.496846785860227, 62.483139259282964 ], [ 6.49627234850724, 62.483048100913066 ], [ 6.497121834302221, 62.482693734015207 ] ] ] } },
{ "type": "Feature", "properties": { }, "geometry": { "type": "Polygon", "coordinates": [ [ [ 6.497121834302221, 62.482693734015207 ], [ 6.497390489880653, 62.483140093574249 ], [ 6.496846785860227, 62.483139259282964 ], [ 6.497121834302221, 62.482693734015207 ] ] ] } },
{ "type": "Feature", "properties": { }, "geometry": { "type": "Polygon", "coordinates": [ [ [ 6.497121834302221, 62.482693734015207 ], [ 6.498202890776625, 62.482894681137473 ], [ 6.497390489880653, 62.483140093574249 ], [ 6.497121834302221, 62.482693734015207 ] ] ] } },
{ "type": "Feature", "properties": { }, "geometry": { "type": "Polygon", "coordinates": [ [ [ 6.498202890776625, 62.482894681137473 ], [ 6.498111185441587, 62.483341572240612 ], [ 6.497390489880653, 62.483140093574249 ], [ 6.498202890776625, 62.482894681137473 ] ] ] } },
{ "type": "Feature", "properties": { }, "geometry": { "type": "Polygon", "coordinates": [ [ [ 6.498202890776625, 62.482894681137473 ], [ 6.499226289170026, 62.483354153956121 ], [ 6.498111185441587, 62.483341572240612 ], [ 6.498202890776625, 62.482894681137473 ] ] ] } },
{ "type": "Feature", "properties": { }, "geometry": { "type": "Polygon", "coordinates": [ [ [ 6.498111185441587, 62.483341572240612 ], [ 6.499226289170026, 62.483354153956121 ], [ 6.499463204680464, 62.483653129380954 ], [ 6.498111185441587, 62.483341572240612 ] ] ] } },
{ "type": "Feature", "properties": { }, "geometry": { "type": "Polygon", "coordinates": [ [ [ 6.499226289170026, 62.483354153956121 ], [ 6.499765948279237, 62.483551788542584 ], [ 6.499463204680464, 62.483653129380954 ], [ 6.499226289170026, 62.483354153956121 ] ] ] } },
{ "type": "Feature", "properties": { }, "geometry": { "type": "Polygon", "coordinates": [ [ [ 6.499765948279237, 62.483551788542584 ], [ 6.499822076182112, 62.483727669675886 ], [ 6.499463204680464, 62.483653129380954 ], [ 6.499765948279237, 62.483551788542584 ] ] ] } },
{ "type": "Feature", "properties": { }, "geometry": { "type": "Polygon", "coordinates": [ [ [ 6.500019540877031, 62.483822344393786 ], [ 6.500011504065072, 62.483833545526487 ], [ 6.500000037934429, 62.483829951723337 ], [ 6.500019540877031, 62.483822344393786 ] ] ] } },
{ "type": "Feature", "properties": { }, "geometry": { "type": "Polygon", "coordinates": [ [ [ 6.499980641468125, 62.483810152232337 ], [ 6.500019540877031, 62.483822344393786 ], [ 6.500000037934429, 62.483829951723337 ], [ 6.499980641468125, 62.483810152232337 ] ] ] } },
{ "type": "Feature", "properties": { }, "geometry": { "type": "Polygon", "coordinates": [ [ [ 6.500019540877031, 62.483822344393786 ], [ 6.500058440317821, 62.483834536544499 ], [ 6.500011504065072, 62.483833545526487 ], [ 6.500019540877031, 62.483822344393786 ] ] ] } },
{ "type": "Feature", "properties": { }, "geometry": { "type": "Polygon", "coordinates": [ [ [ 6.500145226999734, 62.483828049712585 ], [ 6.500461279565738, 62.483836948408005 ], [ 6.500587358652946, 62.483906888193033 ], [ 6.500145226999734, 62.483828049712585 ] ] ] } },
{ "type": "Feature", "properties": { }, "geometry": { "type": "Polygon", "coordinates": [ [ [ 6.500792297140879, 62.483768511310977 ], [ 6.500587358652946, 62.483906888193033 ], [ 6.500461279565738, 62.483836948408005 ], [ 6.500792297140879, 62.483768511310977 ] ] ] } },
{ "type": "Feature", "properties": { }, "geometry": { "type": "Polygon", "coordinates": [ [ [ 6.500792297140879, 62.483768511310977 ], [ 6.501065102983322, 62.483996253808613 ], [ 6.500587358652946, 62.483906888193033 ], [ 6.500792297140879, 62.483768511310977 ] ] ] } },
{ "type": "Feature", "properties": { }, "geometry": { "type": "Polygon", "coordinates": [ [ [ 6.500792297140879, 62.483768511310977 ], [ 6.50179749320449, 62.483683693803428 ], [ 6.501065102983322, 62.483996253808613 ], [ 6.500792297140879, 62.483768511310977 ] ] ] } },
{ "type": "Feature", "properties": { }, "geometry": { "type": "Polygon", "coordinates": [ [ [ 6.50179749320449, 62.483683693803428 ], [ 6.502466503071504, 62.483949476525929 ], [ 6.501065102983322, 62.483996253808613 ], [ 6.50179749320449, 62.483683693803428 ] ] ] } },
{ "type": "Feature", "properties": { }, "geometry": { "type": "Polygon", "coordinates": [ [ [ 6.50179749320449, 62.483683693803428 ], [ 6.502668076639932, 62.483748566111323 ], [ 6.502466503071504, 62.483949476525929 ], [ 6.50179749320449, 62.483683693803428 ] ] ] } },
{ "type": "Feature", "properties": { }, "geometry": { "type": "Polygon", "coordinates": [ [ [ 6.502668076639932, 62.483748566111323 ], [ 6.503054812645621, 62.483879130505422 ], [ 6.502466503071504, 62.483949476525929 ], [ 6.502668076639932, 62.483748566111323 ] ] ] } },
{ "type": "Feature", "properties": { }, "geometry": { "type": "Polygon", "coordinates": [ [ [ 6.502668076639932, 62.483748566111323 ], [ 6.503121184608857, 62.483677048722349 ], [ 6.503054812645621, 62.483879130505422 ], [ 6.502668076639932, 62.483748566111323 ] ] ] } },
{ "type": "Feature", "properties": { }, "geometry": { "type": "Polygon", "coordinates": [ [ [ 6.503121184608857, 62.483677048722349 ], [ 6.50344842242929, 62.483814371827577 ], [ 6.503054812645621, 62.483879130505422 ], [ 6.503121184608857, 62.483677048722349 ] ] ] } },
{ "type": "Feature", "properties": { }, "geometry": { "type": "Polygon", "coordinates": [ [ [ 6.503363779194244, 62.483506221075245 ], [ 6.50344842242929, 62.483814371827577 ], [ 6.503121184608857, 62.483677048722349 ], [ 6.503363779194244, 62.483506221075245 ] ] ] } },
{ "type": "Feature", "properties": { }, "geometry": { "type": "Polygon", "coordinates": [ [ [ 6.503363779194244, 62.483506221075245 ], [ 6.503783973361603, 62.483748492280625 ], [ 6.50344842242929, 62.483814371827577 ], [ 6.503363779194244, 62.483506221075245 ] ] ] } },
{ "type": "Feature", "properties": { }, "geometry": { "type": "Polygon", "coordinates": [ [ [ 6.503363779194244, 62.483506221075245 ], [ 6.504132916209868, 62.483521286339915 ], [ 6.503783973361603, 62.483748492280625 ], [ 6.503363779194244, 62.483506221075245 ] ] ] } },
{ "type": "Feature", "properties": { }, "geometry": { "type": "Polygon", "coordinates": [ [ [ 6.503563200789428, 62.482931361045388 ], [ 6.504132916209868, 62.483521286339915 ], [ 6.503363779194244, 62.483506221075245 ], [ 6.503563200789428, 62.482931361045388 ] ] ] } },
{ "type": "Feature", "properties": { }, "geometry": { "type": "Polygon", "coordinates": [ [ [ 6.503563200789428, 62.482931361045388 ], [ 6.504559546835641, 62.482828391082904 ], [ 6.504132916209868, 62.483521286339915 ], [ 6.503563200789428, 62.482931361045388 ] ] ] } },
{ "type": "Feature", "properties": { }, "geometry": { "type": "Polygon", "coordinates": [ [ [ 6.504296411236155, 62.482602685787604 ], [ 6.504559546835641, 62.482828391082904 ], [ 6.503563200789428, 62.482931361045388 ], [ 6.504296411236155, 62.482602685787604 ] ] ] } },
{ "type": "Feature", "properties": { }, "geometry": { "type": "Polygon", "coordinates": [ [ [ 6.504296411236155, 62.482602685787604 ], [ 6.504848190340263, 62.482626936500886 ], [ 6.504559546835641, 62.482828391082904 ], [ 6.504296411236155, 62.482602685787604 ] ] ] } },
{ "type": "Feature", "properties": { }, "geometry": { "type": "Polygon", "coordinates": [ [ [ 6.504538888059734, 62.482372080582124 ], [ 6.504848190340263, 62.482626936500886 ], [ 6.504296411236155, 62.482602685787604 ], [ 6.504538888059734, 62.482372080582124 ] ] ] } },
{ "type": "Feature", "properties": { }, "geometry": { "type": "Polygon", "coordinates": [ [ [ 6.504538888059734, 62.482372080582124 ], [ 6.505090426966509, 62.482514595412404 ], [ 6.504848190340263, 62.482626936500886 ], [ 6.504538888059734, 62.482372080582124 ] ] ] } },
{ "type": "Feature", "properties": { }, "geometry": { "type": "Polygon", "coordinates": [ [ [ 6.505569764796062, 62.482202796288796 ], [ 6.505090426966509, 62.482514595412404 ], [ 6.504538888059734, 62.482372080582124 ], [ 6.505569764796062, 62.482202796288796 ] ] ] } },
{ "type": "Feature", "properties": { }, "geometry": { "type": "Polygon", "coordinates": [ [ [ 6.505569764796062, 62.482202796288796 ], [ 6.505929244588621, 62.482466547460305 ], [ 6.505090426966509, 62.482514595412404 ], [ 6.505569764796062, 62.482202796288796 ] ] ] } },
{ "type": "Feature", "properties": { }, "geometry": { "type": "Polygon", "coordinates": [ [ [ 6.505569764796062, 62.482202796288796 ], [ 6.506215381321604, 62.482292217255505 ], [ 6.505929244588621, 62.482466547460305 ], [ 6.505569764796062, 62.482202796288796 ] ] ] } },
{ "type": "Feature", "properties": { }, "geometry": { "type": "Polygon", "coordinates": [ [ [ 6.506108737099978, 62.482015606009732 ], [ 6.506215381321604, 62.482292217255505 ], [ 6.505569764796062, 62.482202796288796 ], [ 6.506108737099978, 62.482015606009732 ] ] ] } },
{ "type": "Feature", "properties": { }, "geometry": { "type": "Polygon", "coordinates": [ [ [ 6.506108737099978, 62.482015606009732 ], [ 6.50651205293329, 62.482225665890461 ], [ 6.506215381321604, 62.482292217255505 ], [ 6.506108737099978, 62.482015606009732 ] ] ] } },
{ "type": "Feature", "properties": { }, "geometry": { "type": "Polygon", "coordinates": [ [ [ 6.506108737099978, 62.482015606009732 ], [ 6.506851241312857, 62.482114927306093 ], [ 6.50651205293329, 62.482225665890461 ], [ 6.506108737099978, 62.482015606009732 ] ] ] } },
{ "type": "Feature", "properties": { }, "geometry": { "type": "Polygon", "coordinates": [ [ [ 6.50751639235034, 62.481859804043296 ], [ 6.507856912973419, 62.482159836362698 ], [ 6.506851241312857, 62.482114927306093 ], [ 6.50751639235034, 62.481859804043296 ] ] ] } },
{ "type": "Feature", "properties": { }, "geometry": { "type": "Polygon", "coordinates": [ [ [ 6.506698068647793, 62.481716239433872 ], [ 6.506851241312857, 62.482114927306093 ], [ 6.506108737099978, 62.482015606009732 ], [ 6.506698068647793, 62.481716239433872 ] ] ] } },
{ "type": "Feature", "properties": { }, "geometry": { "type": "Polygon", "coordinates": [ [ [ 6.506698068647793, 62.481716239433872 ], [ 6.50751639235034, 62.481859804043296 ], [ 6.506851241312857, 62.482114927306093 ], [ 6.506698068647793, 62.481716239433872 ] ] ] } },
{ "type": "Feature", "properties": { }, "geometry": { "type": "Polygon", "coordinates": [ [ [ 6.508153473541528, 62.481692617654474 ], [ 6.50889024172012, 62.481928634293617 ], [ 6.507856912973419, 62.482159836362698 ], [ 6.508153473541528, 62.481692617654474 ] ] ] } },
{ "type": "Feature", "properties": { }, "geometry": { "type": "Polygon", "coordinates": [ [ [ 6.50889024172012, 62.481928634293617 ], [ 6.508387638210375, 62.482313035597279 ], [ 6.507856912973419, 62.482159836362698 ], [ 6.50889024172012, 62.481928634293617 ] ] ] } },
{ "type": "Feature", "properties": { }, "geometry": { "type": "Polygon", "coordinates": [ [ [ 6.50751639235034, 62.481859804043296 ], [ 6.508153473541528, 62.481692617654474 ], [ 6.507856912973419, 62.482159836362698 ], [ 6.50751639235034, 62.481859804043296 ] ] ] } },
{ "type": "Feature", "properties": { }, "geometry": { "type": "Polygon", "coordinates": [ [ [ 6.50889024172012, 62.481928634293617 ], [ 6.509225963862685, 62.482498625846127 ], [ 6.508387638210375, 62.482313035597279 ], [ 6.50889024172012, 62.481928634293617 ] ] ] } },
{ "type": "Feature", "properties": { }, "geometry": { "type": "Polygon", "coordinates": [ [ [ 6.50889024172012, 62.481928634293617 ], [ 6.509565832189548, 62.481903772357683 ], [ 6.509225963862685, 62.482498625846127 ], [ 6.50889024172012, 62.481928634293617 ] ] ] } },
{ "type": "Feature", "properties": { }, "geometry": { "type": "Polygon", "coordinates": [ [ [ 6.509565832189548, 62.481903772357683 ], [ 6.510292227156263, 62.482050676228084 ], [ 6.509225963862685, 62.482498625846127 ], [ 6.509565832189548, 62.481903772357683 ] ] ] } },
{ "type": "Feature", "properties": { }, "geometry": { "type": "Polygon", "coordinates": [ [ [ 6.510292227156263, 62.482050676228084 ], [ 6.510092419142063, 62.482585936601794 ], [ 6.509225963862685, 62.482498625846127 ], [ 6.510292227156263, 62.482050676228084 ] ] ] } },
{ "type": "Feature", "properties": { }, "geometry": { "type": "Polygon", "coordinates": [ [ [ 6.510292227156263, 62.482050676228084 ], [ 6.511004831124165, 62.482584279689767 ], [ 6.510092419142063, 62.482585936601794 ], [ 6.510292227156263, 62.482050676228084 ] ] ] } },
{ "type": "Feature", "properties": { }, "geometry": { "type": "Polygon", "coordinates": [ [ [ 6.510292227156263, 62.482050676228084 ], [ 6.511062978908616, 62.482118298646029 ], [ 6.511004831124165, 62.482584279689767 ], [ 6.510292227156263, 62.482050676228084 ] ] ] } },
{ "type": "Feature", "properties": { }, "geometry": { "type": "Polygon", "coordinates": [ [ [ 6.511062978908616, 62.482118298646029 ], [ 6.511474894455244, 62.482363069050578 ], [ 6.511004831124165, 62.482584279689767 ], [ 6.511062978908616, 62.482118298646029 ] ] ] } },
{ "type": "Feature", "properties": { }, "geometry": { "type": "Polygon", "coordinates": [ [ [ 6.511474894455244, 62.482363069050578 ], [ 6.511443923324762, 62.482672958015449 ], [ 6.511004831124165, 62.482584279689767 ], [ 6.511474894455244, 62.482363069050578 ] ] ] } },
{ "type": "Feature", "properties": { }, "geometry": { "type": "Polygon", "coordinates": [ [ [ 6.511474894455244, 62.482363069050578 ], [ 6.51202351783701, 62.482701135573613 ], [ 6.511443923324762, 62.482672958015449 ], [ 6.511474894455244, 62.482363069050578 ] ] ] } },
{ "type": "Feature", "properties": { }, "geometry": { "type": "Polygon", "coordinates": [ [ [ 6.512466548455456, 62.482403790488497 ], [ 6.51252330040105, 62.482763988500572 ], [ 6.51202351783701, 62.482701135573613 ], [ 6.512466548455456, 62.482403790488497 ] ] ] } },
{ "type": "Feature", "properties": { }, "geometry": { "type": "Polygon", "coordinates": [ [ [ 6.511474894455244, 62.482363069050578 ], [ 6.512466548455456, 62.482403790488497 ], [ 6.51202351783701, 62.482701135573613 ], [ 6.511474894455244, 62.482363069050578 ] ] ] } },
{ "type": "Feature", "properties": { }, "geometry": { "type": "Polygon", "coordinates": [ [ [ 6.512466548455456, 62.482403790488497 ], [ 6.512996757128842, 62.482668839092078 ], [ 6.51252330040105, 62.482763988500572 ], [ 6.512466548455456, 62.482403790488497 ] ] ] } },
{ "type": "Feature", "properties": { }, "geometry": { "type": "Polygon", "coordinates": [ [ [ 6.513920175119847, 62.482702000133294 ], [ 6.514307061795289, 62.482786847456865 ], [ 6.51252330040105, 62.482763988500572 ], [ 6.513920175119847, 62.482702000133294 ] ] ] } },
{ "type": "Feature", "properties": { }, "geometry": { "type": "Polygon", "coordinates": [ [ [ 6.514265399536468, 62.482588459427404 ], [ 6.514463349544651, 62.482679690705488 ], [ 6.514307061795289, 62.482786847456865 ], [ 6.514265399536468, 62.482588459427404 ] ] ] } },
{ "type": "Feature", "properties": { }, "geometry": { "type": "Polygon", "coordinates": [ [ [ 6.514463349544651, 62.482679690705488 ], [ 6.514613997313708, 62.482811328866305 ], [ 6.514307061795289, 62.482786847456865 ], [ 6.514463349544651, 62.482679690705488 ] ] ] } },
{ "type": "Feature", "properties": { }, "geometry": { "type": "Polygon", "coordinates": [ [ [ 6.514265399536468, 62.482588459427404 ], [ 6.514307061795289, 62.482786847456865 ], [ 6.513920175119847, 62.482702000133294 ], [ 6.514265399536468, 62.482588459427404 ] ] ] } },
{ "type": "Feature", "properties": { }, "geometry": { "type": "Polygon", "coordinates": [ [ [ 6.514463349544651, 62.482679690705488 ], [ 6.514844114456923, 62.482634727768428 ], [ 6.514613997313708, 62.482811328866305 ], [ 6.514463349544651, 62.482679690705488 ] ] ] } },
{ "type": "Feature", "properties": { }, "geometry": { "type": "Polygon", "coordinates": [ [ [ 6.514844114456923, 62.482634727768428 ], [ 6.514885639527627, 62.482832926388909 ], [ 6.514613997313708, 62.482811328866305 ], [ 6.514844114456923, 62.482634727768428 ] ] ] } },
{ "type": "Feature", "properties": { }, "geometry": { "type": "Polygon", "coordinates": [ [ [ 6.515187948706151, 62.482694708518309 ], [ 6.515178431905423, 62.482811284981288 ], [ 6.514885639527627, 62.482832926388909 ], [ 6.515187948706151, 62.482694708518309 ] ] ] } },
{ "type": "Feature", "properties": { }, "geometry": { "type": "Polygon", "coordinates": [ [ [ 6.514844114456923, 62.482634727768428 ], [ 6.515187948706151, 62.482694708518309 ], [ 6.514885639527627, 62.482832926388909 ], [ 6.514844114456923, 62.482634727768428 ] ] ] } },
{ "type": "Feature", "properties": { }, "geometry": { "type": "Polygon", "coordinates": [ [ [ 6.514265399536468, 62.482588459427404 ], [ 6.514844114456923, 62.482634727768428 ], [ 6.514463349544651, 62.482679690705488 ], [ 6.514265399536468, 62.482588459427404 ] ] ] } },
{ "type": "Feature", "properties": { }, "geometry": { "type": "Polygon", "coordinates": [ [ [ 6.513919498459458, 62.482595346577675 ], [ 6.514265399536468, 62.482588459427404 ], [ 6.513920175119847, 62.482702000133294 ], [ 6.513919498459458, 62.482595346577675 ] ] ] } },
{ "type": "Feature", "properties": { }, "geometry": { "type": "Polygon", "coordinates": [ [ [ 6.513865725881222, 62.482491635052675 ], [ 6.514265399536468, 62.482588459427404 ], [ 6.513919498459458, 62.482595346577675 ], [ 6.513865725881222, 62.482491635052675 ] ] ] } },
{ "type": "Feature", "properties": { }, "geometry": { "type": "Polygon", "coordinates": [ [ [ 6.513865725881222, 62.482491635052675 ], [ 6.513919498459458, 62.482595346577675 ], [ 6.513681239613724, 62.482566951847971 ], [ 6.513865725881222, 62.482491635052675 ] ] ] } },
{ "type": "Feature", "properties": { }, "geometry": { "type": "Polygon", "coordinates": [ [ [ 6.513682624540865, 62.482377233880413 ], [ 6.513865725881222, 62.482491635052675 ], [ 6.513681239613724, 62.482566951847971 ], [ 6.513682624540865, 62.482377233880413 ] ] ] } },
{ "type": "Feature", "properties": { }, "geometry": { "type": "Polygon", "coordinates": [ [ [ 6.513682624540865, 62.482377233880413 ], [ 6.513967939041024, 62.482430506098623 ], [ 6.513865725881222, 62.482491635052675 ], [ 6.513682624540865, 62.482377233880413 ] ] ] } },
{ "type": "Feature", "properties": { }, "geometry": { "type": "Polygon", "coordinates": [ [ [ 6.514008028015022, 62.482194339563456 ], [ 6.514361508010803, 62.482365715817068 ], [ 6.513967939041024, 62.482430506098623 ], [ 6.514008028015022, 62.482194339563456 ] ] ] } },
{ "type": "Feature", "properties": { }, "geometry": { "type": "Polygon", "coordinates": [ [ [ 6.514008028015022, 62.482194339563456 ], [ 6.513967939041024, 62.482430506098623 ], [ 6.513682624540865, 62.482377233880413 ], [ 6.514008028015022, 62.482194339563456 ] ] ] } },
{ "type": "Feature", "properties": { }, "geometry": { "type": "Polygon", "coordinates": [ [ [ 6.514598500331296, 62.482215072457386 ], [ 6.514929872300505, 62.482210272615674 ], [ 6.514361508010803, 62.482365715817068 ], [ 6.514598500331296, 62.482215072457386 ] ] ] } },
{ "type": "Feature", "properties": { }, "geometry": { "type": "Polygon", "coordinates": [ [ [ 6.514929872300505, 62.482210272615674 ], [ 6.51522394388129, 62.48249782291127 ], [ 6.514361508010803, 62.482365715817068 ], [ 6.514929872300505, 62.482210272615674 ] ] ] } },
{ "type": "Feature", "properties": { }, "geometry": { "type": "Polygon", "coordinates": [ [ [ 6.514008028015022, 62.482194339563456 ], [ 6.514598500331296, 62.482215072457386 ], [ 6.514361508010803, 62.482365715817068 ], [ 6.514008028015022, 62.482194339563456 ] ] ] } },
{ "type": "Feature", "properties": { }, "geometry": { "type": "Polygon", "coordinates": [ [ [ 6.515296498842212, 62.482251218525022 ], [ 6.515602858210522, 62.482353000399364 ], [ 6.51522394388129, 62.48249782291127 ], [ 6.515296498842212, 62.482251218525022 ] ] ] } },
{ "type": "Feature", "properties": { }, "geometry": { "type": "Polygon", "coordinates": [ [ [ 6.515602858210522, 62.482353000399364 ], [ 6.515806115433343, 62.482499223817165 ], [ 6.51522394388129, 62.48249782291127 ], [ 6.515602858210522, 62.482353000399364 ] ] ] } },
{ "type": "Feature", "properties": { }, "geometry": { "type": "Polygon", "coordinates": [ [ [ 6.514929872300505, 62.482210272615674 ], [ 6.515296498842212, 62.482251218525022 ], [ 6.51522394388129, 62.48249782291127 ], [ 6.514929872300505, 62.482210272615674 ] ] ] } },
{ "type": "Feature", "properties": { }, "geometry": { "type": "Polygon", "coordinates": [ [ [ 6.516028872660862, 62.482388985255646 ], [ 6.51605526128182, 62.482539405193613 ], [ 6.515806115433343, 62.482499223817165 ], [ 6.516028872660862, 62.482388985255646 ] ] ] } },
{ "type": "Feature", "properties": { }, "geometry": { "type": "Polygon", "coordinates": [ [ [ 6.515602858210522, 62.482353000399364 ], [ 6.516028872660862, 62.482388985255646 ], [ 6.515806115433343, 62.482499223817165 ], [ 6.515602858210522, 62.482353000399364 ] ] ] } },
{ "type": "Feature", "properties": { }, "geometry": { "type": "Polygon", "coordinates": [ [ [ 6.516028872660862, 62.482388985255646 ], [ 6.516412703164715, 62.482540868525135 ], [ 6.51605526128182, 62.482539405193613 ], [ 6.516028872660862, 62.482388985255646 ] ] ] } },
{ "type": "Feature", "properties": { }, "geometry": { "type": "Polygon", "coordinates": [ [ [ 6.516028872660862, 62.482388985255646 ], [ 6.516557785891125, 62.48230938317738 ], [ 6.516412703164715, 62.482540868525135 ], [ 6.516028872660862, 62.482388985255646 ] ] ] } },
{ "type": "Feature", "properties": { }, "geometry": { "type": "Polygon", "coordinates": [ [ [ 6.516557785891125, 62.48230938317738 ], [ 6.516695515081915, 62.48254182818058 ], [ 6.516412703164715, 62.482540868525135 ], [ 6.516557785891125, 62.48230938317738 ] ] ] } },
{ "type": "Feature", "properties": { }, "geometry": { "type": "Polygon", "coordinates": [ [ [ 6.516557785891125, 62.48230938317738 ], [ 6.517408959433903, 62.482366079157195 ], [ 6.516695515081915, 62.48254182818058 ], [ 6.516557785891125, 62.48230938317738 ] ] ] } },
{ "type": "Feature", "properties": { }, "geometry": { "type": "Polygon", "coordinates": [ [ [ 6.517408959433903, 62.482366079157195 ], [ 6.517556110853443, 62.482458459605134 ], [ 6.516695515081915, 62.48254182818058 ], [ 6.517408959433903, 62.482366079157195 ] ] ] } },
{ "type": "Feature", "properties": { }, "geometry": { "type": "Polygon", "coordinates": [ [ [ 6.51567721247206, 62.482182583161887 ], [ 6.515904671926761, 62.482249439979611 ], [ 6.515602858210522, 62.482353000399364 ], [ 6.51567721247206, 62.482182583161887 ] ] ] } },
{ "type": "Feature", "properties": { }, "geometry": { "type": "Polygon", "coordinates": [ [ [ 6.515904671926761, 62.482249439979611 ], [ 6.516557785891125, 62.48230938317738 ], [ 6.516028872660862, 62.482388985255646 ], [ 6.515904671926761, 62.482249439979611 ] ] ] } },
{ "type": "Feature", "properties": { }, "geometry": { "type": "Polygon", "coordinates": [ [ [ 6.515904671926761, 62.482249439979611 ], [ 6.516028872660862, 62.482388985255646 ], [ 6.515602858210522, 62.482353000399364 ], [ 6.515904671926761, 62.482249439979611 ] ] ] } },
{ "type": "Feature", "properties": { }, "geometry": { "type": "Polygon", "coordinates": [ [ [ 6.515296498842212, 62.482251218525022 ], [ 6.51567721247206, 62.482182583161887 ], [ 6.515602858210522, 62.482353000399364 ], [ 6.515296498842212, 62.482251218525022 ] ] ] } },
{ "type": "Feature", "properties": { }, "geometry": { "type": "Polygon", "coordinates": [ [ [ 6.515141394379182, 62.482092152602135 ], [ 6.51567721247206, 62.482182583161887 ], [ 6.515296498842212, 62.482251218525022 ], [ 6.515141394379182, 62.482092152602135 ] ] ] } },
{ "type": "Feature", "properties": { }, "geometry": { "type": "Polygon", "coordinates": [ [ [ 6.515032533119222, 62.482000396898634 ], [ 6.515141394379182, 62.482092152602135 ], [ 6.514832943267562, 62.482063577895637 ], [ 6.515032533119222, 62.482000396898634 ] ] ] } },
{ "type": "Feature", "properties": { }, "geometry": { "type": "Polygon", "coordinates": [ [ [ 6.515141394379182, 62.482092152602135 ], [ 6.515296498842212, 62.482251218525022 ], [ 6.514929872300505, 62.482210272615674 ], [ 6.515141394379182, 62.482092152602135 ] ] ] } },
{ "type": "Feature", "properties": { }, "geometry": { "type": "Polygon", "coordinates": [ [ [ 6.514832943267562, 62.482063577895637 ], [ 6.515141394379182, 62.482092152602135 ], [ 6.514929872300505, 62.482210272615674 ], [ 6.514832943267562, 62.482063577895637 ] ] ] } },
{ "type": "Feature", "properties": { }, "geometry": { "type": "Polygon", "coordinates": [ [ [ 6.514744779602702, 62.481959385522508 ], [ 6.515032533119222, 62.482000396898634 ], [ 6.514832943267562, 62.482063577895637 ], [ 6.514744779602702, 62.481959385522508 ] ] ] } },
{ "type": "Feature", "properties": { }, "geometry": { "type": "Polygon", "coordinates": [ [ [ 6.514744779602702, 62.481959385522508 ], [ 6.514832943267562, 62.482063577895637 ], [ 6.514603118726474, 62.482028758957355 ], [ 6.514744779602702, 62.481959385522508 ] ] ] } },
{ "type": "Feature", "properties": { }, "geometry": { "type": "Polygon", "coordinates": [ [ [ 6.514603118726474, 62.482028758957355 ], [ 6.514832943267562, 62.482063577895637 ], [ 6.514598500331296, 62.482215072457386 ], [ 6.514603118726474, 62.482028758957355 ] ] ] } },
{ "type": "Feature", "properties": { }, "geometry": { "type": "Polygon", "coordinates": [ [ [ 6.514603118726474, 62.482028758957355 ], [ 6.514598500331296, 62.482215072457386 ], [ 6.514008028015022, 62.482194339563456 ], [ 6.514603118726474, 62.482028758957355 ] ] ] } },
{ "type": "Feature", "properties": { }, "geometry": { "type": "Polygon", "coordinates": [ [ [ 6.514603118726474, 62.482028758957355 ], [ 6.514008028015022, 62.482194339563456 ], [ 6.513489379522485, 62.482116663206583 ], [ 6.514603118726474, 62.482028758957355 ] ] ] } },
{ "type": "Feature", "properties": { }, "geometry": { "type": "Polygon", "coordinates": [ [ [ 6.513489379522485, 62.482116663206583 ], [ 6.514008028015022, 62.482194339563456 ], [ 6.513682624540865, 62.482377233880413 ], [ 6.513489379522485, 62.482116663206583 ] ] ] } },
{ "type": "Feature", "properties": { }, "geometry": { "type": "Polygon", "coordinates": [ [ [ 6.513489379522485, 62.482116663206583 ], [ 6.513682624540865, 62.482377233880413 ], [ 6.513287436001873, 62.482471475809845 ], [ 6.513489379522485, 62.482116663206583 ] ] ] } },
{ "type": "Feature", "properties": { }, "geometry": { "type": "Polygon", "coordinates": [ [ [ 6.513489379522485, 62.482116663206583 ], [ 6.513287436001873, 62.482471475809845 ], [ 6.512466548455456, 62.482403790488497 ], [ 6.513489379522485, 62.482116663206583 ] ] ] } },
{ "type": "Feature", "properties": { }, "geometry": { "type": "Polygon", "coordinates": [ [ [ 6.511062978908616, 62.482118298646029 ], [ 6.512466548455456, 62.482403790488497 ], [ 6.511474894455244, 62.482363069050578 ], [ 6.511062978908616, 62.482118298646029 ] ] ] } },
{ "type": "Feature", "properties": { }, "geometry": { "type": "Polygon", "coordinates": [ [ [ 6.508641563834352, 62.481366420440096 ], [ 6.509081878812582, 62.48143635209739 ], [ 6.508938009809894, 62.481532503756718 ], [ 6.508641563834352, 62.481366420440096 ] ] ] } },
{ "type": "Feature", "properties": { }, "geometry": { "type": "Polygon", "coordinates": [ [ [ 6.508938009809894, 62.481532503756718 ], [ 6.509565832189548, 62.481903772357683 ], [ 6.50889024172012, 62.481928634293617 ], [ 6.508938009809894, 62.481532503756718 ] ] ] } },
{ "type": "Feature", "properties": { }, "geometry": { "type": "Polygon", "coordinates": [ [ [ 6.508153473541528, 62.481692617654474 ], [ 6.508938009809894, 62.481532503756718 ], [ 6.50889024172012, 62.481928634293617 ], [ 6.508153473541528, 62.481692617654474 ] ] ] } },
{ "type": "Feature", "properties": { }, "geometry": { "type": "Polygon", "coordinates": [ [ [ 6.508641563834352, 62.481366420440096 ], [ 6.508938009809894, 62.481532503756718 ], [ 6.508153473541528, 62.481692617654474 ], [ 6.508641563834352, 62.481366420440096 ] ] ] } },
{ "type": "Feature", "properties": { }, "geometry": { "type": "Polygon", "coordinates": [ [ [ 6.509041191955885, 62.481159456940603 ], [ 6.509081878812582, 62.48143635209739 ], [ 6.508641563834352, 62.481366420440096 ], [ 6.509041191955885, 62.481159456940603 ] ] ] } },
{ "type": "Feature", "properties": { }, "geometry": { "type": "Polygon", "coordinates": [ [ [ 6.509041191955885, 62.481159456940603 ], [ 6.509849618143873, 62.481306332916766 ], [ 6.509081878812582, 62.48143635209739 ], [ 6.509041191955885, 62.481159456940603 ] ] ] } },
{ "type": "Feature", "properties": { }, "geometry": { "type": "Polygon", "coordinates": [ [ [ 6.509041191955885, 62.481159456940603 ], [ 6.509614702928604, 62.481078180684889 ], [ 6.509849618143873, 62.481306332916766 ], [ 6.509041191955885, 62.481159456940603 ] ] ] } },
{ "type": "Feature", "properties": { }, "geometry": { "type": "Polygon", "coordinates": [ [ [ 6.509614702928604, 62.481078180684889 ], [ 6.510072649106101, 62.481215909521445 ], [ 6.509849618143873, 62.481306332916766 ], [ 6.509614702928604, 62.481078180684889 ] ] ] } },
{ "type": "Feature", "properties": { }, "geometry": { "type": "Polygon", "coordinates": [ [ [ 6.510072649106101, 62.481215909521445 ], [ 6.510500238228561, 62.48124778267492 ], [ 6.509849618143873, 62.481306332916766 ], [ 6.510072649106101, 62.481215909521445 ] ] ] } },
{ "type": "Feature", "properties": { }, "geometry": { "type": "Polygon", "coordinates": [ [ [ 6.510641160666868, 62.481246312851681 ], [ 6.510644222240829, 62.481258440519298 ], [ 6.510630075161316, 62.481257393344862 ], [ 6.510641160666868, 62.481246312851681 ] ] ] } },
{ "type": "Feature", "properties": { }, "geometry": { "type": "Polygon", "coordinates": [ [ [ 6.510500238228561, 62.48124778267492 ], [ 6.510593166004174, 62.481242760252371 ], [ 6.510630075161316, 62.481257393344862 ], [ 6.510500238228561, 62.48124778267492 ] ] ] } },
{ "type": "Feature", "properties": { }, "geometry": { "type": "Polygon", "coordinates": [ [ [ 6.510593166004174, 62.481242760252371 ], [ 6.510641160666868, 62.481246312851681 ], [ 6.510630075161316, 62.481257393344862 ], [ 6.510593166004174, 62.481242760252371 ] ] ] } },
{ "type": "Feature", "properties": { }, "geometry": { "type": "Polygon", "coordinates": [ [ [ 6.510641160666868, 62.481246312851681 ], [ 6.510689155341342, 62.481249865434549 ], [ 6.510644222240829, 62.481258440519298 ], [ 6.510641160666868, 62.481246312851681 ] ] ] } },
{ "type": "Feature", "properties": { }, "geometry": { "type": "Polygon", "coordinates": [ [ [ 6.510689155341342, 62.481249865434549 ], [ 6.510774059269151, 62.48126805105575 ], [ 6.510644222240829, 62.481258440519298 ], [ 6.510689155341342, 62.481249865434549 ] ] ] } },
{ "type": "Feature", "properties": { }, "geometry": { "type": "Polygon", "coordinates": [ [ [ 6.511617315393291, 62.481092971612128 ], [ 6.511928530184321, 62.481280551133821 ], [ 6.511555819568215, 62.481327732277947 ], [ 6.511617315393291, 62.481092971612128 ] ] ] } },
{ "type": "Feature", "properties": { }, "geometry": { "type": "Polygon", "coordinates": [ [ [ 6.511617315393291, 62.481092971612128 ], [ 6.511555819568215, 62.481327732277947 ], [ 6.511217554413441, 62.481300877608923 ], [ 6.511617315393291, 62.481092971612128 ] ] ] } },
{ "type": "Feature", "properties": { }, "geometry": { "type": "Polygon", "coordinates": [ [ [ 6.51308243752386, 62.481047460791459 ], [ 6.513440270890629, 62.481307452116177 ], [ 6.511928530184321, 62.481280551133821 ], [ 6.51308243752386, 62.481047460791459 ] ] ] } },
{ "type": "Feature", "properties": { }, "geometry": { "type": "Polygon", "coordinates": [ [ [ 6.511617315393291, 62.481092971612128 ], [ 6.512454396069441, 62.480944693038332 ], [ 6.511928530184321, 62.481280551133821 ], [ 6.511617315393291, 62.481092971612128 ] ] ] } },
{ "type": "Feature", "properties": { }, "geometry": { "type": "Polygon", "coordinates": [ [ [ 6.512454396069441, 62.480944693038332 ], [ 6.51308243752386, 62.481047460791459 ], [ 6.511928530184321, 62.481280551133821 ], [ 6.512454396069441, 62.480944693038332 ] ] ] } },
{ "type": "Feature", "properties": { }, "geometry": { "type": "Polygon", "coordinates": [ [ [ 6.51308243752386, 62.481047460791459 ], [ 6.513741603876194, 62.481092003020358 ], [ 6.513440270890629, 62.481307452116177 ], [ 6.51308243752386, 62.481047460791459 ] ] ] } },
{ "type": "Feature", "properties": { }, "geometry": { "type": "Polygon", "coordinates": [ [ [ 6.513741603876194, 62.481092003020358 ], [ 6.513727990778188, 62.481348554837581 ], [ 6.513440270890629, 62.481307452116177 ], [ 6.513741603876194, 62.481092003020358 ] ] ] } },
{ "type": "Feature", "properties": { }, "geometry": { "type": "Polygon", "coordinates": [ [ [ 6.513741603876194, 62.481092003020358 ], [ 6.514717705926412, 62.481231441569662 ], [ 6.513727990778188, 62.481348554837581 ], [ 6.513741603876194, 62.481092003020358 ] ] ] } },
{ "type": "Feature", "properties": { }, "geometry": { "type": "Polygon", "coordinates": [ [ [ 6.516188757901793, 62.480928040937528 ], [ 6.516353445235135, 62.481287517517231 ], [ 6.515548517663422, 62.481178651304212 ], [ 6.516188757901793, 62.480928040937528 ] ] ] } },
{ "type": "Feature", "properties": { }, "geometry": { "type": "Polygon", "coordinates": [ [ [ 6.516188757901793, 62.480928040937528 ], [ 6.516735131573083, 62.481194718449693 ], [ 6.516353445235135, 62.481287517517231 ], [ 6.516188757901793, 62.480928040937528 ] ] ] } },
{ "type": "Feature", "properties": { }, "geometry": { "type": "Polygon", "coordinates": [ [ [ 6.516735131573083, 62.481194718449693 ], [ 6.517030905571243, 62.481308567325542 ], [ 6.516353445235135, 62.481287517517231 ], [ 6.516735131573083, 62.481194718449693 ] ] ] } },
{ "type": "Feature", "properties": { }, "geometry": { "type": "Polygon", "coordinates": [ [ [ 6.516735131573083, 62.481194718449693 ], [ 6.517115883668465, 62.481220276172358 ], [ 6.517030905571243, 62.481308567325542 ], [ 6.516735131573083, 62.481194718449693 ] ] ] } },
{ "type": "Feature", "properties": { }, "geometry": { "type": "Polygon", "coordinates": [ [ [ 6.517020729648027, 62.4809037800769 ], [ 6.51751167119195, 62.48112851461736 ], [ 6.517115883668465, 62.481220276172358 ], [ 6.517020729648027, 62.4809037800769 ] ] ] } },
{ "type": "Feature", "properties": { }, "geometry": { "type": "Polygon", "coordinates": [ [ [ 6.517020729648027, 62.4809037800769 ], [ 6.517115883668465, 62.481220276172358 ], [ 6.516735131573083, 62.481194718449693 ], [ 6.517020729648027, 62.4809037800769 ] ] ] } },
{ "type": "Feature", "properties": { }, "geometry": { "type": "Polygon", "coordinates": [ [ [ 6.517947976737751, 62.480990058708628 ], [ 6.518344358844921, 62.481152192832461 ], [ 6.51751167119195, 62.48112851461736 ], [ 6.517947976737751, 62.480990058708628 ] ] ] } },
{ "type": "Feature", "properties": { }, "geometry": { "type": "Polygon", "coordinates": [ [ [ 6.517020729648027, 62.4809037800769 ], [ 6.517947976737751, 62.480990058708628 ], [ 6.51751167119195, 62.48112851461736 ], [ 6.517020729648027, 62.4809037800769 ] ] ] } },
{ "type": "Feature", "properties": { }, "geometry": { "type": "Polygon", "coordinates": [ [ [ 6.518646802341326, 62.48080908007784 ], [ 6.519301343286472, 62.48102258677789 ], [ 6.518344358844921, 62.481152192832461 ], [ 6.518646802341326, 62.48080908007784 ] ] ] } },
{ "type": "Feature", "properties": { }, "geometry": { "type": "Polygon", "coordinates": [ [ [ 6.518344358844921, 62.481152192832461 ], [ 6.519301343286472, 62.48102258677789 ], [ 6.518883428642249, 62.481379837496753 ], [ 6.518344358844921, 62.481152192832461 ] ] ] } },
{ "type": "Feature", "properties": { }, "geometry": { "type": "Polygon", "coordinates": [ [ [ 6.518344358844921, 62.481152192832461 ], [ 6.518883428642249, 62.481379837496753 ], [ 6.51832937234534, 62.481331665427547 ], [ 6.518344358844921, 62.481152192832461 ] ] ] } },
{ "type": "Feature", "properties": { }, "geometry": { "type": "Polygon", "coordinates": [ [ [ 6.518646802341326, 62.48080908007784 ], [ 6.518344358844921, 62.481152192832461 ], [ 6.517947976737751, 62.480990058708628 ], [ 6.518646802341326, 62.48080908007784 ] ] ] } },
{ "type": "Feature", "properties": { }, "geometry": { "type": "Polygon", "coordinates": [ [ [ 6.51832937234534, 62.481331665427547 ], [ 6.518883428642249, 62.481379837496753 ], [ 6.518433026834393, 62.481486059797916 ], [ 6.51832937234534, 62.481331665427547 ] ] ] } },
{ "type": "Feature", "properties": { }, "geometry": { "type": "Polygon", "coordinates": [ [ [ 6.518883428642249, 62.481379837496753 ], [ 6.518619366319945, 62.48157930155417 ], [ 6.518433026834393, 62.481486059797916 ], [ 6.518883428642249, 62.481379837496753 ] ] ] } },
{ "type": "Feature", "properties": { }, "geometry": { "type": "Polygon", "coordinates": [ [ [ 6.518883428642249, 62.481379837496753 ], [ 6.518962840226503, 62.481557860139787 ], [ 6.518619366319945, 62.48157930155417 ], [ 6.518883428642249, 62.481379837496753 ] ] ] } },
{ "type": "Feature", "properties": { }, "geometry": { "type": "Polygon", "coordinates": [ [ [ 6.518619366319945, 62.48157930155417 ], [ 6.518962840226503, 62.481557860139787 ], [ 6.518765472331467, 62.481689682796102 ], [ 6.518619366319945, 62.48157930155417 ] ] ] } },
{ "type": "Feature", "properties": { }, "geometry": { "type": "Polygon", "coordinates": [ [ [ 6.518962840226503, 62.481557860139787 ], [ 6.519254553898486, 62.481644454096802 ], [ 6.518765472331467, 62.481689682796102 ], [ 6.518962840226503, 62.481557860139787 ] ] ] } },
{ "type": "Feature", "properties": { }, "geometry": { "type": "Polygon", "coordinates": [ [ [ 6.51934846977214, 62.481428228148225 ], [ 6.519736132201043, 62.4816890044819 ], [ 6.519254553898486, 62.481644454096802 ], [ 6.51934846977214, 62.481428228148225 ] ] ] } },
{ "type": "Feature", "properties": { }, "geometry": { "type": "Polygon", "coordinates": [ [ [ 6.51934846977214, 62.481428228148225 ], [ 6.519254553898486, 62.481644454096802 ], [ 6.518962840226503, 62.481557860139787 ], [ 6.51934846977214, 62.481428228148225 ] ] ] } },
{ "type": "Feature", "properties": { }, "geometry": { "type": "Polygon", "coordinates": [ [ [ 6.51934846977214, 62.481428228148225 ], [ 6.51999284890193, 62.481365852406732 ], [ 6.519736132201043, 62.4816890044819 ], [ 6.51934846977214, 62.481428228148225 ] ] ] } },
{ "type": "Feature", "properties": { }, "geometry": { "type": "Polygon", "coordinates": [ [ [ 6.51999284890193, 62.481365852406732 ], [ 6.520226640953356, 62.481625793715544 ], [ 6.519736132201043, 62.4816890044819 ], [ 6.51999284890193, 62.481365852406732 ] ] ] } },
{ "type": "Feature", "properties": { }, "geometry": { "type": "Polygon", "coordinates": [ [ [ 6.51999284890193, 62.481365852406732 ], [ 6.520485740106148, 62.481530957234263 ], [ 6.520226640953356, 62.481625793715544 ], [ 6.51999284890193, 62.481365852406732 ] ] ] } },
{ "type": "Feature", "properties": { }, "geometry": { "type": "Polygon", "coordinates": [ [ [ 6.520485740106148, 62.481530957234263 ], [ 6.52070150125027, 62.481646714870095 ], [ 6.520226640953356, 62.481625793715544 ], [ 6.520485740106148, 62.481530957234263 ] ] ] } },
{ "type": "Feature", "properties": { }, "geometry": { "type": "Polygon", "coordinates": [ [ [ 6.520485740106148, 62.481530957234263 ], [ 6.520811978914423, 62.481555046725155 ], [ 6.52070150125027, 62.481646714870095 ], [ 6.520485740106148, 62.481530957234263 ] ] ] } },
{ "type": "Feature", "properties": { }, "geometry": { "type": "Polygon", "coordinates": [ [ [ 6.520811978914423, 62.481555046725155 ], [ 6.520821306519075, 62.481659915467169 ], [ 6.52070150125027, 62.481646714870095 ], [ 6.520811978914423, 62.481555046725155 ] ] ] } },
{ "type": "Feature", "properties": { }, "geometry": { "type": "Polygon", "coordinates": [ [ [ 6.520811978914423, 62.481555046725155 ], [ 6.520944809635202, 62.481605040444087 ], [ 6.520821306519075, 62.481659915467169 ], [ 6.520811978914423, 62.481555046725155 ] ] ] } },
{ "type": "Feature", "properties": { }, "geometry": { "type": "Polygon", "coordinates": [ [ [ 6.520944809635202, 62.481605040444087 ], [ 6.520932517816789, 62.48168406213496 ], [ 6.520821306519075, 62.481659915467169 ], [ 6.520944809635202, 62.481605040444087 ] ] ] } },
{ "type": "Feature", "properties": { }, "geometry": { "type": "Polygon", "coordinates": [ [ [ 6.520944809635202, 62.481605040444087 ], [ 6.521119001884875, 62.481650556707237 ], [ 6.520932517816789, 62.48168406213496 ], [ 6.520944809635202, 62.481605040444087 ] ] ] } },
{ "type": "Feature", "properties": { }, "geometry": { "type": "Polygon", "coordinates": [ [ [ 6.520932517816789, 62.48168406213496 ], [ 6.521119001884875, 62.481650556707237 ], [ 6.5210029345363, 62.481725947073329 ], [ 6.520932517816789, 62.48168406213496 ] ] ] } },
{ "type": "Feature", "properties": { }, "geometry": { "type": "Polygon", "coordinates": [ [ [ 6.521119001884875, 62.481650556707237 ], [ 6.521220293289589, 62.481738299291983 ], [ 6.5210029345363, 62.481725947073329 ], [ 6.521119001884875, 62.481650556707237 ] ] ] } },
{ "type": "Feature", "properties": { }, "geometry": { "type": "Polygon", "coordinates": [ [ [ 6.5210029345363, 62.481725947073329 ], [ 6.521220293289589, 62.481738299291983 ], [ 6.521024408982904, 62.481779923116704 ], [ 6.5210029345363, 62.481725947073329 ] ] ] } },
{ "type": "Feature", "properties": { }, "geometry": { "type": "Polygon", "coordinates": [ [ [ 6.521220293289589, 62.481738299291983 ], [ 6.521100285637504, 62.481821148362769 ], [ 6.521024408982904, 62.481779923116704 ], [ 6.521220293289589, 62.481738299291983 ] ] ] } },
{ "type": "Feature", "properties": { }, "geometry": { "type": "Polygon", "coordinates": [ [ [ 6.521220293289589, 62.481738299291983 ], [ 6.521293458127165, 62.481895292777786 ], [ 6.521100285637504, 62.481821148362769 ], [ 6.521220293289589, 62.481738299291983 ] ] ] } },
{ "type": "Feature", "properties": { }, "geometry": { "type": "Polygon", "coordinates": [ [ [ 6.521220293289589, 62.481738299291983 ], [ 6.521541946211486, 62.481889265518426 ], [ 6.521293458127165, 62.481895292777786 ], [ 6.521220293289589, 62.481738299291983 ] ] ] } },
{ "type": "Feature", "properties": { }, "geometry": { "type": "Polygon", "coordinates": [ [ [ 6.521293458127165, 62.481895292777786 ], [ 6.521541946211486, 62.481889265518426 ], [ 6.521447945374653, 62.481981161977714 ], [ 6.521293458127165, 62.481895292777786 ] ] ] } },
{ "type": "Feature", "properties": { }, "geometry": { "type": "Polygon", "coordinates": [ [ [ 6.521541946211486, 62.481889265518426 ], [ 6.521565581256544, 62.481990344968459 ], [ 6.521447945374653, 62.481981161977714 ], [ 6.521541946211486, 62.481889265518426 ] ] ] } },
{ "type": "Feature", "properties": { }, "geometry": { "type": "Polygon", "coordinates": [ [ [ 6.521541946211486, 62.481889265518426 ], [ 6.521875350485024, 62.481934278101882 ], [ 6.521565581256544, 62.481990344968459 ], [ 6.521541946211486, 62.481889265518426 ] ] ] } },
{ "type": "Feature", "properties": { }, "geometry": { "type": "Polygon", "coordinates": [ [ [ 6.521875350485024, 62.481934278101882 ], [ 6.522179284090261, 62.481996809764475 ], [ 6.521565581256544, 62.481990344968459 ], [ 6.521875350485024, 62.481934278101882 ] ] ] } },
{ "type": "Feature", "properties": { }, "geometry": { "type": "Polygon", "coordinates": [ [ [ 6.521875350485024, 62.481934278101882 ], [ 6.522192823829477, 62.481888355431138 ], [ 6.522179284090261, 62.481996809764475 ], [ 6.521875350485024, 62.481934278101882 ] ] ] } },
{ "type": "Feature", "properties": { }, "geometry": { "type": "Polygon", "coordinates": [ [ [ 6.522192823829477, 62.481888355431138 ], [ 6.5223037608301, 62.481984099070843 ], [ 6.522179284090261, 62.481996809764475 ], [ 6.522192823829477, 62.481888355431138 ] ] ] } },
{ "type": "Feature", "properties": { }, "geometry": { "type": "Polygon", "coordinates": [ [ [ 6.522192823829477, 62.481888355431138 ], [ 6.522608252973361, 62.481882493681745 ], [ 6.5223037608301, 62.481984099070843 ], [ 6.522192823829477, 62.481888355431138 ] ] ] } },
{ "type": "Feature", "properties": { }, "geometry": { "type": "Polygon", "coordinates": [ [ [ 6.522567013329996, 62.481777857844449 ], [ 6.522608252973361, 62.481882493681745 ], [ 6.522192823829477, 62.481888355431138 ], [ 6.522567013329996, 62.481777857844449 ] ] ] } },
{ "type": "Feature", "properties": { }, "geometry": { "type": "Polygon", "coordinates": [ [ [ 6.522567013329996, 62.481777857844449 ], [ 6.522720343341769, 62.481857101545451 ], [ 6.522608252973361, 62.481882493681745 ], [ 6.522567013329996, 62.481777857844449 ] ] ] } },
{ "type": "Feature", "properties": { }, "geometry": { "type": "Polygon", "coordinates": [ [ [ 6.522567013329996, 62.481777857844449 ], [ 6.522923017016836, 62.481733345021802 ], [ 6.522720343341769, 62.481857101545451 ], [ 6.522567013329996, 62.481777857844449 ] ] ] } },
{ "type": "Feature", "properties": { }, "geometry": { "type": "Polygon", "coordinates": [ [ [ 6.522923017016836, 62.481733345021802 ], [ 6.523094553319673, 62.481866799890028 ], [ 6.522720343341769, 62.481857101545451 ], [ 6.522923017016836, 62.481733345021802 ] ] ] } },
{ "type": "Feature", "properties": { }, "geometry": { "type": "Polygon", "coordinates": [ [ [ 6.523241654145417, 62.48178206293742 ], [ 6.523211929345164, 62.481889876356291 ], [ 6.523094553319673, 62.481866799890028 ], [ 6.523241654145417, 62.48178206293742 ] ] ] } },
{ "type": "Feature", "properties": { }, "geometry": { "type": "Polygon", "coordinates": [ [ [ 6.522923017016836, 62.481733345021802 ], [ 6.523241654145417, 62.48178206293742 ], [ 6.523094553319673, 62.481866799890028 ], [ 6.522923017016836, 62.481733345021802 ] ] ] } },
{ "type": "Feature", "properties": { }, "geometry": { "type": "Polygon", "coordinates": [ [ [ 6.523241654145417, 62.48178206293742 ], [ 6.523442803724638, 62.481881939880473 ], [ 6.523211929345164, 62.481889876356291 ], [ 6.523241654145417, 62.48178206293742 ] ] ] } },
{ "type": "Feature", "properties": { }, "geometry": { "type": "Polygon", "coordinates": [ [ [ 6.523211929345164, 62.481889876356291 ], [ 6.523442803724638, 62.481881939880473 ], [ 6.523525298436427, 62.481982027114832 ], [ 6.523211929345164, 62.481889876356291 ] ] ] } },
{ "type": "Feature", "properties": { }, "geometry": { "type": "Polygon", "coordinates": [ [ [ 6.523442803724638, 62.481881939880473 ], [ 6.523671221976159, 62.481899389749515 ], [ 6.523525298436427, 62.481982027114832 ], [ 6.523442803724638, 62.481881939880473 ] ] ] } },
{ "type": "Feature", "properties": { }, "geometry": { "type": "Polygon", "coordinates": [ [ [ 6.523671221976159, 62.481899389749515 ], [ 6.523716114673401, 62.481956063612984 ], [ 6.523525298436427, 62.481982027114832 ], [ 6.523671221976159, 62.481899389749515 ] ] ] } },
{ "type": "Feature", "properties": { }, "geometry": { "type": "Polygon", "coordinates": [ [ [ 6.523716114673401, 62.481956063612984 ], [ 6.523640130183276, 62.48200512824738 ], [ 6.523525298436427, 62.481982027114832 ], [ 6.523716114673401, 62.481956063612984 ] ] ] } },
{ "type": "Feature", "properties": { }, "geometry": { "type": "Polygon", "coordinates": [ [ [ 6.523716114673401, 62.481956063612984 ], [ 6.523769819652565, 62.482011071949358 ], [ 6.523640130183276, 62.48200512824738 ], [ 6.523716114673401, 62.481956063612984 ] ] ] } },
{ "type": "Feature", "properties": { }, "geometry": { "type": "Polygon", "coordinates": [ [ [ 6.52386689564809, 62.481957665207538 ], [ 6.523949725699175, 62.48203548830822 ], [ 6.523769819652565, 62.482011071949358 ], [ 6.52386689564809, 62.481957665207538 ] ] ] } },
{ "type": "Feature", "properties": { }, "geometry": { "type": "Polygon", "coordinates": [ [ [ 6.523716114673401, 62.481956063612984 ], [ 6.52386689564809, 62.481957665207538 ], [ 6.523769819652565, 62.482011071949358 ], [ 6.523716114673401, 62.481956063612984 ] ] ] } },
{ "type": "Feature", "properties": { }, "geometry": { "type": "Polygon", "coordinates": [ [ [ 6.524133984287267, 62.481958799815601 ], [ 6.524108244837938, 62.482081809793335 ], [ 6.523949725699175, 62.48203548830822 ], [ 6.524133984287267, 62.481958799815601 ] ] ] } },
{ "type": "Feature", "properties": { }, "geometry": { "type": "Polygon", "coordinates": [ [ [ 6.524133984287267, 62.481958799815601 ], [ 6.524483903375345, 62.482083898522113 ], [ 6.524108244837938, 62.482081809793335 ], [ 6.524133984287267, 62.481958799815601 ] ] ] } },
{ "type": "Feature", "properties": { }, "geometry": { "type": "Polygon", "coordinates": [ [ [ 6.524108244837938, 62.482081809793335 ], [ 6.524483903375345, 62.482083898522113 ], [ 6.524403577437172, 62.482181075400383 ], [ 6.524108244837938, 62.482081809793335 ] ] ] } },
{ "type": "Feature", "properties": { }, "geometry": { "type": "Polygon", "coordinates": [ [ [ 6.524483903375345, 62.482083898522113 ], [ 6.524522823719466, 62.482183940878151 ], [ 6.524403577437172, 62.482181075400383 ], [ 6.524483903375345, 62.482083898522113 ] ] ] } },
{ "type": "Feature", "properties": { }, "geometry": { "type": "Polygon", "coordinates": [ [ [ 6.524483903375345, 62.482083898522113 ], [ 6.524630069506506, 62.482159786584234 ], [ 6.524522823719466, 62.482183940878151 ], [ 6.524483903375345, 62.482083898522113 ] ] ] } },
{ "type": "Feature", "properties": { }, "geometry": { "type": "Polygon", "coordinates": [ [ [ 6.524483903375345, 62.482083898522113 ], [ 6.524763994141646, 62.482056246113849 ], [ 6.524630069506506, 62.482159786584234 ], [ 6.524483903375345, 62.482083898522113 ] ] ] } },
{ "type": "Feature", "properties": { }, "geometry": { "type": "Polygon", "coordinates": [ [ [ 6.524763994141646, 62.482056246113849 ], [ 6.52501455612954, 62.482022780604808 ], [ 6.524630069506506, 62.482159786584234 ], [ 6.524763994141646, 62.482056246113849 ] ] ] } },
{ "type": "Feature", "properties": { }, "geometry": { "type": "Polygon", "coordinates": [ [ [ 6.524875015240157, 62.481947059854306 ], [ 6.52501455612954, 62.482022780604808 ], [ 6.524763994141646, 62.482056246113849 ], [ 6.524875015240157, 62.481947059854306 ] ] ] } },
{ "type": "Feature", "properties": { }, "geometry": { "type": "Polygon", "coordinates": [ [ [ 6.524875015240157, 62.481947059854306 ], [ 6.525079504294131, 62.481977883547316 ], [ 6.52501455612954, 62.482022780604808 ], [ 6.524875015240157, 62.481947059854306 ] ] ] } },
{ "type": "Feature", "properties": { }, "geometry": { "type": "Polygon", "coordinates": [ [ [ 6.525020848432856, 62.481910189547207 ], [ 6.525079504294131, 62.481977883547316 ], [ 6.524875015240157, 62.481947059854306 ], [ 6.525020848432856, 62.481910189547207 ] ] ] } },
{ "type": "Feature", "properties": { }, "geometry": { "type": "Polygon", "coordinates": [ [ [ 6.525020848432856, 62.481910189547207 ], [ 6.525254662508226, 62.48190323191686 ], [ 6.525079504294131, 62.481977883547316 ], [ 6.525020848432856, 62.481910189547207 ] ] ] } },
{ "type": "Feature", "properties": { }, "geometry": { "type": "Polygon", "coordinates": [ [ [ 6.525116303177068, 62.481852151848756 ], [ 6.525255148507524, 62.481847528391903 ], [ 6.525254662508226, 62.48190323191686 ], [ 6.525116303177068, 62.481852151848756 ] ] ] } },
{ "type": "Feature", "properties": { }, "geometry": { "type": "Polygon", "coordinates": [ [ [ 6.525116303177068, 62.481852151848756 ], [ 6.525254662508226, 62.48190323191686 ], [ 6.525020848432856, 62.481910189547207 ], [ 6.525116303177068, 62.481852151848756 ] ] ] } },
{ "type": "Feature", "properties": { }, "geometry": { "type": "Polygon", "coordinates": [ [ [ 6.525191420431632, 62.481797925214948 ], [ 6.525255148507524, 62.481847528391903 ], [ 6.525116303177068, 62.481852151848756 ], [ 6.525191420431632, 62.481797925214948 ] ] ] } },
{ "type": "Feature", "properties": { }, "geometry": { "type": "Polygon", "coordinates": [ [ [ 6.52510411944762, 62.481757720200356 ], [ 6.525191420431632, 62.481797925214948 ], [ 6.525116303177068, 62.481852151848756 ], [ 6.52510411944762, 62.481757720200356 ] ] ] } },
{ "type": "Feature", "properties": { }, "geometry": { "type": "Polygon", "coordinates": [ [ [ 6.52510411944762, 62.481757720200356 ], [ 6.525116303177068, 62.481852151848756 ], [ 6.524979687377479, 62.481839788359636 ], [ 6.52510411944762, 62.481757720200356 ] ] ] } },
{ "type": "Feature", "properties": { }, "geometry": { "type": "Polygon", "coordinates": [ [ [ 6.524993098786784, 62.481739731108199 ], [ 6.52510411944762, 62.481757720200356 ], [ 6.524979687377479, 62.481839788359636 ], [ 6.524993098786784, 62.481739731108199 ] ] ] } },
{ "type": "Feature", "properties": { }, "geometry": { "type": "Polygon", "coordinates": [ [ [ 6.524754891976132, 62.481734379494945 ], [ 6.524993098786784, 62.481739731108199 ], [ 6.524979687377479, 62.481839788359636 ], [ 6.524754891976132, 62.481734379494945 ] ] ] } },
{ "type": "Feature", "properties": { }, "geometry": { "type": "Polygon", "coordinates": [ [ [ 6.524754891976132, 62.481734379494945 ], [ 6.524979687377479, 62.481839788359636 ], [ 6.524619264700249, 62.481805785151202 ], [ 6.524754891976132, 62.481734379494945 ] ] ] } },
{ "type": "Feature", "properties": { }, "geometry": { "type": "Polygon", "coordinates": [ [ [ 6.524650446826233, 62.481711824060248 ], [ 6.524754891976132, 62.481734379494945 ], [ 6.524619264700249, 62.481805785151202 ], [ 6.524650446826233, 62.481711824060248 ] ] ] } },
{ "type": "Feature", "properties": { }, "geometry": { "type": "Polygon", "coordinates": [ [ [ 6.524650446826233, 62.481711824060248 ], [ 6.524619264700249, 62.481805785151202 ], [ 6.524440695586248, 62.481758771616747 ], [ 6.524650446826233, 62.481711824060248 ] ] ] } },
{ "type": "Feature", "properties": { }, "geometry": { "type": "Polygon", "coordinates": [ [ [ 6.524566514306066, 62.481668030795589 ], [ 6.524650446826233, 62.481711824060248 ], [ 6.524440695586248, 62.481758771616747 ], [ 6.524566514306066, 62.481668030795589 ] ] ] } },
{ "type": "Feature", "properties": { }, "geometry": { "type": "Polygon", "coordinates": [ [ [ 6.52437834442639, 62.481676217695771 ], [ 6.524566514306066, 62.481668030795589 ], [ 6.524440695586248, 62.481758771616747 ], [ 6.52437834442639, 62.481676217695771 ] ] ] } },
{ "type": "Feature", "properties": { }, "geometry": { "type": "Polygon", "coordinates": [ [ [ 6.5245159043798, 62.481616248510676 ], [ 6.524566514306066, 62.481668030795589 ], [ 6.52437834442639, 62.481676217695771 ], [ 6.5245159043798, 62.481616248510676 ] ] ] } },
{ "type": "Feature", "properties": { }, "geometry": { "type": "Polygon", "coordinates": [ [ [ 6.524353234585931, 62.481558726592652 ], [ 6.5245159043798, 62.481616248510676 ], [ 6.52437834442639, 62.481676217695771 ], [ 6.524353234585931, 62.481558726592652 ] ] ] } },
{ "type": "Feature", "properties": { }, "geometry": { "type": "Polygon", "coordinates": [ [ [ 6.524353234585931, 62.481558726592652 ], [ 6.524556890291835, 62.481568441186916 ], [ 6.5245159043798, 62.481616248510676 ], [ 6.524353234585931, 62.481558726592652 ] ] ] } },
{ "type": "Feature", "properties": { }, "geometry": { "type": "Polygon", "coordinates": [ [ [ 6.524464948259461, 62.481519214611524 ], [ 6.524604046869971, 62.481509690214757 ], [ 6.524556890291835, 62.481568441186916 ], [ 6.524464948259461, 62.481519214611524 ] ] ] } },
{ "type": "Feature", "properties": { }, "geometry": { "type": "Polygon", "coordinates": [ [ [ 6.524604046869971, 62.481509690214757 ], [ 6.52468634886303, 62.48155946562445 ], [ 6.524556890291835, 62.481568441186916 ], [ 6.524604046869971, 62.481509690214757 ] ] ] } },
{ "type": "Feature", "properties": { }, "geometry": { "type": "Polygon", "coordinates": [ [ [ 6.524464948259461, 62.481519214611524 ], [ 6.524556890291835, 62.481568441186916 ], [ 6.524353234585931, 62.481558726592652 ], [ 6.524464948259461, 62.481519214611524 ] ] ] } },
{ "type": "Feature", "properties": { }, "geometry": { "type": "Polygon", "coordinates": [ [ [ 6.524695347865888, 62.481463396349739 ], [ 6.524796167913087, 62.481547482476344 ], [ 6.52468634886303, 62.48155946562445 ], [ 6.524695347865888, 62.481463396349739 ] ] ] } },
{ "type": "Feature", "properties": { }, "geometry": { "type": "Polygon", "coordinates": [ [ [ 6.524604046869971, 62.481509690214757 ], [ 6.524695347865888, 62.481463396349739 ], [ 6.52468634886303, 62.48155946562445 ], [ 6.524604046869971, 62.481509690214757 ] ] ] } },
{ "type": "Feature", "properties": { }, "geometry": { "type": "Polygon", "coordinates": [ [ [ 6.524695347865888, 62.481463396349739 ], [ 6.524971897312393, 62.481512520838123 ], [ 6.524796167913087, 62.481547482476344 ], [ 6.524695347865888, 62.481463396349739 ] ] ] } },
{ "type": "Feature", "properties": { }, "geometry": { "type": "Polygon", "coordinates": [ [ [ 6.524744233210968, 62.481289520417079 ], [ 6.524971897312393, 62.481512520838123 ], [ 6.524695347865888, 62.481463396349739 ], [ 6.524744233210968, 62.481289520417079 ] ] ] } },
{ "type": "Feature", "properties": { }, "geometry": { "type": "Polygon", "coordinates": [ [ [ 6.524744233210968, 62.481289520417079 ], [ 6.525248842125404, 62.481381380600183 ], [ 6.524971897312393, 62.481512520838123 ], [ 6.524744233210968, 62.481289520417079 ] ] ] } },
{ "type": "Feature", "properties": { }, "geometry": { "type": "Polygon", "coordinates": [ [ [ 6.525248842125404, 62.481381380600183 ], [ 6.525412230343268, 62.481510913845547 ], [ 6.524971897312393, 62.481512520838123 ], [ 6.525248842125404, 62.481381380600183 ] ] ] } },
{ "type": "Feature", "properties": { }, "geometry": { "type": "Polygon", "coordinates": [ [ [ 6.526929973327198, 62.481301021095049 ], [ 6.526767590886323, 62.481625196887357 ], [ 6.5264254259829, 62.481538158376836 ], [ 6.526929973327198, 62.481301021095049 ] ] ] } },
{ "type": "Feature", "properties": { }, "geometry": { "type": "Polygon", "coordinates": [ [ [ 6.526184806154903, 62.481185578699197 ], [ 6.5264254259829, 62.481538158376836 ], [ 6.525909772943628, 62.481477183761797 ], [ 6.526184806154903, 62.481185578699197 ] ] ] } },
{ "type": "Feature", "properties": { }, "geometry": { "type": "Polygon", "coordinates": [ [ [ 6.526184806154903, 62.481185578699197 ], [ 6.526929973327198, 62.481301021095049 ], [ 6.5264254259829, 62.481538158376836 ], [ 6.526184806154903, 62.481185578699197 ] ] ] } },
{ "type": "Feature", "properties": { }, "geometry": { "type": "Polygon", "coordinates": [ [ [ 6.526929973327198, 62.481301021095049 ], [ 6.527499736779546, 62.48169199242232 ], [ 6.526767590886323, 62.481625196887357 ], [ 6.526929973327198, 62.481301021095049 ] ] ] } },
{ "type": "Feature", "properties": { }, "geometry": { "type": "Polygon", "coordinates": [ [ [ 6.527894267451853, 62.481284529700872 ], [ 6.528117759773073, 62.481718875813257 ], [ 6.527499736779546, 62.48169199242232 ], [ 6.527894267451853, 62.481284529700872 ] ] ] } },
{ "type": "Feature", "properties": { }, "geometry": { "type": "Polygon", "coordinates": [ [ [ 6.527499736779546, 62.48169199242232 ], [ 6.528117759773073, 62.481718875813257 ], [ 6.527701725571124, 62.481830348105113 ], [ 6.527499736779546, 62.48169199242232 ] ] ] } },
{ "type": "Feature", "properties": { }, "geometry": { "type": "Polygon", "coordinates": [ [ [ 6.526929973327198, 62.481301021095049 ], [ 6.527894267451853, 62.481284529700872 ], [ 6.527499736779546, 62.48169199242232 ], [ 6.526929973327198, 62.481301021095049 ] ] ] } },
{ "type": "Feature", "properties": { }, "geometry": { "type": "Polygon", "coordinates": [ [ [ 6.528117759773073, 62.481718875813257 ], [ 6.52788893031264, 62.481914505634471 ], [ 6.527701725571124, 62.481830348105113 ], [ 6.528117759773073, 62.481718875813257 ] ] ] } },
{ "type": "Feature", "properties": { }, "geometry": { "type": "Polygon", "coordinates": [ [ [ 6.528117759773073, 62.481718875813257 ], [ 6.528275039442004, 62.481939279476663 ], [ 6.52788893031264, 62.481914505634471 ], [ 6.528117759773073, 62.481718875813257 ] ] ] } },
{ "type": "Feature", "properties": { }, "geometry": { "type": "Polygon", "coordinates": [ [ [ 6.528117759773073, 62.481718875813257 ], [ 6.528961808594925, 62.481852534421812 ], [ 6.528275039442004, 62.481939279476663 ], [ 6.528117759773073, 62.481718875813257 ] ] ] } },
{ "type": "Feature", "properties": { }, "geometry": { "type": "Polygon", "coordinates": [ [ [ 6.529221457557314, 62.481344506516251 ], [ 6.528961808594925, 62.481852534421812 ], [ 6.528117759773073, 62.481718875813257 ], [ 6.529221457557314, 62.481344506516251 ] ] ] } },
{ "type": "Feature", "properties": { }, "geometry": { "type": "Polygon", "coordinates": [ [ [ 6.529221457557314, 62.481344506516251 ], [ 6.529642897472215, 62.481828759504964 ], [ 6.528961808594925, 62.481852534421812 ], [ 6.529221457557314, 62.481344506516251 ] ] ] } },
{ "type": "Feature", "properties": { }, "geometry": { "type": "Polygon", "coordinates": [ [ [ 6.529221457557314, 62.481344506516251 ], [ 6.530250387053672, 62.481558674153156 ], [ 6.529642897472215, 62.481828759504964 ], [ 6.529221457557314, 62.481344506516251 ] ] ] } },
{ "type": "Feature", "properties": { }, "geometry": { "type": "Polygon", "coordinates": [ [ [ 6.530250387053672, 62.481558674153156 ], [ 6.530652232315234, 62.481828651585488 ], [ 6.529642897472215, 62.481828759504964 ], [ 6.530250387053672, 62.481558674153156 ] ] ] } },
{ "type": "Feature", "properties": { }, "geometry": { "type": "Polygon", "coordinates": [ [ [ 6.530897898610186, 62.48169170517415 ], [ 6.530843096708019, 62.481867864037945 ], [ 6.530652232315234, 62.481828651585488 ], [ 6.530897898610186, 62.48169170517415 ] ] ] } },
{ "type": "Feature", "properties": { }, "geometry": { "type": "Polygon", "coordinates": [ [ [ 6.530250387053672, 62.481558674153156 ], [ 6.530897898610186, 62.48169170517415 ], [ 6.530652232315234, 62.481828651585488 ], [ 6.530250387053672, 62.481558674153156 ] ] ] } },
{ "type": "Feature", "properties": { }, "geometry": { "type": "Polygon", "coordinates": [ [ [ 6.530897898610186, 62.48169170517415 ], [ 6.531226350308014, 62.481803484313581 ], [ 6.530843096708019, 62.481867864037945 ], [ 6.530897898610186, 62.48169170517415 ] ] ] } },
{ "type": "Feature", "properties": { }, "geometry": { "type": "Polygon", "coordinates": [ [ [ 6.531226350308014, 62.481803484313581 ], [ 6.531578026477644, 62.481898946980799 ], [ 6.530843096708019, 62.481867864037945 ], [ 6.531226350308014, 62.481803484313581 ] ] ] } },
{ "type": "Feature", "properties": { }, "geometry": { "type": "Polygon", "coordinates": [ [ [ 6.531691687092752, 62.481702840087728 ], [ 6.531578026477644, 62.481898946980799 ], [ 6.531226350308014, 62.481803484313581 ], [ 6.531691687092752, 62.481702840087728 ] ] ] } },
{ "type": "Feature", "properties": { }, "geometry": { "type": "Polygon", "coordinates": [ [ [ 6.531691687092752, 62.481702840087728 ], [ 6.531924996100504, 62.48187480006581 ], [ 6.531578026477644, 62.481898946980799 ], [ 6.531691687092752, 62.481702840087728 ] ] ] } },
{ "type": "Feature", "properties": { }, "geometry": { "type": "Polygon", "coordinates": [ [ [ 6.532010171789576, 62.481563168860397 ], [ 6.532289483824083, 62.481849464290747 ], [ 6.531924996100504, 62.48187480006581 ], [ 6.532010171789576, 62.481563168860397 ] ] ] } },
{ "type": "Feature", "properties": { }, "geometry": { "type": "Polygon", "coordinates": [ [ [ 6.531691687092752, 62.481702840087728 ], [ 6.532010171789576, 62.481563168860397 ], [ 6.531924996100504, 62.48187480006581 ], [ 6.531691687092752, 62.481702840087728 ] ] ] } },
{ "type": "Feature", "properties": { }, "geometry": { "type": "Polygon", "coordinates": [ [ [ 6.532010171789576, 62.481563168860397 ], [ 6.532948649501794, 62.481539466596317 ], [ 6.532289483824083, 62.481849464290747 ], [ 6.532010171789576, 62.481563168860397 ] ] ] } },
{ "type": "Feature", "properties": { }, "geometry": { "type": "Polygon", "coordinates": [ [ [ 6.532948649501794, 62.481539466596317 ], [ 6.533842450441922, 62.481741450124652 ], [ 6.532289483824083, 62.481849464290747 ], [ 6.532948649501794, 62.481539466596317 ] ] ] } },
{ "type": "Feature", "properties": { }, "geometry": { "type": "Polygon", "coordinates": [ [ [ 6.533833875014241, 62.481393341518718 ], [ 6.534294908325483, 62.481668459732589 ], [ 6.533842450441922, 62.481741450124652 ], [ 6.533833875014241, 62.481393341518718 ] ] ] } },
{ "type": "Feature", "properties": { }, "geometry": { "type": "Polygon", "coordinates": [ [ [ 6.532948649501794, 62.481539466596317 ], [ 6.533833875014241, 62.481393341518718 ], [ 6.533842450441922, 62.481741450124652 ], [ 6.532948649501794, 62.481539466596317 ] ] ] } },
{ "type": "Feature", "properties": { }, "geometry": { "type": "Polygon", "coordinates": [ [ [ 6.533833875014241, 62.481393341518718 ], [ 6.534583606927888, 62.481364113956047 ], [ 6.534294908325483, 62.481668459732589 ], [ 6.533833875014241, 62.481393341518718 ] ] ] } },
{ "type": "Feature", "properties": { }, "geometry": { "type": "Polygon", "coordinates": [ [ [ 6.534583606927888, 62.481364113956047 ], [ 6.534681162183907, 62.481693405093559 ], [ 6.534294908325483, 62.481668459732589 ], [ 6.534583606927888, 62.481364113956047 ] ] ] } },
{ "type": "Feature", "properties": { }, "geometry": { "type": "Polygon", "coordinates": [ [ [ 6.535398535081203, 62.481477401654828 ], [ 6.535152971934497, 62.48185436929294 ], [ 6.534681162183907, 62.481693405093559 ], [ 6.535398535081203, 62.481477401654828 ] ] ] } },
{ "type": "Feature", "properties": { }, "geometry": { "type": "Polygon", "coordinates": [ [ [ 6.534583606927888, 62.481364113956047 ], [ 6.535398535081203, 62.481477401654828 ], [ 6.534681162183907, 62.481693405093559 ], [ 6.534583606927888, 62.481364113956047 ] ] ] } },
{ "type": "Feature", "properties": { }, "geometry": { "type": "Polygon", "coordinates": [ [ [ 6.535398535081203, 62.481477401654828 ], [ 6.535697278451451, 62.481846058032801 ], [ 6.535152971934497, 62.48185436929294 ], [ 6.535398535081203, 62.481477401654828 ] ] ] } },
{ "type": "Feature", "properties": { }, "geometry": { "type": "Polygon", "coordinates": [ [ [ 6.535697278451451, 62.481846058032801 ], [ 6.536663667339505, 62.481766476934538 ], [ 6.536126621291369, 62.48205121515133 ], [ 6.535697278451451, 62.481846058032801 ] ] ] } },
{ "type": "Feature", "properties": { }, "geometry": { "type": "Polygon", "coordinates": [ [ [ 6.535398535081203, 62.481477401654828 ], [ 6.536663667339505, 62.481766476934538 ], [ 6.535697278451451, 62.481846058032801 ], [ 6.535398535081203, 62.481477401654828 ] ] ] } },
{ "type": "Feature", "properties": { }, "geometry": { "type": "Polygon", "coordinates": [ [ [ 6.536663667339505, 62.481766476934538 ], [ 6.536527338232317, 62.482139093462344 ], [ 6.536126621291369, 62.48205121515133 ], [ 6.536663667339505, 62.481766476934538 ] ] ] } },
{ "type": "Feature", "properties": { }, "geometry": { "type": "Polygon", "coordinates": [ [ [ 6.536663667339505, 62.481766476934538 ], [ 6.538023122170425, 62.48206459869013 ], [ 6.536527338232317, 62.482139093462344 ], [ 6.536663667339505, 62.481766476934538 ] ] ] } },
{ "type": "Feature", "properties": { }, "geometry": { "type": "Polygon", "coordinates": [ [ [ 6.536527338232317, 62.482139093462344 ], [ 6.538023122170425, 62.48206459869013 ], [ 6.538307671642369, 62.482906908451092 ], [ 6.536527338232317, 62.482139093462344 ] ] ] } },
{ "type": "Feature", "properties": { }, "geometry": { "type": "Polygon", "coordinates": [ [ [ 6.538023122170425, 62.48206459869013 ], [ 6.539364104577715, 62.482551360624669 ], [ 6.538307671642369, 62.482906908451092 ], [ 6.538023122170425, 62.48206459869013 ] ] ] } },
{ "type": "Feature", "properties": { }, "geometry": { "type": "Polygon", "coordinates": [ [ [ 6.539364104577715, 62.482551360624669 ], [ 6.539962120779577, 62.483088737462481 ], [ 6.538307671642369, 62.482906908451092 ], [ 6.539364104577715, 62.482551360624669 ] ] ] } },
{ "type": "Feature", "properties": { }, "geometry": { "type": "Polygon", "coordinates": [ [ [ 6.539364104577715, 62.482551360624669 ], [ 6.540590979341458, 62.48275896992623 ], [ 6.539962120779577, 62.483088737462481 ], [ 6.539364104577715, 62.482551360624669 ] ] ] } },
{ "type": "Feature", "properties": { }, "geometry": { "type": "Polygon", "coordinates": [ [ [ 6.540590979341458, 62.48275896992623 ], [ 6.540985510302717, 62.483151735852978 ], [ 6.539962120779577, 62.483088737462481 ], [ 6.540590979341458, 62.48275896992623 ] ] ] } },
{ "type": "Feature", "properties": { }, "geometry": { "type": "Polygon", "coordinates": [ [ [ 6.540590979341458, 62.48275896992623 ], [ 6.541370941827455, 62.482998464615584 ], [ 6.540985510302717, 62.483151735852978 ], [ 6.540590979341458, 62.48275896992623 ] ] ] } },
{ "type": "Feature", "properties": { }, "geometry": { "type": "Polygon", "coordinates": [ [ [ 6.541370941827455, 62.482998464615584 ], [ 6.541946624861293, 62.483267471390732 ], [ 6.540985510302717, 62.483151735852978 ], [ 6.541370941827455, 62.482998464615584 ] ] ] } },
{ "type": "Feature", "properties": { }, "geometry": { "type": "Polygon", "coordinates": [ [ [ 6.541370941827455, 62.482998464615584 ], [ 6.541836840730374, 62.482904512048528 ], [ 6.541946624861293, 62.483267471390732 ], [ 6.541370941827455, 62.482998464615584 ] ] ] } },
{ "type": "Feature", "properties": { }, "geometry": { "type": "Polygon", "coordinates": [ [ [ 6.541836840730374, 62.482904512048528 ], [ 6.54234036359321, 62.483187435307734 ], [ 6.541946624861293, 62.483267471390732 ], [ 6.541836840730374, 62.482904512048528 ] ] ] } },
{ "type": "Feature", "properties": { }, "geometry": { "type": "Polygon", "coordinates": [ [ [ 6.54234036359321, 62.483187435307734 ], [ 6.542095046098643, 62.483350866901752 ], [ 6.541946624861293, 62.483267471390732 ], [ 6.54234036359321, 62.483187435307734 ] ] ] } },
{ "type": "Feature", "properties": { }, "geometry": { "type": "Polygon", "coordinates": [ [ [ 6.54234036359321, 62.483187435307734 ], [ 6.542771969450745, 62.483380787676552 ], [ 6.542095046098643, 62.483350866901752 ], [ 6.54234036359321, 62.483187435307734 ] ] ] } },
{ "type": "Feature", "properties": { }, "geometry": { "type": "Polygon", "coordinates": [ [ [ 6.543296985129284, 62.482930110911042 ], [ 6.543934296016326, 62.48336001288105 ], [ 6.542771969450745, 62.483380787676552 ], [ 6.543296985129284, 62.482930110911042 ] ] ] } },
{ "type": "Feature", "properties": { }, "geometry": { "type": "Polygon", "coordinates": [ [ [ 6.542771969450745, 62.483380787676552 ], [ 6.543934296016326, 62.48336001288105 ], [ 6.54336104126117, 62.483534693716976 ], [ 6.542771969450745, 62.483380787676552 ] ] ] } },
{ "type": "Feature", "properties": { }, "geometry": { "type": "Polygon", "coordinates": [ [ [ 6.543296985129284, 62.482930110911042 ], [ 6.542771969450745, 62.483380787676552 ], [ 6.54234036359321, 62.483187435307734 ], [ 6.543296985129284, 62.482930110911042 ] ] ] } },
{ "type": "Feature", "properties": { }, "geometry": { "type": "Polygon", "coordinates": [ [ [ 6.543934296016326, 62.48336001288105 ], [ 6.543642812121046, 62.483647539695141 ], [ 6.54336104126117, 62.483534693716976 ], [ 6.543934296016326, 62.48336001288105 ] ] ] } },
{ "type": "Feature", "properties": { }, "geometry": { "type": "Polygon", "coordinates": [ [ [ 6.543934296016326, 62.48336001288105 ], [ 6.544718711172942, 62.483783264209599 ], [ 6.543642812121046, 62.483647539695141 ], [ 6.543934296016326, 62.48336001288105 ] ] ] } },
{ "type": "Feature", "properties": { }, "geometry": { "type": "Polygon", "coordinates": [ [ [ 6.543934296016326, 62.48336001288105 ], [ 6.545767328900477, 62.483543567082016 ], [ 6.544718711172942, 62.483783264209599 ], [ 6.543934296016326, 62.48336001288105 ] ] ] } },
{ "type": "Feature", "properties": { }, "geometry": { "type": "Polygon", "coordinates": [ [ [ 6.545767328900477, 62.483543567082016 ], [ 6.546171988564115, 62.484051290430223 ], [ 6.544718711172942, 62.483783264209599 ], [ 6.545767328900477, 62.483543567082016 ] ] ] } },
{ "type": "Feature", "properties": { }, "geometry": { "type": "Polygon", "coordinates": [ [ [ 6.545767328900477, 62.483543567082016 ], [ 6.546799768889236, 62.483797853605175 ], [ 6.546171988564115, 62.484051290430223 ], [ 6.545767328900477, 62.483543567082016 ] ] ] } },
{ "type": "Feature", "properties": { }, "geometry": { "type": "Polygon", "coordinates": [ [ [ 6.546799768889236, 62.483797853605175 ], [ 6.546550747361666, 62.484165708966692 ], [ 6.546171988564115, 62.484051290430223 ], [ 6.546799768889236, 62.483797853605175 ] ] ] } },
{ "type": "Feature", "properties": { }, "geometry": { "type": "Polygon", "coordinates": [ [ [ 6.546799768889236, 62.483797853605175 ], [ 6.547505123407556, 62.484102030612732 ], [ 6.546550747361666, 62.484165708966692 ], [ 6.546799768889236, 62.483797853605175 ] ] ] } },
{ "type": "Feature", "properties": { }, "geometry": { "type": "Polygon", "coordinates": [ [ [ 6.546550747361666, 62.484165708966692 ], [ 6.547505123407556, 62.484102030612732 ], [ 6.5480994052253, 62.484453349808327 ], [ 6.546550747361666, 62.484165708966692 ] ] ] } },
{ "type": "Feature", "properties": { }, "geometry": { "type": "Polygon", "coordinates": [ [ [ 6.547505123407556, 62.484102030612732 ], [ 6.548620859787311, 62.484092631252885 ], [ 6.5480994052253, 62.484453349808327 ], [ 6.547505123407556, 62.484102030612732 ] ] ] } },
{ "type": "Feature", "properties": { }, "geometry": { "type": "Polygon", "coordinates": [ [ [ 6.548620859787311, 62.484092631252885 ], [ 6.548969264518445, 62.484495544202382 ], [ 6.5480994052253, 62.484453349808327 ], [ 6.548620859787311, 62.484092631252885 ] ] ] } },
{ "type": "Feature", "properties": { }, "geometry": { "type": "Polygon", "coordinates": [ [ [ 6.548620859787311, 62.484092631252885 ], [ 6.549552139775176, 62.484403377445709 ], [ 6.548969264518445, 62.484495544202382 ], [ 6.548620859787311, 62.484092631252885 ] ] ] } },
{ "type": "Feature", "properties": { }, "geometry": { "type": "Polygon", "coordinates": [ [ [ 6.548969264518445, 62.484495544202382 ], [ 6.549552139775176, 62.484403377445709 ], [ 6.549614458938596, 62.484677411401378 ], [ 6.548969264518445, 62.484495544202382 ] ] ] } },
{ "type": "Feature", "properties": { }, "geometry": { "type": "Polygon", "coordinates": [ [ [ 6.549552139775176, 62.484403377445709 ], [ 6.549983299387262, 62.484593468728697 ], [ 6.549614458938596, 62.484677411401378 ], [ 6.549552139775176, 62.484403377445709 ] ] ] } },
{ "type": "Feature", "properties": { }, "geometry": { "type": "Polygon", "coordinates": [ [ [ 6.549983299387262, 62.484593468728697 ], [ 6.550000072803818, 62.484750687443459 ], [ 6.549614458938596, 62.484677411401378 ], [ 6.549983299387262, 62.484593468728697 ] ] ] } },
{ "type": "Feature", "properties": { }, "geometry": { "type": "Polygon", "coordinates": [ [ [ 6.549983299387262, 62.484593468728697 ], [ 6.550283651039895, 62.48469923470509 ], [ 6.550000072803818, 62.484750687443459 ], [ 6.549983299387262, 62.484593468728697 ] ] ] } },
{ "type": "Feature", "properties": { }, "geometry": { "type": "Polygon", "coordinates": [ [ [ 6.550283651039895, 62.48469923470509 ], [ 6.550187888654905, 62.484786343351324 ], [ 6.550000072803818, 62.484750687443459 ], [ 6.550283651039895, 62.48469923470509 ] ] ] } },
{ "type": "Feature", "properties": { }, "geometry": { "type": "Polygon", "coordinates": [ [ [ 6.550283651039895, 62.48469923470509 ], [ 6.550442035977816, 62.484763897834164 ], [ 6.550187888654905, 62.484786343351324 ], [ 6.550283651039895, 62.48469923470509 ] ] ] } },
{ "type": "Feature", "properties": { }, "geometry": { "type": "Polygon", "coordinates": [ [ [ 6.550283651039895, 62.48469923470509 ], [ 6.55048825762913, 62.484674943974596 ], [ 6.550442035977816, 62.484763897834164 ], [ 6.550283651039895, 62.48469923470509 ] ] ] } },
{ "type": "Feature", "properties": { }, "geometry": { "type": "Polygon", "coordinates": [ [ [ 6.550137883438237, 62.484453243846197 ], [ 6.55048825762913, 62.484674943974596 ], [ 6.550283651039895, 62.48469923470509 ], [ 6.550137883438237, 62.484453243846197 ] ] ] } },
{ "type": "Feature", "properties": { }, "geometry": { "type": "Polygon", "coordinates": [ [ [ 6.550094210789482, 62.484272729709893 ], [ 6.550137883438237, 62.484453243846197 ], [ 6.549552139775176, 62.484403377445709 ], [ 6.550094210789482, 62.484272729709893 ] ] ] } },
{ "type": "Feature", "properties": { }, "geometry": { "type": "Polygon", "coordinates": [ [ [ 6.550137883438237, 62.484453243846197 ], [ 6.550283651039895, 62.48469923470509 ], [ 6.549983299387262, 62.484593468728697 ], [ 6.550137883438237, 62.484453243846197 ] ] ] } },
{ "type": "Feature", "properties": { }, "geometry": { "type": "Polygon", "coordinates": [ [ [ 6.549552139775176, 62.484403377445709 ], [ 6.550137883438237, 62.484453243846197 ], [ 6.549983299387262, 62.484593468728697 ], [ 6.549552139775176, 62.484403377445709 ] ] ] } },
{ "type": "Feature", "properties": { }, "geometry": { "type": "Polygon", "coordinates": [ [ [ 6.549609286602452, 62.484080928820532 ], [ 6.55024673503583, 62.484068947904959 ], [ 6.550094210789482, 62.484272729709893 ], [ 6.549609286602452, 62.484080928820532 ] ] ] } },
{ "type": "Feature", "properties": { }, "geometry": { "type": "Polygon", "coordinates": [ [ [ 6.549609286602452, 62.484080928820532 ], [ 6.550094210789482, 62.484272729709893 ], [ 6.549552139775176, 62.484403377445709 ], [ 6.549609286602452, 62.484080928820532 ] ] ] } },
{ "type": "Feature", "properties": { }, "geometry": { "type": "Polygon", "coordinates": [ [ [ 6.549984996160845, 62.483842377447054 ], [ 6.55024673503583, 62.484068947904959 ], [ 6.549609286602452, 62.484080928820532 ], [ 6.549984996160845, 62.483842377447054 ] ] ] } },
{ "type": "Feature", "properties": { }, "geometry": { "type": "Polygon", "coordinates": [ [ [ 6.549984996160845, 62.483842377447054 ], [ 6.550464050010311, 62.483972278105092 ], [ 6.55024673503583, 62.484068947904959 ], [ 6.549984996160845, 62.483842377447054 ] ] ] } },
{ "type": "Feature", "properties": { }, "geometry": { "type": "Polygon", "coordinates": [ [ [ 6.550464050010311, 62.483972278105092 ], [ 6.550714212822658, 62.484050111877984 ], [ 6.55024673503583, 62.484068947904959 ], [ 6.550464050010311, 62.483972278105092 ] ] ] } },
{ "type": "Feature", "properties": { }, "geometry": { "type": "Polygon", "coordinates": [ [ [ 6.550464050010311, 62.483972278105092 ], [ 6.550738476170907, 62.483914541884246 ], [ 6.550714212822658, 62.484050111877984 ], [ 6.550464050010311, 62.483972278105092 ] ] ] } },
{ "type": "Feature", "properties": { }, "geometry": { "type": "Polygon", "coordinates": [ [ [ 6.550738476170907, 62.483914541884246 ], [ 6.550870903240582, 62.484035997083012 ], [ 6.550714212822658, 62.484050111877984 ], [ 6.550738476170907, 62.483914541884246 ] ] ] } },
{ "type": "Feature", "properties": { }, "geometry": { "type": "Polygon", "coordinates": [ [ [ 6.550738476170907, 62.483914541884246 ], [ 6.551118418617576, 62.483902046954022 ], [ 6.550870903240582, 62.484035997083012 ], [ 6.550738476170907, 62.483914541884246 ] ] ] } },
{ "type": "Feature", "properties": { }, "geometry": { "type": "Polygon", "coordinates": [ [ [ 6.551118418617576, 62.483902046954022 ], [ 6.551457408058275, 62.483982411880767 ], [ 6.550870903240582, 62.484035997083012 ], [ 6.551118418617576, 62.483902046954022 ] ] ] } },
{ "type": "Feature", "properties": { }, "geometry": { "type": "Polygon", "coordinates": [ [ [ 6.55147094167583, 62.48377696924296 ], [ 6.551942674971685, 62.483981998549901 ], [ 6.551457408058275, 62.483982411880767 ], [ 6.55147094167583, 62.48377696924296 ] ] ] } },
{ "type": "Feature", "properties": { }, "geometry": { "type": "Polygon", "coordinates": [ [ [ 6.55147094167583, 62.48377696924296 ], [ 6.551457408058275, 62.483982411880767 ], [ 6.551118418617576, 62.483902046954022 ], [ 6.55147094167583, 62.48377696924296 ] ] ] } },
{ "type": "Feature", "properties": { }, "geometry": { "type": "Polygon", "coordinates": [ [ [ 6.551865339887474, 62.483682369948163 ], [ 6.55227812922523, 62.483916000224596 ], [ 6.551942674971685, 62.483981998549901 ], [ 6.551865339887474, 62.483682369948163 ] ] ] } },
{ "type": "Feature", "properties": { }, "geometry": { "type": "Polygon", "coordinates": [ [ [ 6.55147094167583, 62.48377696924296 ], [ 6.551865339887474, 62.483682369948163 ], [ 6.551942674971685, 62.483981998549901 ], [ 6.55147094167583, 62.48377696924296 ] ] ] } },
{ "type": "Feature", "properties": { }, "geometry": { "type": "Polygon", "coordinates": [ [ [ 6.552506407521979, 62.483737922510613 ], [ 6.552605986214289, 62.48393977356708 ], [ 6.55227812922523, 62.483916000224596 ], [ 6.552506407521979, 62.483737922510613 ] ] ] } },
{ "type": "Feature", "properties": { }, "geometry": { "type": "Polygon", "coordinates": [ [ [ 6.551865339887474, 62.483682369948163 ], [ 6.552506407521979, 62.483737922510613 ], [ 6.55227812922523, 62.483916000224596 ], [ 6.551865339887474, 62.483682369948163 ] ] ] } },
{ "type": "Feature", "properties": { }, "geometry": { "type": "Polygon", "coordinates": [ [ [ 6.552506407521979, 62.483737922510613 ], [ 6.552908629116072, 62.483828672819463 ], [ 6.552605986214289, 62.48393977356708 ], [ 6.552506407521979, 62.483737922510613 ] ] ] } },
{ "type": "Feature", "properties": { }, "geometry": { "type": "Polygon", "coordinates": [ [ [ 6.552908629116072, 62.483828672819463 ], [ 6.552776068514804, 62.483996565501215 ], [ 6.552605986214289, 62.48393977356708 ], [ 6.552908629116072, 62.483828672819463 ] ] ] } },
{ "type": "Feature", "properties": { }, "geometry": { "type": "Polygon", "coordinates": [ [ [ 6.552908629116072, 62.483828672819463 ], [ 6.553002803812272, 62.484072435748601 ], [ 6.552776068514804, 62.483996565501215 ], [ 6.552908629116072, 62.483828672819463 ] ] ] } },
{ "type": "Feature", "properties": { }, "geometry": { "type": "Polygon", "coordinates": [ [ [ 6.553411533788578, 62.483912858428674 ], [ 6.553383774187023, 62.484159961798213 ], [ 6.553002803812272, 62.484072435748601 ], [ 6.553411533788578, 62.483912858428674 ] ] ] } },
{ "type": "Feature", "properties": { }, "geometry": { "type": "Polygon", "coordinates": [ [ [ 6.552908629116072, 62.483828672819463 ], [ 6.553411533788578, 62.483912858428674 ], [ 6.553002803812272, 62.484072435748601 ], [ 6.552908629116072, 62.483828672819463 ] ] ] } },
{ "type": "Feature", "properties": { }, "geometry": { "type": "Polygon", "coordinates": [ [ [ 6.553411533788578, 62.483912858428674 ], [ 6.55417839545637, 62.483953700586902 ], [ 6.553383774187023, 62.484159961798213 ], [ 6.553411533788578, 62.483912858428674 ] ] ] } },
{ "type": "Feature", "properties": { }, "geometry": { "type": "Polygon", "coordinates": [ [ [ 6.55417839545637, 62.483953700586902 ], [ 6.553970877647101, 62.484340887583969 ], [ 6.553383774187023, 62.484159961798213 ], [ 6.55417839545637, 62.483953700586902 ] ] ] } },
{ "type": "Feature", "properties": { }, "geometry": { "type": "Polygon", "coordinates": [ [ [ 6.55417839545637, 62.483953700586902 ], [ 6.554499985488468, 62.48427837281649 ], [ 6.553970877647101, 62.484340887583969 ], [ 6.55417839545637, 62.483953700586902 ] ] ] } },
{ "type": "Feature", "properties": { }, "geometry": { "type": "Polygon", "coordinates": [ [ [ 6.554891902938718, 62.484089993419659 ], [ 6.554985333798688, 62.484277682582359 ], [ 6.554499985488468, 62.48427837281649 ], [ 6.554891902938718, 62.484089993419659 ] ] ] } },
{ "type": "Feature", "properties": { }, "geometry": { "type": "Polygon", "coordinates": [ [ [ 6.55417839545637, 62.483953700586902 ], [ 6.554891902938718, 62.484089993419659 ], [ 6.554499985488468, 62.48427837281649 ], [ 6.55417839545637, 62.483953700586902 ] ] ] } },
{ "type": "Feature", "properties": { }, "geometry": { "type": "Polygon", "coordinates": [ [ [ 6.554891902938718, 62.484089993419659 ], [ 6.555183543533604, 62.484227433077024 ], [ 6.554985333798688, 62.484277682582359 ], [ 6.554891902938718, 62.484089993419659 ] ] ] } },
{ "type": "Feature", "properties": { }, "geometry": { "type": "Polygon", "coordinates": [ [ [ 6.555183543533604, 62.484227433077024 ], [ 6.555949412035723, 62.484244645498073 ], [ 6.554985333798688, 62.484277682582359 ], [ 6.555183543533604, 62.484227433077024 ] ] ] } },
{ "type": "Feature", "properties": { }, "geometry": { "type": "Polygon", "coordinates": [ [ [ 6.554985333798688, 62.484277682582359 ], [ 6.555949412035723, 62.484244645498073 ], [ 6.556449354202132, 62.484653737105397 ], [ 6.554985333798688, 62.484277682582359 ] ] ] } },
{ "type": "Feature", "properties": { }, "geometry": { "type": "Polygon", "coordinates": [ [ [ 6.555564333131249, 62.483919518689355 ], [ 6.555949412035723, 62.484244645498073 ], [ 6.555183543533604, 62.484227433077024 ], [ 6.555564333131249, 62.483919518689355 ] ] ] } },
{ "type": "Feature", "properties": { }, "geometry": { "type": "Polygon", "coordinates": [ [ [ 6.555564333131249, 62.483919518689355 ], [ 6.555183543533604, 62.484227433077024 ], [ 6.554891902938718, 62.484089993419659 ], [ 6.555564333131249, 62.483919518689355 ] ] ] } },
{ "type": "Feature", "properties": { }, "geometry": { "type": "Polygon", "coordinates": [ [ [ 6.555949412035723, 62.484244645498073 ], [ 6.556982791920253, 62.484244260031595 ], [ 6.556449354202132, 62.484653737105397 ], [ 6.555949412035723, 62.484244645498073 ] ] ] } },
{ "type": "Feature", "properties": { }, "geometry": { "type": "Polygon", "coordinates": [ [ [ 6.556982791920253, 62.484244260031595 ], [ 6.559315128220877, 62.484739741962514 ], [ 6.556449354202132, 62.484653737105397 ], [ 6.556982791920253, 62.484244260031595 ] ] ] } },
{ "type": "Feature", "properties": { }, "geometry": { "type": "Polygon", "coordinates": [ [ [ 6.560654945836482, 62.48430468270243 ], [ 6.560673466352716, 62.484745576248841 ], [ 6.559315128220877, 62.484739741962514 ], [ 6.560654945836482, 62.48430468270243 ] ] ] } },
{ "type": "Feature", "properties": { }, "geometry": { "type": "Polygon", "coordinates": [ [ [ 6.556982791920253, 62.484244260031595 ], [ 6.558617732266952, 62.484019667586416 ], [ 6.559315128220877, 62.484739741962514 ], [ 6.556982791920253, 62.484244260031595 ] ] ] } },
{ "type": "Feature", "properties": { }, "geometry": { "type": "Polygon", "coordinates": [ [ [ 6.558617732266952, 62.484019667586416 ], [ 6.560654945836482, 62.48430468270243 ], [ 6.559315128220877, 62.484739741962514 ], [ 6.558617732266952, 62.484019667586416 ] ] ] } },
{ "type": "Feature", "properties": { }, "geometry": { "type": "Polygon", "coordinates": [ [ [ 6.560654945836482, 62.48430468270243 ], [ 6.56116869809529, 62.484676118329112 ], [ 6.560673466352716, 62.484745576248841 ], [ 6.560654945836482, 62.48430468270243 ] ] ] } },
{ "type": "Feature", "properties": { }, "geometry": { "type": "Polygon", "coordinates": [ [ [ 6.560673466352716, 62.484745576248841 ], [ 6.56116869809529, 62.484676118329112 ], [ 6.561009900016698, 62.484903983112943 ], [ 6.560673466352716, 62.484745576248841 ] ] ] } },
{ "type": "Feature", "properties": { }, "geometry": { "type": "Polygon", "coordinates": [ [ [ 6.56116869809529, 62.484676118329112 ], [ 6.561627857398732, 62.484786542243491 ], [ 6.561009900016698, 62.484903983112943 ], [ 6.56116869809529, 62.484676118329112 ] ] ] } },
{ "type": "Feature", "properties": { }, "geometry": { "type": "Polygon", "coordinates": [ [ [ 6.561627857398732, 62.484786542243491 ], [ 6.561592109943587, 62.484905281808302 ], [ 6.561009900016698, 62.484903983112943 ], [ 6.561627857398732, 62.484786542243491 ] ] ] } },
{ "type": "Feature", "properties": { }, "geometry": { "type": "Polygon", "coordinates": [ [ [ 6.561627857398732, 62.484786542243491 ], [ 6.561731488292779, 62.484896423637828 ], [ 6.561592109943587, 62.484905281808302 ], [ 6.561627857398732, 62.484786542243491 ] ] ] } },
{ "type": "Feature", "properties": { }, "geometry": { "type": "Polygon", "coordinates": [ [ [ 6.561627857398732, 62.484786542243491 ], [ 6.561923758378778, 62.48488419114036 ], [ 6.561731488292779, 62.484896423637828 ], [ 6.561627857398732, 62.484786542243491 ] ] ] } },
{ "type": "Feature", "properties": { }, "geometry": { "type": "Polygon", "coordinates": [ [ [ 6.562149965081393, 62.484592683928895 ], [ 6.561923758378778, 62.48488419114036 ], [ 6.561627857398732, 62.484786542243491 ], [ 6.562149965081393, 62.484592683928895 ] ] ] } },
{ "type": "Feature", "properties": { }, "geometry": { "type": "Polygon", "coordinates": [ [ [ 6.562149965081393, 62.484592683928895 ], [ 6.562647560435626, 62.484815973375731 ], [ 6.561923758378778, 62.48488419114036 ], [ 6.562149965081393, 62.484592683928895 ] ] ] } },
{ "type": "Feature", "properties": { }, "geometry": { "type": "Polygon", "coordinates": [ [ [ 6.563160948190581, 62.484340763835348 ], [ 6.562647560435626, 62.484815973375731 ], [ 6.562149965081393, 62.484592683928895 ], [ 6.563160948190581, 62.484340763835348 ] ] ] } },
{ "type": "Feature", "properties": { }, "geometry": { "type": "Polygon", "coordinates": [ [ [ 6.563160948190581, 62.484340763835348 ], [ 6.5639678653647, 62.484812053692444 ], [ 6.562647560435626, 62.484815973375731 ], [ 6.563160948190581, 62.484340763835348 ] ] ] } },
{ "type": "Feature", "properties": { }, "geometry": { "type": "Polygon", "coordinates": [ [ [ 6.565203002709125, 62.483997444025242 ], [ 6.566084632346613, 62.484542831757814 ], [ 6.5639678653647, 62.484812053692444 ], [ 6.565203002709125, 62.483997444025242 ] ] ] } },
{ "type": "Feature", "properties": { }, "geometry": { "type": "Polygon", "coordinates": [ [ [ 6.566084632346613, 62.484542831757814 ], [ 6.566429649496117, 62.484854988749341 ], [ 6.5639678653647, 62.484812053692444 ], [ 6.566084632346613, 62.484542831757814 ] ] ] } },
{ "type": "Feature", "properties": { }, "geometry": { "type": "Polygon", "coordinates": [ [ [ 6.563160948190581, 62.484340763835348 ], [ 6.565203002709125, 62.483997444025242 ], [ 6.5639678653647, 62.484812053692444 ], [ 6.563160948190581, 62.484340763835348 ] ] ] } },
{ "type": "Feature", "properties": { }, "geometry": { "type": "Polygon", "coordinates": [ [ [ 6.566084632346613, 62.484542831757814 ], [ 6.566731361645791, 62.48472557374901 ], [ 6.566429649496117, 62.484854988749341 ], [ 6.566084632346613, 62.484542831757814 ] ] ] } },
{ "type": "Feature", "properties": { }, "geometry": { "type": "Polygon", "coordinates": [ [ [ 6.566893489628953, 62.484266429007889 ], [ 6.567651453193831, 62.484572153112879 ], [ 6.566731361645791, 62.48472557374901 ], [ 6.566893489628953, 62.484266429007889 ] ] ] } },
{ "type": "Feature", "properties": { }, "geometry": { "type": "Polygon", "coordinates": [ [ [ 6.567651453193831, 62.484572153112879 ], [ 6.567936670199876, 62.484701704344474 ], [ 6.566731361645791, 62.48472557374901 ], [ 6.567651453193831, 62.484572153112879 ] ] ] } },
{ "type": "Feature", "properties": { }, "geometry": { "type": "Polygon", "coordinates": [ [ [ 6.566893489628953, 62.484266429007889 ], [ 6.566731361645791, 62.48472557374901 ], [ 6.566084632346613, 62.484542831757814 ], [ 6.566893489628953, 62.484266429007889 ] ] ] } },
{ "type": "Feature", "properties": { }, "geometry": { "type": "Polygon", "coordinates": [ [ [ 6.567651453193831, 62.484572153112879 ], [ 6.568040953648713, 62.48461365921856 ], [ 6.567936670199876, 62.484701704344474 ], [ 6.567651453193831, 62.484572153112879 ] ] ] } },
{ "type": "Feature", "properties": { }, "geometry": { "type": "Polygon", "coordinates": [ [ [ 6.567499904622408, 62.483867823925827 ], [ 6.568040953648713, 62.48461365921856 ], [ 6.567651453193831, 62.484572153112879 ], [ 6.567499904622408, 62.483867823925827 ] ] ] } },
{ "type": "Feature", "properties": { }, "geometry": { "type": "Polygon", "coordinates": [ [ [ 6.567499904622408, 62.483867823925827 ], [ 6.567651453193831, 62.484572153112879 ], [ 6.566893489628953, 62.484266429007889 ], [ 6.567499904622408, 62.483867823925827 ] ] ] } },
{ "type": "Feature", "properties": { }, "geometry": { "type": "Polygon", "coordinates": [ [ [ 6.566571291770303, 62.483746320473983 ], [ 6.567499904622408, 62.483867823925827 ], [ 6.566893489628953, 62.484266429007889 ], [ 6.566571291770303, 62.483746320473983 ] ] ] } },
{ "type": "Feature", "properties": { }, "geometry": { "type": "Polygon", "coordinates": [ [ [ 6.567500266725741, 62.483625417178182 ], [ 6.567499904622408, 62.483867823925827 ], [ 6.566571291770303, 62.483746320473983 ], [ 6.567500266725741, 62.483625417178182 ] ] ] } },
{ "type": "Feature", "properties": { }, "geometry": { "type": "Polygon", "coordinates": [ [ [ 6.567171938824972, 62.483111188340899 ], [ 6.56818651065984, 62.483305142985053 ], [ 6.567500266725741, 62.483625417178182 ], [ 6.567171938824972, 62.483111188340899 ] ] ] } },
{ "type": "Feature", "properties": { }, "geometry": { "type": "Polygon", "coordinates": [ [ [ 6.567171938824972, 62.483111188340899 ], [ 6.567500266725741, 62.483625417178182 ], [ 6.566571291770303, 62.483746320473983 ], [ 6.567171938824972, 62.483111188340899 ] ] ] } },
{ "type": "Feature", "properties": { }, "geometry": { "type": "Polygon", "coordinates": [ [ [ 6.568179750101081, 62.48290983705536 ], [ 6.56818651065984, 62.483305142985053 ], [ 6.567171938824972, 62.483111188340899 ], [ 6.568179750101081, 62.48290983705536 ] ] ] } },
{ "type": "Feature", "properties": { }, "geometry": { "type": "Polygon", "coordinates": [ [ [ 6.566861891345478, 62.482623961064057 ], [ 6.568179750101081, 62.48290983705536 ], [ 6.567171938824972, 62.483111188340899 ], [ 6.566861891345478, 62.482623961064057 ] ] ] } },
{ "type": "Feature", "properties": { }, "geometry": { "type": "Polygon", "coordinates": [ [ [ 6.567602472550703, 62.482369903134668 ], [ 6.568179750101081, 62.48290983705536 ], [ 6.566861891345478, 62.482623961064057 ], [ 6.567602472550703, 62.482369903134668 ] ] ] } },
{ "type": "Feature", "properties": { }, "geometry": { "type": "Polygon", "coordinates": [ [ [ 6.567206404853955, 62.482228298009325 ], [ 6.567602472550703, 62.482369903134668 ], [ 6.566861891345478, 62.482623961064057 ], [ 6.567206404853955, 62.482228298009325 ] ] ] } },
{ "type": "Feature", "properties": { }, "geometry": { "type": "Polygon", "coordinates": [ [ [ 6.567206404853955, 62.482228298009325 ], [ 6.566861891345478, 62.482623961064057 ], [ 6.566076282952528, 62.482543517369685 ], [ 6.567206404853955, 62.482228298009325 ] ] ] } },
{ "type": "Feature", "properties": { }, "geometry": { "type": "Polygon", "coordinates": [ [ [ 6.56571336244854, 62.482211255681037 ], [ 6.567206404853955, 62.482228298009325 ], [ 6.566076282952528, 62.482543517369685 ], [ 6.56571336244854, 62.482211255681037 ] ] ] } },
{ "type": "Feature", "properties": { }, "geometry": { "type": "Polygon", "coordinates": [ [ [ 6.56571336244854, 62.482211255681037 ], [ 6.566076282952528, 62.482543517369685 ], [ 6.565296136694731, 62.482452406136524 ], [ 6.56571336244854, 62.482211255681037 ] ] ] } },
{ "type": "Feature", "properties": { }, "geometry": { "type": "Polygon", "coordinates": [ [ [ 6.564777754717562, 62.4822577458458 ], [ 6.56571336244854, 62.482211255681037 ], [ 6.565296136694731, 62.482452406136524 ], [ 6.564777754717562, 62.4822577458458 ] ] ] } },
{ "type": "Feature", "properties": { }, "geometry": { "type": "Polygon", "coordinates": [ [ [ 6.564777754717562, 62.4822577458458 ], [ 6.565296136694731, 62.482452406136524 ], [ 6.564629762538168, 62.482471324021802 ], [ 6.564777754717562, 62.4822577458458 ] ] ] } },
{ "type": "Feature", "properties": { }, "geometry": { "type": "Polygon", "coordinates": [ [ [ 6.564308354136925, 62.482303427297573 ], [ 6.564777754717562, 62.4822577458458 ], [ 6.564629762538168, 62.482471324021802 ], [ 6.564308354136925, 62.482303427297573 ] ] ] } },
{ "type": "Feature", "properties": { }, "geometry": { "type": "Polygon", "coordinates": [ [ [ 6.564308354136925, 62.482303427297573 ], [ 6.564629762538168, 62.482471324021802 ], [ 6.563896754150796, 62.482448899129224 ], [ 6.564308354136925, 62.482303427297573 ] ] ] } },
{ "type": "Feature", "properties": { }, "geometry": { "type": "Polygon", "coordinates": [ [ [ 6.563503730426159, 62.482360514914134 ], [ 6.564308354136925, 62.482303427297573 ], [ 6.563896754150796, 62.482448899129224 ], [ 6.563503730426159, 62.482360514914134 ] ] ] } },
{ "type": "Feature", "properties": { }, "geometry": { "type": "Polygon", "coordinates": [ [ [ 6.563113665565139, 62.48224562185284 ], [ 6.563278165640368, 62.482321390024026 ], [ 6.563139295047801, 62.482294705633088 ], [ 6.563113665565139, 62.48224562185284 ] ] ] } },
{ "type": "Feature", "properties": { }, "geometry": { "type": "Polygon", "coordinates": [ [ [ 6.563278165640368, 62.482321390024026 ], [ 6.563503730426159, 62.482360514914134 ], [ 6.563462222235608, 62.482470306260815 ], [ 6.563278165640368, 62.482321390024026 ] ] ] } },
{ "type": "Feature", "properties": { }, "geometry": { "type": "Polygon", "coordinates": [ [ [ 6.563137113483614, 62.48238783660652 ], [ 6.563278165640368, 62.482321390024026 ], [ 6.563462222235608, 62.482470306260815 ], [ 6.563137113483614, 62.48238783660652 ] ] ] } },
{ "type": "Feature", "properties": { }, "geometry": { "type": "Polygon", "coordinates": [ [ [ 6.563139295047801, 62.482294705633088 ], [ 6.563278165640368, 62.482321390024026 ], [ 6.563137113483614, 62.48238783660652 ], [ 6.563139295047801, 62.482294705633088 ] ] ] } },
{ "type": "Feature", "properties": { }, "geometry": { "type": "Polygon", "coordinates": [ [ [ 6.563062010356009, 62.482259052336502 ], [ 6.563113665565139, 62.48224562185284 ], [ 6.563139295047801, 62.482294705633088 ], [ 6.563062010356009, 62.482259052336502 ] ] ] } },
{ "type": "Feature", "properties": { }, "geometry": { "type": "Polygon", "coordinates": [ [ [ 6.563090884889592, 62.482235112564439 ], [ 6.563113665565139, 62.48224562185284 ], [ 6.563062010356009, 62.482259052336502 ], [ 6.563090884889592, 62.482235112564439 ] ] ] } },
{ "type": "Feature", "properties": { }, "geometry": { "type": "Polygon", "coordinates": [ [ [ 6.563034945805818, 62.482209397739702 ], [ 6.563090884889592, 62.482235112564439 ], [ 6.563062010356009, 62.482259052336502 ], [ 6.563034945805818, 62.482209397739702 ] ] ] } },
{ "type": "Feature", "properties": { }, "geometry": { "type": "Polygon", "coordinates": [ [ [ 6.563034945805818, 62.482209397739702 ], [ 6.563062010356009, 62.482259052336502 ], [ 6.562858233443804, 62.4822564237599 ], [ 6.563034945805818, 62.482209397739702 ] ] ] } },
{ "type": "Feature", "properties": { }, "geometry": { "type": "Polygon", "coordinates": [ [ [ 6.562817789880127, 62.482129295740179 ], [ 6.563034945805818, 62.482209397739702 ], [ 6.562858233443804, 62.4822564237599 ], [ 6.562817789880127, 62.482129295740179 ] ] ] } },
{ "type": "Feature", "properties": { }, "geometry": { "type": "Polygon", "coordinates": [ [ [ 6.562991363519509, 62.482028986917619 ], [ 6.563034945805818, 62.482209397739702 ], [ 6.562817789880127, 62.482129295740179 ], [ 6.562991363519509, 62.482028986917619 ] ] ] } },
{ "type": "Feature", "properties": { }, "geometry": { "type": "Polygon", "coordinates": [ [ [ 6.563130745774656, 62.481770775190647 ], [ 6.562991363519509, 62.482028986917619 ], [ 6.562520261773341, 62.48193677173974 ], [ 6.563130745774656, 62.481770775190647 ] ] ] } },
{ "type": "Feature", "properties": { }, "geometry": { "type": "Polygon", "coordinates": [ [ [ 6.562520261773341, 62.48193677173974 ], [ 6.562991363519509, 62.482028986917619 ], [ 6.562817789880127, 62.482129295740179 ], [ 6.562520261773341, 62.48193677173974 ] ] ] } },
{ "type": "Feature", "properties": { }, "geometry": { "type": "Polygon", "coordinates": [ [ [ 6.562900281021089, 62.481480524315273 ], [ 6.563532742196912, 62.48158041898575 ], [ 6.563130745774656, 62.481770775190647 ], [ 6.562900281021089, 62.481480524315273 ] ] ] } },
{ "type": "Feature", "properties": { }, "geometry": { "type": "Polygon", "coordinates": [ [ [ 6.563129277409715, 62.481190025097405 ], [ 6.563532742196912, 62.48158041898575 ], [ 6.562900281021089, 62.481480524315273 ], [ 6.563129277409715, 62.481190025097405 ] ] ] } },
{ "type": "Feature", "properties": { }, "geometry": { "type": "Polygon", "coordinates": [ [ [ 6.563129277409715, 62.481190025097405 ], [ 6.563914154788465, 62.481425332318381 ], [ 6.563532742196912, 62.48158041898575 ], [ 6.563129277409715, 62.481190025097405 ] ] ] } },
{ "type": "Feature", "properties": { }, "geometry": { "type": "Polygon", "coordinates": [ [ [ 6.563129277409715, 62.481190025097405 ], [ 6.564298098104594, 62.481001052382723 ], [ 6.563914154788465, 62.481425332318381 ], [ 6.563129277409715, 62.481190025097405 ] ] ] } },
{ "type": "Feature", "properties": { }, "geometry": { "type": "Polygon", "coordinates": [ [ [ 6.563442355748585, 62.480547035673581 ], [ 6.564298098104594, 62.481001052382723 ], [ 6.563129277409715, 62.481190025097405 ], [ 6.563442355748585, 62.480547035673581 ] ] ] } },
{ "type": "Feature", "properties": { }, "geometry": { "type": "Polygon", "coordinates": [ [ [ 6.563442355748585, 62.480547035673581 ], [ 6.564352412706439, 62.480570982953168 ], [ 6.564298098104594, 62.481001052382723 ], [ 6.563442355748585, 62.480547035673581 ] ] ] } },
{ "type": "Feature", "properties": { }, "geometry": { "type": "Polygon", "coordinates": [ [ [ 6.56424532746676, 62.480347416535828 ], [ 6.56473754880469, 62.480371140058864 ], [ 6.564352412706439, 62.480570982953168 ], [ 6.56424532746676, 62.480347416535828 ] ] ] } },
{ "type": "Feature", "properties": { }, "geometry": { "type": "Polygon", "coordinates": [ [ [ 6.563708513075118, 62.480330673849082 ], [ 6.564352412706439, 62.480570982953168 ], [ 6.563442355748585, 62.480547035673581 ], [ 6.563708513075118, 62.480330673849082 ] ] ] } },
{ "type": "Feature", "properties": { }, "geometry": { "type": "Polygon", "coordinates": [ [ [ 6.563708513075118, 62.480330673849082 ], [ 6.56424532746676, 62.480347416535828 ], [ 6.564352412706439, 62.480570982953168 ], [ 6.563708513075118, 62.480330673849082 ] ] ] } },
{ "type": "Feature", "properties": { }, "geometry": { "type": "Polygon", "coordinates": [ [ [ 6.564539641694686, 62.480163321853667 ], [ 6.56473754880469, 62.480371140058864 ], [ 6.56424532746676, 62.480347416535828 ], [ 6.564539641694686, 62.480163321853667 ] ] ] } },
{ "type": "Feature", "properties": { }, "geometry": { "type": "Polygon", "coordinates": [ [ [ 6.564539641694686, 62.480163321853667 ], [ 6.564789874363136, 62.479967956667174 ], [ 6.56473754880469, 62.480371140058864 ], [ 6.564539641694686, 62.480163321853667 ] ] ] } },
{ "type": "Feature", "properties": { }, "geometry": { "type": "Polygon", "coordinates": [ [ [ 6.56434883952011, 62.479954086071146 ], [ 6.564789874363136, 62.479967956667174 ], [ 6.564539641694686, 62.480163321853667 ], [ 6.56434883952011, 62.479954086071146 ] ] ] } },
{ "type": "Feature", "properties": { }, "geometry": { "type": "Polygon", "coordinates": [ [ [ 6.564740536725775, 62.479859275097695 ], [ 6.564789874363136, 62.479967956667174 ], [ 6.56434883952011, 62.479954086071146 ], [ 6.564740536725775, 62.479859275097695 ] ] ] } },
{ "type": "Feature", "properties": { }, "geometry": { "type": "Polygon", "coordinates": [ [ [ 6.564503078086473, 62.479675556814385 ], [ 6.564740536725775, 62.479859275097695 ], [ 6.56434883952011, 62.479954086071146 ], [ 6.564503078086473, 62.479675556814385 ] ] ] } },
{ "type": "Feature", "properties": { }, "geometry": { "type": "Polygon", "coordinates": [ [ [ 6.564017903511443, 62.479675926350041 ], [ 6.564503078086473, 62.479675556814385 ], [ 6.56434883952011, 62.479954086071146 ], [ 6.564017903511443, 62.479675926350041 ] ] ] } },
{ "type": "Feature", "properties": { }, "geometry": { "type": "Polygon", "coordinates": [ [ [ 6.564017903511443, 62.479675926350041 ], [ 6.56434883952011, 62.479954086071146 ], [ 6.563814272582465, 62.479909029651807 ], [ 6.564017903511443, 62.479675926350041 ] ] ] } },
{ "type": "Feature", "properties": { }, "geometry": { "type": "Polygon", "coordinates": [ [ [ 6.563023064786087, 62.479625439597591 ], [ 6.564017903511443, 62.479675926350041 ], [ 6.563814272582465, 62.479909029651807 ], [ 6.563023064786087, 62.479625439597591 ] ] ] } },
{ "type": "Feature", "properties": { }, "geometry": { "type": "Polygon", "coordinates": [ [ [ 6.563630999535048, 62.479184318401209 ], [ 6.564017903511443, 62.479675926350041 ], [ 6.563023064786087, 62.479625439597591 ], [ 6.563630999535048, 62.479184318401209 ] ] ] } },
{ "type": "Feature", "properties": { }, "geometry": { "type": "Polygon", "coordinates": [ [ [ 6.562825778261904, 62.479256960615608 ], [ 6.563630999535048, 62.479184318401209 ], [ 6.563023064786087, 62.479625439597591 ], [ 6.562825778261904, 62.479256960615608 ] ] ] } },
{ "type": "Feature", "properties": { }, "geometry": { "type": "Polygon", "coordinates": [ [ [ 6.563187039204405, 62.478916130252664 ], [ 6.563630999535048, 62.479184318401209 ], [ 6.562825778261904, 62.479256960615608 ], [ 6.563187039204405, 62.478916130252664 ] ] ] } },
{ "type": "Feature", "properties": { }, "geometry": { "type": "Polygon", "coordinates": [ [ [ 6.562316944661609, 62.478640516225845 ], [ 6.563187039204405, 62.478916130252664 ], [ 6.562825778261904, 62.479256960615608 ], [ 6.562316944661609, 62.478640516225845 ] ] ] } },
{ "type": "Feature", "properties": { }, "geometry": { "type": "Polygon", "coordinates": [ [ [ 6.562316944661609, 62.478640516225845 ], [ 6.562825778261904, 62.479256960615608 ], [ 6.561715342066591, 62.479071701604788 ], [ 6.562316944661609, 62.478640516225845 ] ] ] } },
{ "type": "Feature", "properties": { }, "geometry": { "type": "Polygon", "coordinates": [ [ [ 6.56174138295565, 62.478558598871125 ], [ 6.562316944661609, 62.478640516225845 ], [ 6.561715342066591, 62.479071701604788 ], [ 6.56174138295565, 62.478558598871125 ] ] ] } },
{ "type": "Feature", "properties": { }, "geometry": { "type": "Polygon", "coordinates": [ [ [ 6.560656827871441, 62.47853068362641 ], [ 6.56174138295565, 62.478558598871125 ], [ 6.561715342066591, 62.479071701604788 ], [ 6.560656827871441, 62.47853068362641 ] ] ] } },
{ "type": "Feature", "properties": { }, "geometry": { "type": "Polygon", "coordinates": [ [ [ 6.560656827871441, 62.47853068362641 ], [ 6.561715342066591, 62.479071701604788 ], [ 6.560503774146663, 62.479463305203794 ], [ 6.560656827871441, 62.47853068362641 ] ] ] } },
{ "type": "Feature", "properties": { }, "geometry": { "type": "Polygon", "coordinates": [ [ [ 6.559303926543524, 62.478462120937571 ], [ 6.560656827871441, 62.47853068362641 ], [ 6.560503774146663, 62.479463305203794 ], [ 6.559303926543524, 62.478462120937571 ] ] ] } },
{ "type": "Feature", "properties": { }, "geometry": { "type": "Polygon", "coordinates": [ [ [ 6.559303926543524, 62.478462120937571 ], [ 6.560503774146663, 62.479463305203794 ], [ 6.557987139626348, 62.479943382910029 ], [ 6.559303926543524, 62.478462120937571 ] ] ] } },
{ "type": "Feature", "properties": { }, "geometry": { "type": "Polygon", "coordinates": [ [ [ 6.557462852009198, 62.478429928025605 ], [ 6.559303926543524, 62.478462120937571 ], [ 6.557987139626348, 62.479943382910029 ], [ 6.557462852009198, 62.478429928025605 ] ] ] } },
{ "type": "Feature", "properties": { }, "geometry": { "type": "Polygon", "coordinates": [ [ [ 6.555048889425863, 62.478755811295208 ], [ 6.557462852009198, 62.478429928025605 ], [ 6.557987139626348, 62.479943382910029 ], [ 6.555048889425863, 62.478755811295208 ] ] ] } },
{ "type": "Feature", "properties": { }, "geometry": { "type": "Polygon", "coordinates": [ [ [ 6.555048889425863, 62.478755811295208 ], [ 6.557987139626348, 62.479943382910029 ], [ 6.553958417504479, 62.479650831809522 ], [ 6.555048889425863, 62.478755811295208 ] ] ] } },
{ "type": "Feature", "properties": { }, "geometry": { "type": "Polygon", "coordinates": [ [ [ 6.55319623170701, 62.478867106359331 ], [ 6.555048889425863, 62.478755811295208 ], [ 6.553958417504479, 62.479650831809522 ], [ 6.55319623170701, 62.478867106359331 ] ] ] } },
{ "type": "Feature", "properties": { }, "geometry": { "type": "Polygon", "coordinates": [ [ [ 6.552676473820897, 62.479242395819469 ], [ 6.55319623170701, 62.478867106359331 ], [ 6.553958417504479, 62.479650831809522 ], [ 6.552676473820897, 62.479242395819469 ] ] ] } },
{ "type": "Feature", "properties": { }, "geometry": { "type": "Polygon", "coordinates": [ [ [ 6.55319623170701, 62.478867106359331 ], [ 6.552676473820897, 62.479242395819469 ], [ 6.551938981499317, 62.479051522242301 ], [ 6.55319623170701, 62.478867106359331 ] ] ] } },
{ "type": "Feature", "properties": { }, "geometry": { "type": "Polygon", "coordinates": [ [ [ 6.551938981499317, 62.479051522242301 ], [ 6.552676473820897, 62.479242395819469 ], [ 6.552404177936344, 62.479612555466254 ], [ 6.551938981499317, 62.479051522242301 ] ] ] } },
{ "type": "Feature", "properties": { }, "geometry": { "type": "Polygon", "coordinates": [ [ [ 6.551374005380499, 62.479246687953584 ], [ 6.551938981499317, 62.479051522242301 ], [ 6.552404177936344, 62.479612555466254 ], [ 6.551374005380499, 62.479246687953584 ] ] ] } },
{ "type": "Feature", "properties": { }, "geometry": { "type": "Polygon", "coordinates": [ [ [ 6.551938981499317, 62.479051522242301 ], [ 6.551374005380499, 62.479246687953584 ], [ 6.5508148491473, 62.479274301380265 ], [ 6.551938981499317, 62.479051522242301 ] ] ] } },
{ "type": "Feature", "properties": { }, "geometry": { "type": "Polygon", "coordinates": [ [ [ 6.5508148491473, 62.479274301380265 ], [ 6.551374005380499, 62.479246687953584 ], [ 6.550819323475912, 62.479591784817927 ], [ 6.5508148491473, 62.479274301380265 ] ] ] } },
{ "type": "Feature", "properties": { }, "geometry": { "type": "Polygon", "coordinates": [ [ [ 6.5508148491473, 62.479274301380265 ], [ 6.550819323475912, 62.479591784817927 ], [ 6.550196969299688, 62.479469946583485 ], [ 6.5508148491473, 62.479274301380265 ] ] ] } },
{ "type": "Feature", "properties": { }, "geometry": { "type": "Polygon", "coordinates": [ [ [ 6.550196969299688, 62.479469946583485 ], [ 6.550819323475912, 62.479591784817927 ], [ 6.550151106228238, 62.479638383746263 ], [ 6.550196969299688, 62.479469946583485 ] ] ] } },
{ "type": "Feature", "properties": { }, "geometry": { "type": "Polygon", "coordinates": [ [ [ 6.550000004024384, 62.479483681702419 ], [ 6.550196969299688, 62.479469946583485 ], [ 6.550151106228238, 62.479638383746263 ], [ 6.550000004024384, 62.479483681702419 ] ] ] } },
{ "type": "Feature", "properties": { }, "geometry": { "type": "Polygon", "coordinates": [ [ [ 6.550000004024384, 62.479483681702419 ], [ 6.550151106228238, 62.479638383746263 ], [ 6.549776809240843, 62.479623510918778 ], [ 6.550000004024384, 62.479483681702419 ] ] ] } },
{ "type": "Feature", "properties": { }, "geometry": { "type": "Polygon", "coordinates": [ [ [ 6.549474659868607, 62.479520210723607 ], [ 6.550000004024384, 62.479483681702419 ], [ 6.549776809240843, 62.479623510918778 ], [ 6.549474659868607, 62.479520210723607 ] ] ] } },
{ "type": "Feature", "properties": { }, "geometry": { "type": "Polygon", "coordinates": [ [ [ 6.549474659868607, 62.479520210723607 ], [ 6.549776809240843, 62.479623510918778 ], [ 6.549229986472682, 62.479819711069617 ], [ 6.549474659868607, 62.479520210723607 ] ] ] } },
{ "type": "Feature", "properties": { }, "geometry": { "type": "Polygon", "coordinates": [ [ [ 6.548774364861406, 62.479568862413323 ], [ 6.549474659868607, 62.479520210723607 ], [ 6.549229986472682, 62.479819711069617 ], [ 6.548774364861406, 62.479568862413323 ] ] ] } },
{ "type": "Feature", "properties": { }, "geometry": { "type": "Polygon", "coordinates": [ [ [ 6.545824686640072, 62.479536903104858 ], [ 6.546990348402331, 62.479521465112938 ], [ 6.546451053004723, 62.480233021333007 ], [ 6.545824686640072, 62.479536903104858 ] ] ] } },
{ "type": "Feature", "properties": { }, "geometry": { "type": "Polygon", "coordinates": [ [ [ 6.546990348402331, 62.479521465112938 ], [ 6.548774364861406, 62.479568862413323 ], [ 6.54804115396716, 62.480068024828064 ], [ 6.546990348402331, 62.479521465112938 ] ] ] } },
{ "type": "Feature", "properties": { }, "geometry": { "type": "Polygon", "coordinates": [ [ [ 6.546990348402331, 62.479521465112938 ], [ 6.54804115396716, 62.480068024828064 ], [ 6.546451053004723, 62.480233021333007 ], [ 6.546990348402331, 62.479521465112938 ] ] ] } },
{ "type": "Feature", "properties": { }, "geometry": { "type": "Polygon", "coordinates": [ [ [ 6.545824686640072, 62.479536903104858 ], [ 6.546451053004723, 62.480233021333007 ], [ 6.544770134263204, 62.480148460426655 ], [ 6.545824686640072, 62.479536903104858 ] ] ] } },
{ "type": "Feature", "properties": { }, "geometry": { "type": "Polygon", "coordinates": [ [ [ 6.542535966226433, 62.479407173651332 ], [ 6.545824686640072, 62.479536903104858 ], [ 6.544770134263204, 62.480148460426655 ], [ 6.542535966226433, 62.479407173651332 ] ] ] } },
{ "type": "Feature", "properties": { }, "geometry": { "type": "Polygon", "coordinates": [ [ [ 6.542535966226433, 62.479407173651332 ], [ 6.544770134263204, 62.480148460426655 ], [ 6.543609475855368, 62.48071739484822 ], [ 6.542535966226433, 62.479407173651332 ] ] ] } },
{ "type": "Feature", "properties": { }, "geometry": { "type": "Polygon", "coordinates": [ [ [ 6.541197642384601, 62.479870063469939 ], [ 6.542535966226433, 62.479407173651332 ], [ 6.543609475855368, 62.48071739484822 ], [ 6.541197642384601, 62.479870063469939 ] ] ] } },
{ "type": "Feature", "properties": { }, "geometry": { "type": "Polygon", "coordinates": [ [ [ 6.540586739953862, 62.479274037485062 ], [ 6.542535966226433, 62.479407173651332 ], [ 6.541197642384601, 62.479870063469939 ], [ 6.540586739953862, 62.479274037485062 ] ] ] } },
{ "type": "Feature", "properties": { }, "geometry": { "type": "Polygon", "coordinates": [ [ [ 6.540003716527655, 62.479509589732253 ], [ 6.540586739953862, 62.479274037485062 ], [ 6.541197642384601, 62.479870063469939 ], [ 6.540003716527655, 62.479509589732253 ] ] ] } },
{ "type": "Feature", "properties": { }, "geometry": { "type": "Polygon", "coordinates": [ [ [ 6.539819593460624, 62.479161726003348 ], [ 6.540586739953862, 62.479274037485062 ], [ 6.540003716527655, 62.479509589732253 ], [ 6.539819593460624, 62.479161726003348 ] ] ] } },
{ "type": "Feature", "properties": { }, "geometry": { "type": "Polygon", "coordinates": [ [ [ 6.539819593460624, 62.479161726003348 ], [ 6.540003716527655, 62.479509589732253 ], [ 6.539314426814442, 62.479346694005905 ], [ 6.539819593460624, 62.479161726003348 ] ] ] } },
{ "type": "Feature", "properties": { }, "geometry": { "type": "Polygon", "coordinates": [ [ [ 6.539536270493623, 62.479066840508956 ], [ 6.539819593460624, 62.479161726003348 ], [ 6.539314426814442, 62.479346694005905 ], [ 6.539536270493623, 62.479066840508956 ] ] ] } },
{ "type": "Feature", "properties": { }, "geometry": { "type": "Polygon", "coordinates": [ [ [ 6.53902800547152, 62.478857411714998 ], [ 6.539474978153134, 62.478868262847598 ], [ 6.539536270493623, 62.479066840508956 ], [ 6.53902800547152, 62.478857411714998 ] ] ] } },
{ "type": "Feature", "properties": { }, "geometry": { "type": "Polygon", "coordinates": [ [ [ 6.538744884569611, 62.479017828246654 ], [ 6.539536270493623, 62.479066840508956 ], [ 6.539314426814442, 62.479346694005905 ], [ 6.538744884569611, 62.479017828246654 ] ] ] } },
{ "type": "Feature", "properties": { }, "geometry": { "type": "Polygon", "coordinates": [ [ [ 6.53902800547152, 62.478857411714998 ], [ 6.539536270493623, 62.479066840508956 ], [ 6.538744884569611, 62.479017828246654 ], [ 6.53902800547152, 62.478857411714998 ] ] ] } },
{ "type": "Feature", "properties": { }, "geometry": { "type": "Polygon", "coordinates": [ [ [ 6.539276539307536, 62.478685159614592 ], [ 6.539474978153134, 62.478868262847598 ], [ 6.53902800547152, 62.478857411714998 ], [ 6.539276539307536, 62.478685159614592 ] ] ] } },
{ "type": "Feature", "properties": { }, "geometry": { "type": "Polygon", "coordinates": [ [ [ 6.538314200455232, 62.478353802188721 ], [ 6.539276539307536, 62.478685159614592 ], [ 6.538783153812661, 62.478657242640075 ], [ 6.538314200455232, 62.478353802188721 ] ] ] } },
{ "type": "Feature", "properties": { }, "geometry": { "type": "Polygon", "coordinates": [ [ [ 6.538783153812661, 62.478657242640075 ], [ 6.539276539307536, 62.478685159614592 ], [ 6.53902800547152, 62.478857411714998 ], [ 6.538783153812661, 62.478657242640075 ] ] ] } },
{ "type": "Feature", "properties": { }, "geometry": { "type": "Polygon", "coordinates": [ [ [ 6.538314200455232, 62.478353802188721 ], [ 6.538783153812661, 62.478657242640075 ], [ 6.538303299251988, 62.478717236558623 ], [ 6.538314200455232, 62.478353802188721 ] ] ] } },
{ "type": "Feature", "properties": { }, "geometry": { "type": "Polygon", "coordinates": [ [ [ 6.538314200455232, 62.478353802188721 ], [ 6.538303299251988, 62.478717236558623 ], [ 6.536916476666517, 62.478526569950951 ], [ 6.538314200455232, 62.478353802188721 ] ] ] } },
{ "type": "Feature", "properties": { }, "geometry": { "type": "Polygon", "coordinates": [ [ [ 6.537153245783301, 62.477839409556218 ], [ 6.538314200455232, 62.478353802188721 ], [ 6.536916476666517, 62.478526569950951 ], [ 6.537153245783301, 62.477839409556218 ] ] ] } },
{ "type": "Feature", "properties": { }, "geometry": { "type": "Polygon", "coordinates": [ [ [ 6.535843474655819, 62.47806319110277 ], [ 6.537153245783301, 62.477839409556218 ], [ 6.536916476666517, 62.478526569950951 ], [ 6.535843474655819, 62.47806319110277 ] ] ] } },
{ "type": "Feature", "properties": { }, "geometry": { "type": "Polygon", "coordinates": [ [ [ 6.536673113076128, 62.477543533939723 ], [ 6.537153245783301, 62.477839409556218 ], [ 6.535843474655819, 62.47806319110277 ], [ 6.536673113076128, 62.477543533939723 ] ] ] } },
{ "type": "Feature", "properties": { }, "geometry": { "type": "Polygon", "coordinates": [ [ [ 6.535123789878226, 62.477509545362416 ], [ 6.536673113076128, 62.477543533939723 ], [ 6.535843474655819, 62.47806319110277 ], [ 6.535123789878226, 62.477509545362416 ] ] ] } },
{ "type": "Feature", "properties": { }, "geometry": { "type": "Polygon", "coordinates": [ [ [ 6.535750113082342, 62.477203809015194 ], [ 6.536673113076128, 62.477543533939723 ], [ 6.535123789878226, 62.477509545362416 ], [ 6.535750113082342, 62.477203809015194 ] ] ] } },
{ "type": "Feature", "properties": { }, "geometry": { "type": "Polygon", "coordinates": [ [ [ 6.535312582204159, 62.477097417976424 ], [ 6.535750113082342, 62.477203809015194 ], [ 6.535123789878226, 62.477509545362416 ], [ 6.535312582204159, 62.477097417976424 ] ] ] } },
{ "type": "Feature", "properties": { }, "geometry": { "type": "Polygon", "coordinates": [ [ [ 6.53467385677514, 62.477077103714429 ], [ 6.535312582204159, 62.477097417976424 ], [ 6.535123789878226, 62.477509545362416 ], [ 6.53467385677514, 62.477077103714429 ] ] ] } },
{ "type": "Feature", "properties": { }, "geometry": { "type": "Polygon", "coordinates": [ [ [ 6.53467385677514, 62.477077103714429 ], [ 6.535123789878226, 62.477509545362416 ], [ 6.533668471537687, 62.477567455480589 ], [ 6.53467385677514, 62.477077103714429 ] ] ] } },
{ "type": "Feature", "properties": { }, "geometry": { "type": "Polygon", "coordinates": [ [ [ 6.53234785633821, 62.477278619506272 ], [ 6.53467385677514, 62.477077103714429 ], [ 6.533668471537687, 62.477567455480589 ], [ 6.53234785633821, 62.477278619506272 ] ] ] } },
{ "type": "Feature", "properties": { }, "geometry": { "type": "Polygon", "coordinates": [ [ [ 6.53234785633821, 62.477278619506272 ], [ 6.533668471537687, 62.477567455480589 ], [ 6.53200740196274, 62.478402880522196 ], [ 6.53234785633821, 62.477278619506272 ] ] ] } },
{ "type": "Feature", "properties": { }, "geometry": { "type": "Polygon", "coordinates": [ [ [ 6.530758853527654, 62.477250356875153 ], [ 6.53234785633821, 62.477278619506272 ], [ 6.53200740196274, 62.478402880522196 ], [ 6.530758853527654, 62.477250356875153 ] ] ] } },
{ "type": "Feature", "properties": { }, "geometry": { "type": "Polygon", "coordinates": [ [ [ 6.530758853527654, 62.477250356875153 ], [ 6.53200740196274, 62.478402880522196 ], [ 6.529411913778236, 62.477835059281858 ], [ 6.530758853527654, 62.477250356875153 ] ] ] } },
{ "type": "Feature", "properties": { }, "geometry": { "type": "Polygon", "coordinates": [ [ [ 6.529838279098398, 62.477117138392771 ], [ 6.530758853527654, 62.477250356875153 ], [ 6.529411913778236, 62.477835059281858 ], [ 6.529838279098398, 62.477117138392771 ] ] ] } },
{ "type": "Feature", "properties": { }, "geometry": { "type": "Polygon", "coordinates": [ [ [ 6.528964801036627, 62.47711984642369 ], [ 6.529838279098398, 62.477117138392771 ], [ 6.529411913778236, 62.477835059281858 ], [ 6.528964801036627, 62.47711984642369 ] ] ] } },
{ "type": "Feature", "properties": { }, "geometry": { "type": "Polygon", "coordinates": [ [ [ 6.527694055615178, 62.47723213152986 ], [ 6.528964801036627, 62.47711984642369 ], [ 6.529411913778236, 62.477835059281858 ], [ 6.527694055615178, 62.47723213152986 ] ] ] } },
{ "type": "Feature", "properties": { }, "geometry": { "type": "Polygon", "coordinates": [ [ [ 6.527694055615178, 62.47723213152986 ], [ 6.529411913778236, 62.477835059281858 ], [ 6.527054125349374, 62.478143374953419 ], [ 6.527694055615178, 62.47723213152986 ] ] ] } },
{ "type": "Feature", "properties": { }, "geometry": { "type": "Polygon", "coordinates": [ [ [ 6.526097583127187, 62.477293597294143 ], [ 6.527694055615178, 62.47723213152986 ], [ 6.527054125349374, 62.478143374953419 ], [ 6.526097583127187, 62.477293597294143 ] ] ] } },
{ "type": "Feature", "properties": { }, "geometry": { "type": "Polygon", "coordinates": [ [ [ 6.526097583127187, 62.477293597294143 ], [ 6.527054125349374, 62.478143374953419 ], [ 6.524983685357228, 62.478153557556737 ], [ 6.526097583127187, 62.477293597294143 ] ] ] } },
{ "type": "Feature", "properties": { }, "geometry": { "type": "Polygon", "coordinates": [ [ [ 6.52483612212278, 62.477533843586642 ], [ 6.526097583127187, 62.477293597294143 ], [ 6.524983685357228, 62.478153557556737 ], [ 6.52483612212278, 62.477533843586642 ] ] ] } },
{ "type": "Feature", "properties": { }, "geometry": { "type": "Polygon", "coordinates": [ [ [ 6.524979720353737, 62.47720193824906 ], [ 6.526097583127187, 62.477293597294143 ], [ 6.52483612212278, 62.477533843586642 ], [ 6.524979720353737, 62.47720193824906 ] ] ] } },
{ "type": "Feature", "properties": { }, "geometry": { "type": "Polygon", "coordinates": [ [ [ 6.524311921286269, 62.477297768298726 ], [ 6.524979720353737, 62.47720193824906 ], [ 6.52483612212278, 62.477533843586642 ], [ 6.524311921286269, 62.477297768298726 ] ] ] } },
{ "type": "Feature", "properties": { }, "geometry": { "type": "Polygon", "coordinates": [ [ [ 6.524311921286269, 62.477297768298726 ], [ 6.52483612212278, 62.477533843586642 ], [ 6.524158107109613, 62.477660857819316 ], [ 6.524311921286269, 62.477297768298726 ] ] ] } },
{ "type": "Feature", "properties": { }, "geometry": { "type": "Polygon", "coordinates": [ [ [ 6.523863977948738, 62.477316802494016 ], [ 6.524311921286269, 62.477297768298726 ], [ 6.524158107109613, 62.477660857819316 ], [ 6.523863977948738, 62.477316802494016 ] ] ] } },
{ "type": "Feature", "properties": { }, "geometry": { "type": "Polygon", "coordinates": [ [ [ 6.523389158018484, 62.47742515331484 ], [ 6.523863977948738, 62.477316802494016 ], [ 6.524158107109613, 62.477660857819316 ], [ 6.523389158018484, 62.47742515331484 ] ] ] } },
{ "type": "Feature", "properties": { }, "geometry": { "type": "Polygon", "coordinates": [ [ [ 6.523389158018484, 62.47742515331484 ], [ 6.524158107109613, 62.477660857819316 ], [ 6.523359773171862, 62.477681283567378 ], [ 6.523389158018484, 62.47742515331484 ] ] ] } },
{ "type": "Feature", "properties": { }, "geometry": { "type": "Polygon", "coordinates": [ [ [ 6.523095614526535, 62.47745579645418 ], [ 6.523389158018484, 62.47742515331484 ], [ 6.523359773171862, 62.477681283567378 ], [ 6.523095614526535, 62.47745579645418 ] ] ] } },
{ "type": "Feature", "properties": { }, "geometry": { "type": "Polygon", "coordinates": [ [ [ 6.523095614526535, 62.47745579645418 ], [ 6.523359773171862, 62.477681283567378 ], [ 6.522429993984119, 62.477768658770607 ], [ 6.523095614526535, 62.47745579645418 ] ] ] } },
{ "type": "Feature", "properties": { }, "geometry": { "type": "Polygon", "coordinates": [ [ [ 6.522212253173023, 62.477341332433525 ], [ 6.523095614526535, 62.47745579645418 ], [ 6.522429993984119, 62.477768658770607 ], [ 6.522212253173023, 62.477341332433525 ] ] ] } },
{ "type": "Feature", "properties": { }, "geometry": { "type": "Polygon", "coordinates": [ [ [ 6.522212253173023, 62.477341332433525 ], [ 6.522429993984119, 62.477768658770607 ], [ 6.521595201662741, 62.477670082560948 ], [ 6.522212253173023, 62.477341332433525 ] ] ] } },
{ "type": "Feature", "properties": { }, "geometry": { "type": "Polygon", "coordinates": [ [ [ 6.521205478692886, 62.47731451994283 ], [ 6.522212253173023, 62.477341332433525 ], [ 6.521595201662741, 62.477670082560948 ], [ 6.521205478692886, 62.47731451994283 ] ] ] } },
{ "type": "Feature", "properties": { }, "geometry": { "type": "Polygon", "coordinates": [ [ [ 6.521205478692886, 62.47731451994283 ], [ 6.521595201662741, 62.477670082560948 ], [ 6.520735271133565, 62.477645720965626 ], [ 6.521205478692886, 62.47731451994283 ] ] ] } },
{ "type": "Feature", "properties": { }, "geometry": { "type": "Polygon", "coordinates": [ [ [ 6.520617362536074, 62.477384856818603 ], [ 6.521205478692886, 62.47731451994283 ], [ 6.520735271133565, 62.477645720965626 ], [ 6.520617362536074, 62.477384856818603 ] ] ] } },
{ "type": "Feature", "properties": { }, "geometry": { "type": "Polygon", "coordinates": [ [ [ 6.520340181916213, 62.477451814378831 ], [ 6.520617362536074, 62.477384856818603 ], [ 6.520735271133565, 62.477645720965626 ], [ 6.520340181916213, 62.477451814378831 ] ] ] } },
{ "type": "Feature", "properties": { }, "geometry": { "type": "Polygon", "coordinates": [ [ [ 6.520340181916213, 62.477451814378831 ], [ 6.520735271133565, 62.477645720965626 ], [ 6.519794909406474, 62.477872876384303 ], [ 6.520340181916213, 62.477451814378831 ] ] ] } },
{ "type": "Feature", "properties": { }, "geometry": { "type": "Polygon", "coordinates": [ [ [ 6.519746143929168, 62.47736045590959 ], [ 6.520340181916213, 62.477451814378831 ], [ 6.519794909406474, 62.477872876384303 ], [ 6.519746143929168, 62.47736045590959 ] ] ] } },
{ "type": "Feature", "properties": { }, "geometry": { "type": "Polygon", "coordinates": [ [ [ 6.519746143929168, 62.47736045590959 ], [ 6.519794909406474, 62.477872876384303 ], [ 6.518608544575103, 62.477753313481998 ], [ 6.519746143929168, 62.47736045590959 ] ] ] } },
{ "type": "Feature", "properties": { }, "geometry": { "type": "Polygon", "coordinates": [ [ [ 6.518240099749463, 62.477270642205745 ], [ 6.519746143929168, 62.47736045590959 ], [ 6.518608544575103, 62.477753313481998 ], [ 6.518240099749463, 62.477270642205745 ] ] ] } },
{ "type": "Feature", "properties": { }, "geometry": { "type": "Polygon", "coordinates": [ [ [ 6.517608434646951, 62.477160711827814 ], [ 6.518240099749463, 62.477270642205745 ], [ 6.51774938673362, 62.477430870852295 ], [ 6.517608434646951, 62.477160711827814 ] ] ] } },
{ "type": "Feature", "properties": { }, "geometry": { "type": "Polygon", "coordinates": [ [ [ 6.51774938673362, 62.477430870852295 ], [ 6.518240099749463, 62.477270642205745 ], [ 6.518608544575103, 62.477753313481998 ], [ 6.51774938673362, 62.477430870852295 ] ] ] } },
{ "type": "Feature", "properties": { }, "geometry": { "type": "Polygon", "coordinates": [ [ [ 6.517608434646951, 62.477160711827814 ], [ 6.51774938673362, 62.477430870852295 ], [ 6.517212433871843, 62.477306383795337 ], [ 6.517608434646951, 62.477160711827814 ] ] ] } },
{ "type": "Feature", "properties": { }, "geometry": { "type": "Polygon", "coordinates": [ [ [ 6.517032419458651, 62.47708760694897 ], [ 6.517608434646951, 62.477160711827814 ], [ 6.517212433871843, 62.477306383795337 ], [ 6.517032419458651, 62.47708760694897 ] ] ] } },
{ "type": "Feature", "properties": { }, "geometry": { "type": "Polygon", "coordinates": [ [ [ 6.517032419458651, 62.47708760694897 ], [ 6.517212433871843, 62.477306383795337 ], [ 6.516761820099777, 62.477199994009368 ], [ 6.517032419458651, 62.47708760694897 ] ] ] } },
{ "type": "Feature", "properties": { }, "geometry": { "type": "Polygon", "coordinates": [ [ [ 6.516865636468127, 62.477038736677223 ], [ 6.517032419458651, 62.47708760694897 ], [ 6.516761820099777, 62.477199994009368 ], [ 6.516865636468127, 62.477038736677223 ] ] ] } },
{ "type": "Feature", "properties": { }, "geometry": { "type": "Polygon", "coordinates": [ [ [ 6.51644509842268, 62.476915437525193 ], [ 6.516865636468127, 62.477038736677223 ], [ 6.516761820099777, 62.477199994009368 ], [ 6.51644509842268, 62.476915437525193 ] ] ] } },
{ "type": "Feature", "properties": { }, "geometry": { "type": "Polygon", "coordinates": [ [ [ 6.51644509842268, 62.476915437525193 ], [ 6.516761820099777, 62.477199994009368 ], [ 6.515793853356368, 62.4772506915251 ], [ 6.51644509842268, 62.476915437525193 ] ] ] } },
{ "type": "Feature", "properties": { }, "geometry": { "type": "Polygon", "coordinates": [ [ [ 6.515678087957624, 62.476803084036156 ], [ 6.51644509842268, 62.476915437525193 ], [ 6.515793853356368, 62.4772506915251 ], [ 6.515678087957624, 62.476803084036156 ] ] ] } },
{ "type": "Feature", "properties": { }, "geometry": { "type": "Polygon", "coordinates": [ [ [ 6.514174868813711, 62.476911041072 ], [ 6.515678087957624, 62.476803084036156 ], [ 6.515793853356368, 62.4772506915251 ], [ 6.514174868813711, 62.476911041072 ] ] ] } },
{ "type": "Feature", "properties": { }, "geometry": { "type": "Polygon", "coordinates": [ [ [ 6.514174868813711, 62.476911041072 ], [ 6.515793853356368, 62.4772506915251 ], [ 6.51476102920749, 62.478081330346036 ], [ 6.514174868813711, 62.476911041072 ] ] ] } },
{ "type": "Feature", "properties": { }, "geometry": { "type": "Polygon", "coordinates": [ [ [ 6.513078255687521, 62.477260309146175 ], [ 6.514174868813711, 62.476911041072 ], [ 6.51476102920749, 62.478081330346036 ], [ 6.513078255687521, 62.477260309146175 ] ] ] } },
{ "type": "Feature", "properties": { }, "geometry": { "type": "Polygon", "coordinates": [ [ [ 6.512325101114347, 62.476752329038725 ], [ 6.514174868813711, 62.476911041072 ], [ 6.513078255687521, 62.477260309146175 ], [ 6.512325101114347, 62.476752329038725 ] ] ] } },
{ "type": "Feature", "properties": { }, "geometry": { "type": "Polygon", "coordinates": [ [ [ 6.512325101114347, 62.476752329038725 ], [ 6.513078255687521, 62.477260309146175 ], [ 6.511813567922387, 62.477067962330899 ], [ 6.512325101114347, 62.476752329038725 ] ] ] } },
{ "type": "Feature", "properties": { }, "geometry": { "type": "Polygon", "coordinates": [ [ [ 6.511356231188963, 62.476734991510718 ], [ 6.512325101114347, 62.476752329038725 ], [ 6.511813567922387, 62.477067962330899 ], [ 6.511356231188963, 62.476734991510718 ] ] ] } },
{ "type": "Feature", "properties": { }, "geometry": { "type": "Polygon", "coordinates": [ [ [ 6.511356231188963, 62.476734991510718 ], [ 6.511813567922387, 62.477067962330899 ], [ 6.510966311405201, 62.477024006436167 ], [ 6.511356231188963, 62.476734991510718 ] ] ] } },
{ "type": "Feature", "properties": { }, "geometry": { "type": "Polygon", "coordinates": [ [ [ 6.510972427747165, 62.476683298982259 ], [ 6.511356231188963, 62.476734991510718 ], [ 6.510966311405201, 62.477024006436167 ], [ 6.510972427747165, 62.476683298982259 ] ] ] } },
{ "type": "Feature", "properties": { }, "geometry": { "type": "Polygon", "coordinates": [ [ [ 6.510972427747165, 62.476683298982259 ], [ 6.510966311405201, 62.477024006436167 ], [ 6.510401018811392, 62.476934350618812 ], [ 6.510972427747165, 62.476683298982259 ] ] ] } },
{ "type": "Feature", "properties": { }, "geometry": { "type": "Polygon", "coordinates": [ [ [ 6.510294887157476, 62.476662209675332 ], [ 6.510972427747165, 62.476683298982259 ], [ 6.510401018811392, 62.476934350618812 ], [ 6.510294887157476, 62.476662209675332 ] ] ] } },
{ "type": "Feature", "properties": { }, "geometry": { "type": "Polygon", "coordinates": [ [ [ 6.509916950728567, 62.476772205409247 ], [ 6.510294887157476, 62.476662209675332 ], [ 6.510401018811392, 62.476934350618812 ], [ 6.509916950728567, 62.476772205409247 ] ] ] } },
{ "type": "Feature", "properties": { }, "geometry": { "type": "Polygon", "coordinates": [ [ [ 6.509916950728567, 62.476772205409247 ], [ 6.510401018811392, 62.476934350618812 ], [ 6.509662791658627, 62.477170512923358 ], [ 6.509916950728567, 62.476772205409247 ] ] ] } },
{ "type": "Feature", "properties": { }, "geometry": { "type": "Polygon", "coordinates": [ [ [ 6.509916950728567, 62.476772205409247 ], [ 6.509662791658627, 62.477170512923358 ], [ 6.508693283140397, 62.477019809350956 ], [ 6.509916950728567, 62.476772205409247 ] ] ] } },
{ "type": "Feature", "properties": { }, "geometry": { "type": "Polygon", "coordinates": [ [ [ 6.508693283140397, 62.477019809350956 ], [ 6.509662791658627, 62.477170512923358 ], [ 6.509413905266413, 62.477619637057565 ], [ 6.508693283140397, 62.477019809350956 ] ] ] } },
{ "type": "Feature", "properties": { }, "geometry": { "type": "Polygon", "coordinates": [ [ [ 6.508693283140397, 62.477019809350956 ], [ 6.509413905266413, 62.477619637057565 ], [ 6.508600721072468, 62.477890507028818 ], [ 6.508693283140397, 62.477019809350956 ] ] ] } },
{ "type": "Feature", "properties": { }, "geometry": { "type": "Polygon", "coordinates": [ [ [ 6.507040332020058, 62.47706214915307 ], [ 6.508693283140397, 62.477019809350956 ], [ 6.508600721072468, 62.477890507028818 ], [ 6.507040332020058, 62.47706214915307 ] ] ] } },
{ "type": "Feature", "properties": { }, "geometry": { "type": "Polygon", "coordinates": [ [ [ 6.507040332020058, 62.47706214915307 ], [ 6.508600721072468, 62.477890507028818 ], [ 6.506469687410064, 62.477756380137123 ], [ 6.507040332020058, 62.47706214915307 ] ] ] } },
{ "type": "Feature", "properties": { }, "geometry": { "type": "Polygon", "coordinates": [ [ [ 6.506172341688083, 62.477026477836141 ], [ 6.507040332020058, 62.47706214915307 ], [ 6.506469687410064, 62.477756380137123 ], [ 6.506172341688083, 62.477026477836141 ] ] ] } },
{ "type": "Feature", "properties": { }, "geometry": { "type": "Polygon", "coordinates": [ [ [ 6.506172341688083, 62.477026477836141 ], [ 6.506469687410064, 62.477756380137123 ], [ 6.505700910640757, 62.477445525259206 ], [ 6.506172341688083, 62.477026477836141 ] ] ] } },
{ "type": "Feature", "properties": { }, "geometry": { "type": "Polygon", "coordinates": [ [ [ 6.505245836933151, 62.477022623124206 ], [ 6.506172341688083, 62.477026477836141 ], [ 6.505700910640757, 62.477445525259206 ], [ 6.505245836933151, 62.477022623124206 ] ] ] } },
{ "type": "Feature", "properties": { }, "geometry": { "type": "Polygon", "coordinates": [ [ [ 6.503650646704275, 62.476750043218679 ], [ 6.504332411760894, 62.476950733542886 ], [ 6.503807481837098, 62.476984284627868 ], [ 6.503650646704275, 62.476750043218679 ] ] ] } },
{ "type": "Feature", "properties": { }, "geometry": { "type": "Polygon", "coordinates": [ [ [ 6.504332411760894, 62.476950733542886 ], [ 6.505245836933151, 62.477022623124206 ], [ 6.504198472166268, 62.477398142822842 ], [ 6.504332411760894, 62.476950733542886 ] ] ] } },
{ "type": "Feature", "properties": { }, "geometry": { "type": "Polygon", "coordinates": [ [ [ 6.503807481837098, 62.476984284627868 ], [ 6.504332411760894, 62.476950733542886 ], [ 6.504198472166268, 62.477398142822842 ], [ 6.503807481837098, 62.476984284627868 ] ] ] } },
{ "type": "Feature", "properties": { }, "geometry": { "type": "Polygon", "coordinates": [ [ [ 6.503381131187719, 62.476838653744068 ], [ 6.503650646704275, 62.476750043218679 ], [ 6.503807481837098, 62.476984284627868 ], [ 6.503381131187719, 62.476838653744068 ] ] ] } },
{ "type": "Feature", "properties": { }, "geometry": { "type": "Polygon", "coordinates": [ [ [ 6.503458248825098, 62.476728672302606 ], [ 6.503650646704275, 62.476750043218679 ], [ 6.503381131187719, 62.476838653744068 ], [ 6.503458248825098, 62.476728672302606 ] ] ] } },
{ "type": "Feature", "properties": { }, "geometry": { "type": "Polygon", "coordinates": [ [ [ 6.50332269921089, 62.476726233345289 ], [ 6.503458248825098, 62.476728672302606 ], [ 6.503381131187719, 62.476838653744068 ], [ 6.50332269921089, 62.476726233345289 ] ] ] } },
{ "type": "Feature", "properties": { }, "geometry": { "type": "Polygon", "coordinates": [ [ [ 6.50332269921089, 62.476726233345289 ], [ 6.503381131187719, 62.476838653744068 ], [ 6.502921270665729, 62.476830378661298 ], [ 6.50332269921089, 62.476726233345289 ] ] ] } },
{ "type": "Feature", "properties": { }, "geometry": { "type": "Polygon", "coordinates": [ [ [ 6.502406317898895, 62.476709741344862 ], [ 6.50332269921089, 62.476726233345289 ], [ 6.502921270665729, 62.476830378661298 ], [ 6.502406317898895, 62.476709741344862 ] ] ] } },
{ "type": "Feature", "properties": { }, "geometry": { "type": "Polygon", "coordinates": [ [ [ 6.501919321841043, 62.476566382515699 ], [ 6.50332269921089, 62.476726233345289 ], [ 6.502406317898895, 62.476709741344862 ], [ 6.501919321841043, 62.476566382515699 ] ] ] } },
{ "type": "Feature", "properties": { }, "geometry": { "type": "Polygon", "coordinates": [ [ [ 6.501919321841043, 62.476566382515699 ], [ 6.502406317898895, 62.476709741344862 ], [ 6.501613656301846, 62.477037579413334 ], [ 6.501919321841043, 62.476566382515699 ] ] ] } },
{ "type": "Feature", "properties": { }, "geometry": { "type": "Polygon", "coordinates": [ [ [ 6.499999952466815, 62.476446412714552 ], [ 6.501919321841043, 62.476566382515699 ], [ 6.501613656301846, 62.477037579413334 ], [ 6.499999952466815, 62.476446412714552 ] ] ] } },
{ "type": "Feature", "properties": { }, "geometry": { "type": "Polygon", "coordinates": [ [ [ 6.499999952466815, 62.476446412714552 ], [ 6.501613656301846, 62.477037579413334 ], [ 6.500566531459614, 62.477476995297138 ], [ 6.499999952466815, 62.476446412714552 ] ] ] } },
{ "type": "Feature", "properties": { }, "geometry": { "type": "Polygon", "coordinates": [ [ [ 6.499999952466815, 62.476446412714552 ], [ 6.500566531459614, 62.477476995297138 ], [ 6.499334936431325, 62.477155954241582 ], [ 6.499999952466815, 62.476446412714552 ] ] ] } },
{ "type": "Feature", "properties": { }, "geometry": { "type": "Polygon", "coordinates": [ [ [ 6.499100782761343, 62.476390174854906 ], [ 6.499999952466815, 62.476446412714552 ], [ 6.499334936431325, 62.477155954241582 ], [ 6.499100782761343, 62.476390174854906 ] ] ] } },
{ "type": "Feature", "properties": { }, "geometry": { "type": "Polygon", "coordinates": [ [ [ 6.498010081946124, 62.476549227225554 ], [ 6.499100782761343, 62.476390174854906 ], [ 6.499334936431325, 62.477155954241582 ], [ 6.498010081946124, 62.476549227225554 ] ] ] } },
{ "type": "Feature", "properties": { }, "geometry": { "type": "Polygon", "coordinates": [ [ [ 6.496188104163292, 62.476409755438944 ], [ 6.498010081946124, 62.476549227225554 ], [ 6.496914468689582, 62.476700885010089 ], [ 6.496188104163292, 62.476409755438944 ] ] ] } },
{ "type": "Feature", "properties": { }, "geometry": { "type": "Polygon", "coordinates": [ [ [ 6.496188104163292, 62.476409755438944 ], [ 6.496914468689582, 62.476700885010089 ], [ 6.495966431126798, 62.476628308878453 ], [ 6.496188104163292, 62.476409755438944 ] ] ] } },
{ "type": "Feature", "properties": { }, "geometry": { "type": "Polygon", "coordinates": [ [ [ 6.495908660115862, 62.476388361875493 ], [ 6.496188104163292, 62.476409755438944 ], [ 6.495966431126798, 62.476628308878453 ], [ 6.495908660115862, 62.476388361875493 ] ] ] } },
{ "type": "Feature", "properties": { }, "geometry": { "type": "Polygon", "coordinates": [ [ [ 6.495262581442304, 62.476339228459999 ], [ 6.495908660115862, 62.476388361875493 ], [ 6.495966431126798, 62.476628308878453 ], [ 6.495262581442304, 62.476339228459999 ] ] ] } },
{ "type": "Feature", "properties": { }, "geometry": { "type": "Polygon", "coordinates": [ [ [ 6.495262581442304, 62.476339228459999 ], [ 6.495966431126798, 62.476628308878453 ], [ 6.494794935694292, 62.476911118253014 ], [ 6.495262581442304, 62.476339228459999 ] ] ] } },
{ "type": "Feature", "properties": { }, "geometry": { "type": "Polygon", "coordinates": [ [ [ 6.494488150075659, 62.476316360293893 ], [ 6.495262581442304, 62.476339228459999 ], [ 6.494794935694292, 62.476911118253014 ], [ 6.494488150075659, 62.476316360293893 ] ] ] } },
{ "type": "Feature", "properties": { }, "geometry": { "type": "Polygon", "coordinates": [ [ [ 6.494488150075659, 62.476316360293893 ], [ 6.494794935694292, 62.476911118253014 ], [ 6.493775247528044, 62.476709433953246 ], [ 6.494488150075659, 62.476316360293893 ] ] ] } },
{ "type": "Feature", "properties": { }, "geometry": { "type": "Polygon", "coordinates": [ [ [ 6.493526841630269, 62.476209298210961 ], [ 6.494488150075659, 62.476316360293893 ], [ 6.493775247528044, 62.476709433953246 ], [ 6.493526841630269, 62.476209298210961 ] ] ] } },
{ "type": "Feature", "properties": { }, "geometry": { "type": "Polygon", "coordinates": [ [ [ 6.493526841630269, 62.476209298210961 ], [ 6.493775247528044, 62.476709433953246 ], [ 6.492581269306597, 62.476573153591751 ], [ 6.493526841630269, 62.476209298210961 ] ] ] } },
{ "type": "Feature", "properties": { }, "geometry": { "type": "Polygon", "coordinates": [ [ [ 6.492651584065142, 62.476004982976704 ], [ 6.493526841630269, 62.476209298210961 ], [ 6.492581269306597, 62.476573153591751 ], [ 6.492651584065142, 62.476004982976704 ] ] ] } },
{ "type": "Feature", "properties": { }, "geometry": { "type": "Polygon", "coordinates": [ [ [ 6.491242767668444, 62.475907919583499 ], [ 6.492651584065142, 62.476004982976704 ], [ 6.492581269306597, 62.476573153591751 ], [ 6.491242767668444, 62.475907919583499 ] ] ] } },
{ "type": "Feature", "properties": { }, "geometry": { "type": "Polygon", "coordinates": [ [ [ 6.491242767668444, 62.475907919583499 ], [ 6.492581269306597, 62.476573153591751 ], [ 6.490625770133857, 62.476321231547459 ], [ 6.491242767668444, 62.475907919583499 ] ] ] } },
{ "type": "Feature", "properties": { }, "geometry": { "type": "Polygon", "coordinates": [ [ [ 6.490277684940356, 62.475845407766194 ], [ 6.491242767668444, 62.475907919583499 ], [ 6.490625770133857, 62.476321231547459 ], [ 6.490277684940356, 62.475845407766194 ] ] ] } },
{ "type": "Feature", "properties": { }, "geometry": { "type": "Polygon", "coordinates": [ [ [ 6.490277684940356, 62.475845407766194 ], [ 6.490625770133857, 62.476321231547459 ], [ 6.489540628058226, 62.476308175343526 ], [ 6.490277684940356, 62.475845407766194 ] ] ] } },
{ "type": "Feature", "properties": { }, "geometry": { "type": "Polygon", "coordinates": [ [ [ 6.489646546348762, 62.475735376031622 ], [ 6.490277684940356, 62.475845407766194 ], [ 6.489540628058226, 62.476308175343526 ], [ 6.489646546348762, 62.475735376031622 ] ] ] } },
{ "type": "Feature", "properties": { }, "geometry": { "type": "Polygon", "coordinates": [ [ [ 6.488053028234279, 62.475960756484383 ], [ 6.489646546348762, 62.475735376031622 ], [ 6.489540628058226, 62.476308175343526 ], [ 6.488053028234279, 62.475960756484383 ] ] ] } },
{ "type": "Feature", "properties": { }, "geometry": { "type": "Polygon", "coordinates": [ [ [ 6.488525409153362, 62.475221261998655 ], [ 6.489646546348762, 62.475735376031622 ], [ 6.488053028234279, 62.475960756484383 ], [ 6.488525409153362, 62.475221261998655 ] ] ] } },
{ "type": "Feature", "properties": { }, "geometry": { "type": "Polygon", "coordinates": [ [ [ 6.487949932552824, 62.474681035408572 ], [ 6.488525409153362, 62.475221261998655 ], [ 6.486491828935427, 62.475261312107378 ], [ 6.487949932552824, 62.474681035408572 ] ] ] } },
{ "type": "Feature", "properties": { }, "geometry": { "type": "Polygon", "coordinates": [ [ [ 6.486491828935427, 62.475261312107378 ], [ 6.488525409153362, 62.475221261998655 ], [ 6.488053028234279, 62.475960756484383 ], [ 6.486491828935427, 62.475261312107378 ] ] ] } },
{ "type": "Feature", "properties": { }, "geometry": { "type": "Polygon", "coordinates": [ [ [ 6.4870798721593, 62.474413946977897 ], [ 6.487949932552824, 62.474681035408572 ], [ 6.486491828935427, 62.475261312107378 ], [ 6.4870798721593, 62.474413946977897 ] ] ] } },
{ "type": "Feature", "properties": { }, "geometry": { "type": "Polygon", "coordinates": [ [ [ 6.485637082345603, 62.473804163512519 ], [ 6.4870798721593, 62.474413946977897 ], [ 6.485850240110984, 62.474366627702167 ], [ 6.485637082345603, 62.473804163512519 ] ] ] } },
{ "type": "Feature", "properties": { }, "geometry": { "type": "Polygon", "coordinates": [ [ [ 6.485850240110984, 62.474366627702167 ], [ 6.4870798721593, 62.474413946977897 ], [ 6.486491828935427, 62.475261312107378 ], [ 6.485850240110984, 62.474366627702167 ] ] ] } },
{ "type": "Feature", "properties": { }, "geometry": { "type": "Polygon", "coordinates": [ [ [ 6.484835589705714, 62.474041696709271 ], [ 6.485637082345603, 62.473804163512519 ], [ 6.485850240110984, 62.474366627702167 ], [ 6.484835589705714, 62.474041696709271 ] ] ] } },
{ "type": "Feature", "properties": { }, "geometry": { "type": "Polygon", "coordinates": [ [ [ 6.484896934763002, 62.473602133306919 ], [ 6.485637082345603, 62.473804163512519 ], [ 6.484835589705714, 62.474041696709271 ], [ 6.484896934763002, 62.473602133306919 ] ] ] } },
{ "type": "Feature", "properties": { }, "geometry": { "type": "Polygon", "coordinates": [ [ [ 6.484134026962145, 62.473444770734147 ], [ 6.484896934763002, 62.473602133306919 ], [ 6.484835589705714, 62.474041696709271 ], [ 6.484134026962145, 62.473444770734147 ] ] ] } },
{ "type": "Feature", "properties": { }, "geometry": { "type": "Polygon", "coordinates": [ [ [ 6.484134026962145, 62.473444770734147 ], [ 6.484835589705714, 62.474041696709271 ], [ 6.483912731305175, 62.474149385560665 ], [ 6.484134026962145, 62.473444770734147 ] ] ] } },
{ "type": "Feature", "properties": { }, "geometry": { "type": "Polygon", "coordinates": [ [ [ 6.48301591560989, 62.473128172062481 ], [ 6.484134026962145, 62.473444770734147 ], [ 6.483912731305175, 62.474149385560665 ], [ 6.48301591560989, 62.473128172062481 ] ] ] } },
{ "type": "Feature", "properties": { }, "geometry": { "type": "Polygon", "coordinates": [ [ [ 6.482072203051369, 62.472857048466302 ], [ 6.48301591560989, 62.473128172062481 ], [ 6.481506339518703, 62.473766332760079 ], [ 6.482072203051369, 62.472857048466302 ] ] ] } },
{ "type": "Feature", "properties": { }, "geometry": { "type": "Polygon", "coordinates": [ [ [ 6.48301591560989, 62.473128172062481 ], [ 6.483912731305175, 62.474149385560665 ], [ 6.481506339518703, 62.473766332760079 ], [ 6.48301591560989, 62.473128172062481 ] ] ] } },
{ "type": "Feature", "properties": { }, "geometry": { "type": "Polygon", "coordinates": [ [ [ 6.481364554362858, 62.472460801477581 ], [ 6.482072203051369, 62.472857048466302 ], [ 6.48096595935918, 62.472810862629402 ], [ 6.481364554362858, 62.472460801477581 ] ] ] } },
{ "type": "Feature", "properties": { }, "geometry": { "type": "Polygon", "coordinates": [ [ [ 6.480588814306494, 62.472455746742035 ], [ 6.481364554362858, 62.472460801477581 ], [ 6.48096595935918, 62.472810862629402 ], [ 6.480588814306494, 62.472455746742035 ] ] ] } },
{ "type": "Feature", "properties": { }, "geometry": { "type": "Polygon", "coordinates": [ [ [ 6.480588814306494, 62.472455746742035 ], [ 6.48096595935918, 62.472810862629402 ], [ 6.480197923846791, 62.47263703744045 ], [ 6.480588814306494, 62.472455746742035 ] ] ] } },
{ "type": "Feature", "properties": { }, "geometry": { "type": "Polygon", "coordinates": [ [ [ 6.480109701397256, 62.472384192049596 ], [ 6.480588814306494, 62.472455746742035 ], [ 6.480197923846791, 62.47263703744045 ], [ 6.480109701397256, 62.472384192049596 ] ] ] } },
{ "type": "Feature", "properties": { }, "geometry": { "type": "Polygon", "coordinates": [ [ [ 6.480109701397256, 62.472384192049596 ], [ 6.480197923846791, 62.47263703744045 ], [ 6.479648962381579, 62.472669310502646 ], [ 6.480109701397256, 62.472384192049596 ] ] ] } },
{ "type": "Feature", "properties": { }, "geometry": { "type": "Polygon", "coordinates": [ [ [ 6.479237693240871, 62.472368422562397 ], [ 6.480109701397256, 62.472384192049596 ], [ 6.479648962381579, 62.472669310502646 ], [ 6.479237693240871, 62.472368422562397 ] ] ] } },
{ "type": "Feature", "properties": { }, "geometry": { "type": "Polygon", "coordinates": [ [ [ 6.479237693240871, 62.472368422562397 ], [ 6.479648962381579, 62.472669310502646 ], [ 6.478957971846027, 62.472512835431289 ], [ 6.479237693240871, 62.472368422562397 ] ] ] } },
{ "type": "Feature", "properties": { }, "geometry": { "type": "Polygon", "coordinates": [ [ [ 6.478986024179934, 62.47236396725183 ], [ 6.479237693240871, 62.472368422562397 ], [ 6.478957971846027, 62.472512835431289 ], [ 6.478986024179934, 62.47236396725183 ] ] ] } },
{ "type": "Feature", "properties": { }, "geometry": { "type": "Polygon", "coordinates": [ [ [ 6.478813822054961, 62.472379123154795 ], [ 6.478986024179934, 62.47236396725183 ], [ 6.478957971846027, 62.472512835431289 ], [ 6.478813822054961, 62.472379123154795 ] ] ] } },
{ "type": "Feature", "properties": { }, "geometry": { "type": "Polygon", "coordinates": [ [ [ 6.478419437838483, 62.472407444637682 ], [ 6.478813822054961, 62.472379123154795 ], [ 6.478957971846027, 62.472512835431289 ], [ 6.478419437838483, 62.472407444637682 ] ] ] } },
{ "type": "Feature", "properties": { }, "geometry": { "type": "Polygon", "coordinates": [ [ [ 6.478419437838483, 62.472407444637682 ], [ 6.478957971846027, 62.472512835431289 ], [ 6.478285041131111, 62.47290200040657 ], [ 6.478419437838483, 62.472407444637682 ] ] ] } },
{ "type": "Feature", "properties": { }, "geometry": { "type": "Polygon", "coordinates": [ [ [ 6.477558413120059, 62.472581311143699 ], [ 6.478419437838483, 62.472407444637682 ], [ 6.478285041131111, 62.47290200040657 ], [ 6.477558413120059, 62.472581311143699 ] ] ] } },
{ "type": "Feature", "properties": { }, "geometry": { "type": "Polygon", "coordinates": [ [ [ 6.476622150932037, 62.472545775904464 ], [ 6.477558413120059, 62.472581311143699 ], [ 6.476879960261387, 62.472882045329946 ], [ 6.476622150932037, 62.472545775904464 ] ] ] } },
{ "type": "Feature", "properties": { }, "geometry": { "type": "Polygon", "coordinates": [ [ [ 6.476622150932037, 62.472545775904464 ], [ 6.476879960261387, 62.472882045329946 ], [ 6.476162843736005, 62.472751074562552 ], [ 6.476622150932037, 62.472545775904464 ] ] ] } },
{ "type": "Feature", "properties": { }, "geometry": { "type": "Polygon", "coordinates": [ [ [ 6.476622150932037, 62.472545775904464 ], [ 6.476162843736005, 62.472751074562552 ], [ 6.475821288105559, 62.472659640140598 ], [ 6.476622150932037, 62.472545775904464 ] ] ] } },
{ "type": "Feature", "properties": { }, "geometry": { "type": "Polygon", "coordinates": [ [ [ 6.476622150932037, 62.472545775904464 ], [ 6.475821288105559, 62.472659640140598 ], [ 6.475526188426754, 62.472622437813868 ], [ 6.476622150932037, 62.472545775904464 ] ] ] } },
{ "type": "Feature", "properties": { }, "geometry": { "type": "Polygon", "coordinates": [ [ [ 6.475414025699186, 62.472613644770284 ], [ 6.475419382482405, 62.472613341973187 ], [ 6.475417863839898, 62.472617888525953 ], [ 6.475414025699186, 62.472613644770284 ] ] ] } },
{ "type": "Feature", "properties": { }, "geometry": { "type": "Polygon", "coordinates": [ [ [ 6.475419382482405, 62.472613341973187 ], [ 6.47543603700142, 62.472616861270069 ], [ 6.475417863839898, 62.472617888525953 ], [ 6.475419382482405, 62.472613341973187 ] ] ] } },
{ "type": "Feature", "properties": { }, "geometry": { "type": "Polygon", "coordinates": [ [ [ 6.475414025699186, 62.472613644770284 ], [ 6.475417863839898, 62.472617888525953 ], [ 6.475399690677179, 62.472618915779464 ], [ 6.475414025699186, 62.472613644770284 ] ] ] } },
{ "type": "Feature", "properties": { }, "geometry": { "type": "Polygon", "coordinates": [ [ [ 6.475414025699186, 62.472613644770284 ], [ 6.475399690677179, 62.472618915779464 ], [ 6.47536486299911, 62.472616423727217 ], [ 6.475414025699186, 62.472613644770284 ] ] ] } },
{ "type": "Feature", "properties": { }, "geometry": { "type": "Polygon", "coordinates": [ [ [ 6.474638259717484, 62.472608645529796 ], [ 6.475194877305981, 62.472626122079021 ], [ 6.474902777337046, 62.472711476779693 ], [ 6.474638259717484, 62.472608645529796 ] ] ] } },
{ "type": "Feature", "properties": { }, "geometry": { "type": "Polygon", "coordinates": [ [ [ 6.474638259717484, 62.472608645529796 ], [ 6.474902777337046, 62.472711476779693 ], [ 6.474786064143993, 62.472861732423787 ], [ 6.474638259717484, 62.472608645529796 ] ] ] } },
{ "type": "Feature", "properties": { }, "geometry": { "type": "Polygon", "coordinates": [ [ [ 6.474638259717484, 62.472608645529796 ], [ 6.474786064143993, 62.472861732423787 ], [ 6.474120752602347, 62.472794997499641 ], [ 6.474638259717484, 62.472608645529796 ] ] ] } },
{ "type": "Feature", "properties": { }, "geometry": { "type": "Polygon", "coordinates": [ [ [ 6.473691325344817, 62.472557426551433 ], [ 6.474638259717484, 62.472608645529796 ], [ 6.474120752602347, 62.472794997499641 ], [ 6.473691325344817, 62.472557426551433 ] ] ] } },
{ "type": "Feature", "properties": { }, "geometry": { "type": "Polygon", "coordinates": [ [ [ 6.473368176860526, 62.472540884035951 ], [ 6.473691325344817, 62.472557426551433 ], [ 6.473466390801102, 62.472814294055922 ], [ 6.473368176860526, 62.472540884035951 ] ] ] } },
{ "type": "Feature", "properties": { }, "geometry": { "type": "Polygon", "coordinates": [ [ [ 6.473691325344817, 62.472557426551433 ], [ 6.474120752602347, 62.472794997499641 ], [ 6.473466390801102, 62.472814294055922 ], [ 6.473691325344817, 62.472557426551433 ] ] ] } },
{ "type": "Feature", "properties": { }, "geometry": { "type": "Polygon", "coordinates": [ [ [ 6.473368176860526, 62.472540884035951 ], [ 6.473466390801102, 62.472814294055922 ], [ 6.472718643517227, 62.472731348302894 ], [ 6.473368176860526, 62.472540884035951 ] ] ] } },
{ "type": "Feature", "properties": { }, "geometry": { "type": "Polygon", "coordinates": [ [ [ 6.472404536794524, 62.472406512181124 ], [ 6.473368176860526, 62.472540884035951 ], [ 6.472718643517227, 62.472731348302894 ], [ 6.472404536794524, 62.472406512181124 ] ] ] } },
{ "type": "Feature", "properties": { }, "geometry": { "type": "Polygon", "coordinates": [ [ [ 6.47109003188583, 62.471888828799898 ], [ 6.472404536794524, 62.472406512181124 ], [ 6.471502871237305, 62.472788231587892 ], [ 6.47109003188583, 62.471888828799898 ] ] ] } },
{ "type": "Feature", "properties": { }, "geometry": { "type": "Polygon", "coordinates": [ [ [ 6.472404536794524, 62.472406512181124 ], [ 6.472718643517227, 62.472731348302894 ], [ 6.471502871237305, 62.472788231587892 ], [ 6.472404536794524, 62.472406512181124 ] ] ] } },
{ "type": "Feature", "properties": { }, "geometry": { "type": "Polygon", "coordinates": [ [ [ 6.47109003188583, 62.471888828799898 ], [ 6.471502871237305, 62.472788231587892 ], [ 6.470411329112878, 62.47253399433346 ], [ 6.47109003188583, 62.471888828799898 ] ] ] } },
{ "type": "Feature", "properties": { }, "geometry": { "type": "Polygon", "coordinates": [ [ [ 6.470261644992551, 62.471819768441364 ], [ 6.47109003188583, 62.471888828799898 ], [ 6.470411329112878, 62.47253399433346 ], [ 6.470261644992551, 62.471819768441364 ] ] ] } },
{ "type": "Feature", "properties": { }, "geometry": { "type": "Polygon", "coordinates": [ [ [ 6.470261644992551, 62.471819768441364 ], [ 6.470411329112878, 62.47253399433346 ], [ 6.469569944781034, 62.472171469528789 ], [ 6.470261644992551, 62.471819768441364 ] ] ] } },
{ "type": "Feature", "properties": { }, "geometry": { "type": "Polygon", "coordinates": [ [ [ 6.469300388765285, 62.471712530764712 ], [ 6.470261644992551, 62.471819768441364 ], [ 6.469569944781034, 62.472171469528789 ], [ 6.469300388765285, 62.471712530764712 ] ] ] } },
{ "type": "Feature", "properties": { }, "geometry": { "type": "Polygon", "coordinates": [ [ [ 6.469300388765285, 62.471712530764712 ], [ 6.469569944781034, 62.472171469528789 ], [ 6.46866791308375, 62.47239925285956 ], [ 6.469300388765285, 62.471712530764712 ] ] ] } },
{ "type": "Feature", "properties": { }, "geometry": { "type": "Polygon", "coordinates": [ [ [ 6.468431903967837, 62.471660774110767 ], [ 6.469300388765285, 62.471712530764712 ], [ 6.46866791308375, 62.47239925285956 ], [ 6.468431903967837, 62.471660774110767 ] ] ] } },
{ "type": "Feature", "properties": { }, "geometry": { "type": "Polygon", "coordinates": [ [ [ 6.468431903967837, 62.471660774110767 ], [ 6.46866791308375, 62.47239925285956 ], [ 6.467683412558027, 62.472089334859099 ], [ 6.468431903967837, 62.471660774110767 ] ] ] } },
{ "type": "Feature", "properties": { }, "geometry": { "type": "Polygon", "coordinates": [ [ [ 6.467412335629779, 62.471552732712425 ], [ 6.468431903967837, 62.471660774110767 ], [ 6.467683412558027, 62.472089334859099 ], [ 6.467412335629779, 62.471552732712425 ] ] ] } },
{ "type": "Feature", "properties": { }, "geometry": { "type": "Polygon", "coordinates": [ [ [ 6.467412335629779, 62.471552732712425 ], [ 6.467683412558027, 62.472089334859099 ], [ 6.466313951538606, 62.472100103551099 ], [ 6.467412335629779, 62.471552732712425 ] ] ] } },
{ "type": "Feature", "properties": { }, "geometry": { "type": "Polygon", "coordinates": [ [ [ 6.466632508478833, 62.471367756356223 ], [ 6.467412335629779, 62.471552732712425 ], [ 6.466313951538606, 62.472100103551099 ], [ 6.466632508478833, 62.471367756356223 ] ] ] } },
{ "type": "Feature", "properties": { }, "geometry": { "type": "Polygon", "coordinates": [ [ [ 6.465561536166573, 62.471186703900578 ], [ 6.466632508478833, 62.471367756356223 ], [ 6.466313951538606, 62.472100103551099 ], [ 6.465561536166573, 62.471186703900578 ] ] ] } },
{ "type": "Feature", "properties": { }, "geometry": { "type": "Polygon", "coordinates": [ [ [ 6.465561536166573, 62.471186703900578 ], [ 6.466313951538606, 62.472100103551099 ], [ 6.464094379026101, 62.471968695021729 ], [ 6.465561536166573, 62.471186703900578 ] ] ] } },
{ "type": "Feature", "properties": { }, "geometry": { "type": "Polygon", "coordinates": [ [ [ 6.464360052438285, 62.470940328518424 ], [ 6.465561536166573, 62.471186703900578 ], [ 6.464094379026101, 62.471968695021729 ], [ 6.464360052438285, 62.470940328518424 ] ] ] } },
{ "type": "Feature", "properties": { }, "geometry": { "type": "Polygon", "coordinates": [ [ [ 6.462905945848984, 62.470698341155185 ], [ 6.464360052438285, 62.470940328518424 ], [ 6.464094379026101, 62.471968695021729 ], [ 6.462905945848984, 62.470698341155185 ] ] ] } },
{ "type": "Feature", "properties": { }, "geometry": { "type": "Polygon", "coordinates": [ [ [ 6.462905945848984, 62.470698341155185 ], [ 6.464094379026101, 62.471968695021729 ], [ 6.460830733234, 62.471309719112043 ], [ 6.462905945848984, 62.470698341155185 ] ] ] } },
{ "type": "Feature", "properties": { }, "geometry": { "type": "Polygon", "coordinates": [ [ [ 6.461361208066259, 62.470607307804528 ], [ 6.462905945848984, 62.470698341155185 ], [ 6.460830733234, 62.471309719112043 ], [ 6.461361208066259, 62.470607307804528 ] ] ] } },
{ "type": "Feature", "properties": { }, "geometry": { "type": "Polygon", "coordinates": [ [ [ 6.460490072912457, 62.47058252762745 ], [ 6.461361208066259, 62.470607307804528 ], [ 6.460830733234, 62.471309719112043 ], [ 6.460490072912457, 62.47058252762745 ] ] ] } },
{ "type": "Feature", "properties": { }, "geometry": { "type": "Polygon", "coordinates": [ [ [ 6.460490072912457, 62.47058252762745 ], [ 6.460830733234, 62.471309719112043 ], [ 6.459827012776429, 62.471180555551676 ], [ 6.460490072912457, 62.47058252762745 ] ] ] } },
{ "type": "Feature", "properties": { }, "geometry": { "type": "Polygon", "coordinates": [ [ [ 6.460490072912457, 62.47058252762745 ], [ 6.459827012776429, 62.471180555551676 ], [ 6.459029812915598, 62.470870132769669 ], [ 6.460490072912457, 62.47058252762745 ] ] ] } },
{ "type": "Feature", "properties": { }, "geometry": { "type": "Polygon", "coordinates": [ [ [ 6.459029812915598, 62.470870132769669 ], [ 6.459827012776429, 62.471180555551676 ], [ 6.458835565348207, 62.471328640964188 ], [ 6.459029812915598, 62.470870132769669 ] ] ] } },
{ "type": "Feature", "properties": { }, "geometry": { "type": "Polygon", "coordinates": [ [ [ 6.458206969739572, 62.470963045139243 ], [ 6.459029812915598, 62.470870132769669 ], [ 6.458835565348207, 62.471328640964188 ], [ 6.458206969739572, 62.470963045139243 ] ] ] } },
{ "type": "Feature", "properties": { }, "geometry": { "type": "Polygon", "coordinates": [ [ [ 6.458206969739572, 62.470963045139243 ], [ 6.458835565348207, 62.471328640964188 ], [ 6.457827544031763, 62.47135365185396 ], [ 6.458206969739572, 62.470963045139243 ] ] ] } },
{ "type": "Feature", "properties": { }, "geometry": { "type": "Polygon", "coordinates": [ [ [ 6.457470096455532, 62.470958628798449 ], [ 6.458206969739572, 62.470963045139243 ], [ 6.457827544031763, 62.47135365185396 ], [ 6.457470096455532, 62.470958628798449 ] ] ] } },
{ "type": "Feature", "properties": { }, "geometry": { "type": "Polygon", "coordinates": [ [ [ 6.457470096455532, 62.470958628798449 ], [ 6.457827544031763, 62.47135365185396 ], [ 6.456943788555733, 62.471226799809465 ], [ 6.457470096455532, 62.470958628798449 ] ] ] } },
{ "type": "Feature", "properties": { }, "geometry": { "type": "Polygon", "coordinates": [ [ [ 6.457089786317868, 62.470870859152356 ], [ 6.457470096455532, 62.470958628798449 ], [ 6.456943788555733, 62.471226799809465 ], [ 6.457089786317868, 62.470870859152356 ] ] ] } },
{ "type": "Feature", "properties": { }, "geometry": { "type": "Polygon", "coordinates": [ [ [ 6.456562296472145, 62.470687971319379 ], [ 6.457089786317868, 62.470870859152356 ], [ 6.455901297369016, 62.471018039154536 ], [ 6.456562296472145, 62.470687971319379 ] ] ] } },
{ "type": "Feature", "properties": { }, "geometry": { "type": "Polygon", "coordinates": [ [ [ 6.455901297369016, 62.471018039154536 ], [ 6.457089786317868, 62.470870859152356 ], [ 6.456943788555733, 62.471226799809465 ], [ 6.455901297369016, 62.471018039154536 ] ] ] } },
{ "type": "Feature", "properties": { }, "geometry": { "type": "Polygon", "coordinates": [ [ [ 6.456175381821704, 62.470441015590922 ], [ 6.456562296472145, 62.470687971319379 ], [ 6.455919280323194, 62.470621068051337 ], [ 6.456175381821704, 62.470441015590922 ] ] ] } },
{ "type": "Feature", "properties": { }, "geometry": { "type": "Polygon", "coordinates": [ [ [ 6.455730614180359, 62.470423977055496 ], [ 6.456175381821704, 62.470441015590922 ], [ 6.455919280323194, 62.470621068051337 ], [ 6.455730614180359, 62.470423977055496 ] ] ] } },
{ "type": "Feature", "properties": { }, "geometry": { "type": "Polygon", "coordinates": [ [ [ 6.455730614180359, 62.470423977055496 ], [ 6.455919280323194, 62.470621068051337 ], [ 6.455468487101582, 62.470675224235215 ], [ 6.455730614180359, 62.470423977055496 ] ] ] } },
{ "type": "Feature", "properties": { }, "geometry": { "type": "Polygon", "coordinates": [ [ [ 6.455408349805743, 62.470397606760052 ], [ 6.455730614180359, 62.470423977055496 ], [ 6.455468487101582, 62.470675224235215 ], [ 6.455408349805743, 62.470397606760052 ] ] ] } },
{ "type": "Feature", "properties": { }, "geometry": { "type": "Polygon", "coordinates": [ [ [ 6.455621448290494, 62.470358434372166 ], [ 6.455730614180359, 62.470423977055496 ], [ 6.455408349805743, 62.470397606760052 ], [ 6.455621448290494, 62.470358434372166 ] ] ] } },
{ "type": "Feature", "properties": { }, "geometry": { "type": "Polygon", "coordinates": [ [ [ 6.455545819980663, 62.470312666251786 ], [ 6.455621448290494, 62.470358434372166 ], [ 6.455408349805743, 62.470397606760052 ], [ 6.455545819980663, 62.470312666251786 ] ] ] } },
{ "type": "Feature", "properties": { }, "geometry": { "type": "Polygon", "coordinates": [ [ [ 6.455270370354491, 62.470283457765589 ], [ 6.455545819980663, 62.470312666251786 ], [ 6.455408349805743, 62.470397606760052 ], [ 6.455270370354491, 62.470283457765589 ] ] ] } },
{ "type": "Feature", "properties": { }, "geometry": { "type": "Polygon", "coordinates": [ [ [ 6.455120896947468, 62.470172452921226 ], [ 6.455545819980663, 62.470312666251786 ], [ 6.455270370354491, 62.470283457765589 ], [ 6.455120896947468, 62.470172452921226 ] ] ] } },
{ "type": "Feature", "properties": { }, "geometry": { "type": "Polygon", "coordinates": [ [ [ 6.455120896947468, 62.470172452921226 ], [ 6.455270370354491, 62.470283457765589 ], [ 6.454905613969579, 62.470252684226885 ], [ 6.455120896947468, 62.470172452921226 ] ] ] } },
{ "type": "Feature", "properties": { }, "geometry": { "type": "Polygon", "coordinates": [ [ [ 6.454998596187542, 62.470132207493641 ], [ 6.455120896947468, 62.470172452921226 ], [ 6.454905613969579, 62.470252684226885 ], [ 6.454998596187542, 62.470132207493641 ] ] ] } },
{ "type": "Feature", "properties": { }, "geometry": { "type": "Polygon", "coordinates": [ [ [ 6.454769764288288, 62.470083042739752 ], [ 6.454998596187542, 62.470132207493641 ], [ 6.454905613969579, 62.470252684226885 ], [ 6.454769764288288, 62.470083042739752 ] ] ] } },
{ "type": "Feature", "properties": { }, "geometry": { "type": "Polygon", "coordinates": [ [ [ 6.454769764288288, 62.470083042739752 ], [ 6.454905613969579, 62.470252684226885 ], [ 6.454187992823853, 62.470279333600622 ], [ 6.454769764288288, 62.470083042739752 ] ] ] } },
{ "type": "Feature", "properties": { }, "geometry": { "type": "Polygon", "coordinates": [ [ [ 6.453789579462325, 62.469975428147386 ], [ 6.454769764288288, 62.470083042739752 ], [ 6.454187992823853, 62.470279333600622 ], [ 6.453789579462325, 62.469975428147386 ] ] ] } },
{ "type": "Feature", "properties": { }, "geometry": { "type": "Polygon", "coordinates": [ [ [ 6.453789579462325, 62.469975428147386 ], [ 6.454187992823853, 62.470279333600622 ], [ 6.453239988418831, 62.470337701888973 ], [ 6.453789579462325, 62.469975428147386 ] ] ] } },
{ "type": "Feature", "properties": { }, "geometry": { "type": "Polygon", "coordinates": [ [ [ 6.453069518344701, 62.469773729944066 ], [ 6.453789579462325, 62.469975428147386 ], [ 6.453239988418831, 62.470337701888973 ], [ 6.453069518344701, 62.469773729944066 ] ] ] } },
{ "type": "Feature", "properties": { }, "geometry": { "type": "Polygon", "coordinates": [ [ [ 6.452580499376655, 62.469593869923344 ], [ 6.453069518344701, 62.469773729944066 ], [ 6.452136181343589, 62.470085070039552 ], [ 6.452580499376655, 62.469593869923344 ] ] ] } },
{ "type": "Feature", "properties": { }, "geometry": { "type": "Polygon", "coordinates": [ [ [ 6.453069518344701, 62.469773729944066 ], [ 6.453239988418831, 62.470337701888973 ], [ 6.452136181343589, 62.470085070039552 ], [ 6.453069518344701, 62.469773729944066 ] ] ] } },
{ "type": "Feature", "properties": { }, "geometry": { "type": "Polygon", "coordinates": [ [ [ 6.451575339559536, 62.469548657985378 ], [ 6.452580499376655, 62.469593869923344 ], [ 6.452136181343589, 62.470085070039552 ], [ 6.451575339559536, 62.469548657985378 ] ] ] } },
{ "type": "Feature", "properties": { }, "geometry": { "type": "Polygon", "coordinates": [ [ [ 6.450883500068835, 62.469697669616892 ], [ 6.451575339559536, 62.469548657985378 ], [ 6.452136181343589, 62.470085070039552 ], [ 6.450883500068835, 62.469697669616892 ] ] ] } },
{ "type": "Feature", "properties": { }, "geometry": { "type": "Polygon", "coordinates": [ [ [ 6.450883500068835, 62.469697669616892 ], [ 6.452136181343589, 62.470085070039552 ], [ 6.450743670472585, 62.470111114542959 ], [ 6.450883500068835, 62.469697669616892 ] ] ] } },
{ "type": "Feature", "properties": { }, "geometry": { "type": "Polygon", "coordinates": [ [ [ 6.450396166534798, 62.469724782575476 ], [ 6.450883500068835, 62.469697669616892 ], [ 6.450743670472585, 62.470111114542959 ], [ 6.450396166534798, 62.469724782575476 ] ] ] } },
{ "type": "Feature", "properties": { }, "geometry": { "type": "Polygon", "coordinates": [ [ [ 6.450000258492081, 62.469598448022829 ], [ 6.450396166534798, 62.469724782575476 ], [ 6.449705762453429, 62.469711171444757 ], [ 6.450000258492081, 62.469598448022829 ] ] ] } },
{ "type": "Feature", "properties": { }, "geometry": { "type": "Polygon", "coordinates": [ [ [ 6.450396166534798, 62.469724782575476 ], [ 6.450743670472585, 62.470111114542959 ], [ 6.450022863334919, 62.47002337758429 ], [ 6.450396166534798, 62.469724782575476 ] ] ] } },
{ "type": "Feature", "properties": { }, "geometry": { "type": "Polygon", "coordinates": [ [ [ 6.449705762453429, 62.469711171444757 ], [ 6.450396166534798, 62.469724782575476 ], [ 6.450022863334919, 62.47002337758429 ], [ 6.449705762453429, 62.469711171444757 ] ] ] } },
{ "type": "Feature", "properties": { }, "geometry": { "type": "Polygon", "coordinates": [ [ [ 6.449829605773523, 62.469543830923826 ], [ 6.450000258492081, 62.469598448022829 ], [ 6.449705762453429, 62.469711171444757 ], [ 6.449829605773523, 62.469543830923826 ] ] ] } },
{ "type": "Feature", "properties": { }, "geometry": { "type": "Polygon", "coordinates": [ [ [ 6.449389241121935, 62.469472929528088 ], [ 6.449829605773523, 62.469543830923826 ], [ 6.449705762453429, 62.469711171444757 ], [ 6.449389241121935, 62.469472929528088 ] ] ] } },
{ "type": "Feature", "properties": { }, "geometry": { "type": "Polygon", "coordinates": [ [ [ 6.449389241121935, 62.469472929528088 ], [ 6.449705762453429, 62.469711171444757 ], [ 6.449063885848688, 62.469729716382886 ], [ 6.449389241121935, 62.469472929528088 ] ] ] } },
{ "type": "Feature", "properties": { }, "geometry": { "type": "Polygon", "coordinates": [ [ [ 6.448326283876306, 62.469426475321569 ], [ 6.449389241121935, 62.469472929528088 ], [ 6.449063885848688, 62.469729716382886 ], [ 6.448326283876306, 62.469426475321569 ] ] ] } },
{ "type": "Feature", "properties": { }, "geometry": { "type": "Polygon", "coordinates": [ [ [ 6.448326283876306, 62.469426475321569 ], [ 6.449063885848688, 62.469729716382886 ], [ 6.448457152064061, 62.469828437662734 ], [ 6.448326283876306, 62.469426475321569 ] ] ] } },
{ "type": "Feature", "properties": { }, "geometry": { "type": "Polygon", "coordinates": [ [ [ 6.447891811310631, 62.469517369823151 ], [ 6.448326283876306, 62.469426475321569 ], [ 6.448457152064061, 62.469828437662734 ], [ 6.447891811310631, 62.469517369823151 ] ] ] } },
{ "type": "Feature", "properties": { }, "geometry": { "type": "Polygon", "coordinates": [ [ [ 6.447891811310631, 62.469517369823151 ], [ 6.448457152064061, 62.469828437662734 ], [ 6.447563709605981, 62.46991073637264 ], [ 6.447891811310631, 62.469517369823151 ] ] ] } },
{ "type": "Feature", "properties": { }, "geometry": { "type": "Polygon", "coordinates": [ [ [ 6.447251484218121, 62.469514610884218 ], [ 6.447891811310631, 62.469517369823151 ], [ 6.447563709605981, 62.46991073637264 ], [ 6.447251484218121, 62.469514610884218 ] ] ] } },
{ "type": "Feature", "properties": { }, "geometry": { "type": "Polygon", "coordinates": [ [ [ 6.447251484218121, 62.469514610884218 ], [ 6.447563709605981, 62.46991073637264 ], [ 6.446590929578651, 62.469850589154241 ], [ 6.447251484218121, 62.469514610884218 ] ] ] } },
{ "type": "Feature", "properties": { }, "geometry": { "type": "Polygon", "coordinates": [ [ [ 6.446131759341236, 62.469449096827283 ], [ 6.447251484218121, 62.469514610884218 ], [ 6.446590929578651, 62.469850589154241 ], [ 6.446131759341236, 62.469449096827283 ] ] ] } },
{ "type": "Feature", "properties": { }, "geometry": { "type": "Polygon", "coordinates": [ [ [ 6.446131759341236, 62.469449096827283 ], [ 6.446590929578651, 62.469850589154241 ], [ 6.445283317286275, 62.46991399830825 ], [ 6.446131759341236, 62.469449096827283 ] ] ] } },
{ "type": "Feature", "properties": { }, "geometry": { "type": "Polygon", "coordinates": [ [ [ 6.445076287897211, 62.469313010381256 ], [ 6.446131759341236, 62.469449096827283 ], [ 6.445283317286275, 62.46991399830825 ], [ 6.445076287897211, 62.469313010381256 ] ] ] } },
{ "type": "Feature", "properties": { }, "geometry": { "type": "Polygon", "coordinates": [ [ [ 6.445076287897211, 62.469313010381256 ], [ 6.445283317286275, 62.46991399830825 ], [ 6.44376875430249, 62.469892752749189 ], [ 6.445076287897211, 62.469313010381256 ] ] ] } },
{ "type": "Feature", "properties": { }, "geometry": { "type": "Polygon", "coordinates": [ [ [ 6.443081698235467, 62.469267616082725 ], [ 6.445076287897211, 62.469313010381256 ], [ 6.44376875430249, 62.469892752749189 ], [ 6.443081698235467, 62.469267616082725 ] ] ] } },
{ "type": "Feature", "properties": { }, "geometry": { "type": "Polygon", "coordinates": [ [ [ 6.443081698235467, 62.469267616082725 ], [ 6.44376875430249, 62.469892752749189 ], [ 6.442337917653416, 62.469661917218474 ], [ 6.443081698235467, 62.469267616082725 ] ] ] } },
{ "type": "Feature", "properties": { }, "geometry": { "type": "Polygon", "coordinates": [ [ [ 6.441925848992206, 62.469174450254471 ], [ 6.443081698235467, 62.469267616082725 ], [ 6.442337917653416, 62.469661917218474 ], [ 6.441925848992206, 62.469174450254471 ] ] ] } },
{ "type": "Feature", "properties": { }, "geometry": { "type": "Polygon", "coordinates": [ [ [ 6.441925848992206, 62.469174450254471 ], [ 6.442337917653416, 62.469661917218474 ], [ 6.441310398558255, 62.469443311506701 ], [ 6.441925848992206, 62.469174450254471 ] ] ] } },
{ "type": "Feature", "properties": { }, "geometry": { "type": "Polygon", "coordinates": [ [ [ 6.441061437775055, 62.469068924757849 ], [ 6.441925848992206, 62.469174450254471 ], [ 6.441310398558255, 62.469443311506701 ], [ 6.441061437775055, 62.469068924757849 ] ] ] } },
{ "type": "Feature", "properties": { }, "geometry": { "type": "Polygon", "coordinates": [ [ [ 6.440662439661152, 62.468971731146787 ], [ 6.441061437775055, 62.469068924757849 ], [ 6.44048971610416, 62.469347738589803 ], [ 6.440662439661152, 62.468971731146787 ] ] ] } },
{ "type": "Feature", "properties": { }, "geometry": { "type": "Polygon", "coordinates": [ [ [ 6.441061437775055, 62.469068924757849 ], [ 6.441310398558255, 62.469443311506701 ], [ 6.44048971610416, 62.469347738589803 ], [ 6.441061437775055, 62.469068924757849 ] ] ] } },
{ "type": "Feature", "properties": { }, "geometry": { "type": "Polygon", "coordinates": [ [ [ 6.440088245083009, 62.468880424822622 ], [ 6.440662439661152, 62.468971731146787 ], [ 6.44048971610416, 62.469347738589803 ], [ 6.440088245083009, 62.468880424822622 ] ] ] } },
{ "type": "Feature", "properties": { }, "geometry": { "type": "Polygon", "coordinates": [ [ [ 6.438900374034302, 62.468943305228251 ], [ 6.440088245083009, 62.468880424822622 ], [ 6.44048971610416, 62.469347738589803 ], [ 6.438900374034302, 62.468943305228251 ] ] ] } },
{ "type": "Feature", "properties": { }, "geometry": { "type": "Polygon", "coordinates": [ [ [ 6.439404859655117, 62.468706211592448 ], [ 6.440088245083009, 62.468880424822622 ], [ 6.438900374034302, 62.468943305228251 ], [ 6.439404859655117, 62.468706211592448 ] ] ] } },
{ "type": "Feature", "properties": { }, "geometry": { "type": "Polygon", "coordinates": [ [ [ 6.439062869590679, 62.468619130372836 ], [ 6.439404859655117, 62.468706211592448 ], [ 6.438900374034302, 62.468943305228251 ], [ 6.439062869590679, 62.468619130372836 ] ] ] } },
{ "type": "Feature", "properties": { }, "geometry": { "type": "Polygon", "coordinates": [ [ [ 6.43828080544987, 62.468705943400906 ], [ 6.439062869590679, 62.468619130372836 ], [ 6.438900374034302, 62.468943305228251 ], [ 6.43828080544987, 62.468705943400906 ] ] ] } },
{ "type": "Feature", "properties": { }, "geometry": { "type": "Polygon", "coordinates": [ [ [ 6.437800556693831, 62.468407326475422 ], [ 6.439062869590679, 62.468619130372836 ], [ 6.43828080544987, 62.468705943400906 ], [ 6.437800556693831, 62.468407326475422 ] ] ] } },
{ "type": "Feature", "properties": { }, "geometry": { "type": "Polygon", "coordinates": [ [ [ 6.437800556693831, 62.468407326475422 ], [ 6.43828080544987, 62.468705943400906 ], [ 6.437175978699555, 62.468854614167711 ], [ 6.437800556693831, 62.468407326475422 ] ] ] } },
{ "type": "Feature", "properties": { }, "geometry": { "type": "Polygon", "coordinates": [ [ [ 6.436944171909065, 62.468211838010951 ], [ 6.437800556693831, 62.468407326475422 ], [ 6.437175978699555, 62.468854614167711 ], [ 6.436944171909065, 62.468211838010951 ] ] ] } },
{ "type": "Feature", "properties": { }, "geometry": { "type": "Polygon", "coordinates": [ [ [ 6.435918208438701, 62.46818410455397 ], [ 6.436944171909065, 62.468211838010951 ], [ 6.437175978699555, 62.468854614167711 ], [ 6.435918208438701, 62.46818410455397 ] ] ] } },
{ "type": "Feature", "properties": { }, "geometry": { "type": "Polygon", "coordinates": [ [ [ 6.435918208438701, 62.46818410455397 ], [ 6.437175978699555, 62.468854614167711 ], [ 6.434433953601393, 62.46877752824183 ], [ 6.435918208438701, 62.46818410455397 ] ] ] } },
{ "type": "Feature", "properties": { }, "geometry": { "type": "Polygon", "coordinates": [ [ [ 6.434567835361271, 62.467871786235051 ], [ 6.435918208438701, 62.46818410455397 ], [ 6.434433953601393, 62.46877752824183 ], [ 6.434567835361271, 62.467871786235051 ] ] ] } },
{ "type": "Feature", "properties": { }, "geometry": { "type": "Polygon", "coordinates": [ [ [ 6.432014569551044, 62.468215439983261 ], [ 6.434567835361271, 62.467871786235051 ], [ 6.434433953601393, 62.46877752824183 ], [ 6.432014569551044, 62.468215439983261 ] ] ] } },
{ "type": "Feature", "properties": { }, "geometry": { "type": "Polygon", "coordinates": [ [ [ 6.433017714737327, 62.467618742398422 ], [ 6.434567835361271, 62.467871786235051 ], [ 6.432014569551044, 62.468215439983261 ], [ 6.433017714737327, 62.467618742398422 ] ] ] } },
{ "type": "Feature", "properties": { }, "geometry": { "type": "Polygon", "coordinates": [ [ [ 6.431466067330487, 62.467617188113245 ], [ 6.433017714737327, 62.467618742398422 ], [ 6.432014569551044, 62.468215439983261 ], [ 6.431466067330487, 62.467617188113245 ] ] ] } },
{ "type": "Feature", "properties": { }, "geometry": { "type": "Polygon", "coordinates": [ [ [ 6.430871598826123, 62.467838032525812 ], [ 6.431466067330487, 62.467617188113245 ], [ 6.432014569551044, 62.468215439983261 ], [ 6.430871598826123, 62.467838032525812 ] ] ] } },
{ "type": "Feature", "properties": { }, "geometry": { "type": "Polygon", "coordinates": [ [ [ 6.430778390419675, 62.467487834306176 ], [ 6.431466067330487, 62.467617188113245 ], [ 6.430871598826123, 62.467838032525812 ], [ 6.430778390419675, 62.467487834306176 ] ] ] } },
{ "type": "Feature", "properties": { }, "geometry": { "type": "Polygon", "coordinates": [ [ [ 6.430778390419675, 62.467487834306176 ], [ 6.430871598826123, 62.467838032525812 ], [ 6.430117213562823, 62.467787536844284 ], [ 6.430778390419675, 62.467487834306176 ] ] ] } },
{ "type": "Feature", "properties": { }, "geometry": { "type": "Polygon", "coordinates": [ [ [ 6.43034264622833, 62.467372073889599 ], [ 6.430778390419675, 62.467487834306176 ], [ 6.430117213562823, 62.467787536844284 ], [ 6.43034264622833, 62.467372073889599 ] ] ] } },
{ "type": "Feature", "properties": { }, "geometry": { "type": "Polygon", "coordinates": [ [ [ 6.429668795743479, 62.467305724869355 ], [ 6.43034264622833, 62.467372073889599 ], [ 6.430117213562823, 62.467787536844284 ], [ 6.429668795743479, 62.467305724869355 ] ] ] } },
{ "type": "Feature", "properties": { }, "geometry": { "type": "Polygon", "coordinates": [ [ [ 6.429668795743479, 62.467305724869355 ], [ 6.430117213562823, 62.467787536844284 ], [ 6.429141844253875, 62.467573873472361 ], [ 6.429668795743479, 62.467305724869355 ] ] ] } },
{ "type": "Feature", "properties": { }, "geometry": { "type": "Polygon", "coordinates": [ [ [ 6.429288453179161, 62.467217780628012 ], [ 6.429668795743479, 62.467305724869355 ], [ 6.429141844253875, 62.467573873472361 ], [ 6.429288453179161, 62.467217780628012 ] ] ] } },
{ "type": "Feature", "properties": { }, "geometry": { "type": "Polygon", "coordinates": [ [ [ 6.427852251296888, 62.467275574000944 ], [ 6.429288453179161, 62.467217780628012 ], [ 6.429141844253875, 62.467573873472361 ], [ 6.427852251296888, 62.467275574000944 ] ] ] } },
{ "type": "Feature", "properties": { }, "geometry": { "type": "Polygon", "coordinates": [ [ [ 6.42641765181176, 62.467209805167599 ], [ 6.427852251296888, 62.467275574000944 ], [ 6.42695515555372, 62.46808309911448 ], [ 6.42641765181176, 62.467209805167599 ] ] ] } },
{ "type": "Feature", "properties": { }, "geometry": { "type": "Polygon", "coordinates": [ [ [ 6.42641765181176, 62.467209805167599 ], [ 6.42695515555372, 62.46808309911448 ], [ 6.4250038467251, 62.468176082168327 ], [ 6.42641765181176, 62.467209805167599 ] ] ] } },
{ "type": "Feature", "properties": { }, "geometry": { "type": "Polygon", "coordinates": [ [ [ 6.42328440161509, 62.467322572304589 ], [ 6.42641765181176, 62.467209805167599 ], [ 6.4250038467251, 62.468176082168327 ], [ 6.42328440161509, 62.467322572304589 ] ] ] } },
{ "type": "Feature", "properties": { }, "geometry": { "type": "Polygon", "coordinates": [ [ [ 6.42328440161509, 62.467322572304589 ], [ 6.4250038467251, 62.468176082168327 ], [ 6.422552052985584, 62.467904247571731 ], [ 6.42328440161509, 62.467322572304589 ] ] ] } },
{ "type": "Feature", "properties": { }, "geometry": { "type": "Polygon", "coordinates": [ [ [ 6.421428125366626, 62.46747694919727 ], [ 6.42328440161509, 62.467322572304589 ], [ 6.422552052985584, 62.467904247571731 ], [ 6.421428125366626, 62.46747694919727 ] ] ] } },
{ "type": "Feature", "properties": { }, "geometry": { "type": "Polygon", "coordinates": [ [ [ 6.421428125366626, 62.46747694919727 ], [ 6.422552052985584, 62.467904247571731 ], [ 6.421108105500632, 62.46798483519872 ], [ 6.421428125366626, 62.46747694919727 ] ] ] } },
{ "type": "Feature", "properties": { }, "geometry": { "type": "Polygon", "coordinates": [ [ [ 6.420807666937843, 62.467474392605389 ], [ 6.421428125366626, 62.46747694919727 ], [ 6.421108105500632, 62.46798483519872 ], [ 6.420807666937843, 62.467474392605389 ] ] ] } },
{ "type": "Feature", "properties": { }, "geometry": { "type": "Polygon", "coordinates": [ [ [ 6.420807666937843, 62.467474392605389 ], [ 6.421108105500632, 62.46798483519872 ], [ 6.41943402448987, 62.467921804757502 ], [ 6.420807666937843, 62.467474392605389 ] ] ] } },
{ "type": "Feature", "properties": { }, "geometry": { "type": "Polygon", "coordinates": [ [ [ 6.418675070134763, 62.467228201987716 ], [ 6.420807666937843, 62.467474392605389 ], [ 6.41943402448987, 62.467921804757502 ], [ 6.418675070134763, 62.467228201987716 ] ] ] } },
{ "type": "Feature", "properties": { }, "geometry": { "type": "Polygon", "coordinates": [ [ [ 6.418675070134763, 62.467228201987716 ], [ 6.41943402448987, 62.467921804757502 ], [ 6.417330587563895, 62.467912045407246 ], [ 6.418675070134763, 62.467228201987716 ] ] ] } },
{ "type": "Feature", "properties": { }, "geometry": { "type": "Polygon", "coordinates": [ [ [ 6.417705017007349, 62.467003772988562 ], [ 6.418675070134763, 62.467228201987716 ], [ 6.417330587563895, 62.467912045407246 ], [ 6.417705017007349, 62.467003772988562 ] ] ] } },
{ "type": "Feature", "properties": { }, "geometry": { "type": "Polygon", "coordinates": [ [ [ 6.415922055975101, 62.467316929590098 ], [ 6.417705017007349, 62.467003772988562 ], [ 6.417330587563895, 62.467912045407246 ], [ 6.415922055975101, 62.467316929590098 ] ] ] } },
{ "type": "Feature", "properties": { }, "geometry": { "type": "Polygon", "coordinates": [ [ [ 6.416585433325509, 62.46648928219053 ], [ 6.417705017007349, 62.467003772988562 ], [ 6.415922055975101, 62.467316929590098 ], [ 6.416585433325509, 62.46648928219053 ] ] ] } },
{ "type": "Feature", "properties": { }, "geometry": { "type": "Polygon", "coordinates": [ [ [ 6.413866994566021, 62.466243904326923 ], [ 6.416585433325509, 62.46648928219053 ], [ 6.415922055975101, 62.467316929590098 ], [ 6.413866994566021, 62.466243904326923 ] ] ] } },
{ "type": "Feature", "properties": { }, "geometry": { "type": "Polygon", "coordinates": [ [ [ 6.415864193602091, 62.46585599903765 ], [ 6.416585433325509, 62.46648928219053 ], [ 6.413866994566021, 62.466243904326923 ], [ 6.415864193602091, 62.46585599903765 ] ] ] } },
{ "type": "Feature", "properties": { }, "geometry": { "type": "Polygon", "coordinates": [ [ [ 6.414898323292585, 62.465362219267291 ], [ 6.415864193602091, 62.46585599903765 ], [ 6.413866994566021, 62.466243904326923 ], [ 6.414898323292585, 62.465362219267291 ] ] ] } },
{ "type": "Feature", "properties": { }, "geometry": { "type": "Polygon", "coordinates": [ [ [ 6.413058914725008, 62.464870116626557 ], [ 6.414898323292585, 62.465362219267291 ], [ 6.412379333714424, 62.465515197153763 ], [ 6.413058914725008, 62.464870116626557 ] ] ] } },
{ "type": "Feature", "properties": { }, "geometry": { "type": "Polygon", "coordinates": [ [ [ 6.412379333714424, 62.465515197153763 ], [ 6.414898323292585, 62.465362219267291 ], [ 6.413866994566021, 62.466243904326923 ], [ 6.412379333714424, 62.465515197153763 ] ] ] } },
{ "type": "Feature", "properties": { }, "geometry": { "type": "Polygon", "coordinates": [ [ [ 6.413058914725008, 62.464870116626557 ], [ 6.412379333714424, 62.465515197153763 ], [ 6.411788661344643, 62.465181023268173 ], [ 6.413058914725008, 62.464870116626557 ] ] ] } },
{ "type": "Feature", "properties": { }, "geometry": { "type": "Polygon", "coordinates": [ [ [ 6.412230665983315, 62.464800792599362 ], [ 6.413058914725008, 62.464870116626557 ], [ 6.411788661344643, 62.465181023268173 ], [ 6.412230665983315, 62.464800792599362 ] ] ] } },
{ "type": "Feature", "properties": { }, "geometry": { "type": "Polygon", "coordinates": [ [ [ 6.411456825646747, 62.464777479576838 ], [ 6.412230665983315, 62.464800792599362 ], [ 6.411788661344643, 62.465181023268173 ], [ 6.411456825646747, 62.464777479576838 ] ] ] } },
{ "type": "Feature", "properties": { }, "geometry": { "type": "Polygon", "coordinates": [ [ [ 6.410454279127434, 62.464929524088866 ], [ 6.411456825646747, 62.464777479576838 ], [ 6.411788661344643, 62.465181023268173 ], [ 6.410454279127434, 62.464929524088866 ] ] ] } },
{ "type": "Feature", "properties": { }, "geometry": { "type": "Polygon", "coordinates": [ [ [ 6.409229989396404, 62.465176133754888 ], [ 6.410454279127434, 62.464929524088866 ], [ 6.410804361653087, 62.465832859928604 ], [ 6.409229989396404, 62.465176133754888 ] ] ] } },
{ "type": "Feature", "properties": { }, "geometry": { "type": "Polygon", "coordinates": [ [ [ 6.410454279127434, 62.464929524088866 ], [ 6.411788661344643, 62.465181023268173 ], [ 6.410804361653087, 62.465832859928604 ], [ 6.410454279127434, 62.464929524088866 ] ] ] } },
{ "type": "Feature", "properties": { }, "geometry": { "type": "Polygon", "coordinates": [ [ [ 6.409229989396404, 62.465176133754888 ], [ 6.410804361653087, 62.465832859928604 ], [ 6.40816607370843, 62.465781362947133 ], [ 6.409229989396404, 62.465176133754888 ] ] ] } },
{ "type": "Feature", "properties": { }, "geometry": { "type": "Polygon", "coordinates": [ [ [ 6.408316829275016, 62.465195208195816 ], [ 6.409229989396404, 62.465176133754888 ], [ 6.40816607370843, 62.465781362947133 ], [ 6.408316829275016, 62.465195208195816 ] ] ] } },
{ "type": "Feature", "properties": { }, "geometry": { "type": "Polygon", "coordinates": [ [ [ 6.407633018237739, 62.465245126662978 ], [ 6.408316829275016, 62.465195208195816 ], [ 6.40816607370843, 62.465781362947133 ], [ 6.407633018237739, 62.465245126662978 ] ] ] } },
{ "type": "Feature", "properties": { }, "geometry": { "type": "Polygon", "coordinates": [ [ [ 6.406574008115017, 62.465378373895881 ], [ 6.407633018237739, 62.465245126662978 ], [ 6.40816607370843, 62.465781362947133 ], [ 6.406574008115017, 62.465378373895881 ] ] ] } },
{ "type": "Feature", "properties": { }, "geometry": { "type": "Polygon", "coordinates": [ [ [ 6.406574008115017, 62.465378373895881 ], [ 6.40816607370843, 62.465781362947133 ], [ 6.406639954884209, 62.466031271286951 ], [ 6.406574008115017, 62.465378373895881 ] ] ] } },
{ "type": "Feature", "properties": { }, "geometry": { "type": "Polygon", "coordinates": [ [ [ 6.405846796097626, 62.465490549840638 ], [ 6.406574008115017, 62.465378373895881 ], [ 6.406639954884209, 62.466031271286951 ], [ 6.405846796097626, 62.465490549840638 ] ] ] } },
{ "type": "Feature", "properties": { }, "geometry": { "type": "Polygon", "coordinates": [ [ [ 6.404620759553824, 62.465755082265304 ], [ 6.405846796097626, 62.465490549840638 ], [ 6.405142691031888, 62.466244514236827 ], [ 6.404620759553824, 62.465755082265304 ] ] ] } },
{ "type": "Feature", "properties": { }, "geometry": { "type": "Polygon", "coordinates": [ [ [ 6.405846796097626, 62.465490549840638 ], [ 6.406639954884209, 62.466031271286951 ], [ 6.405142691031888, 62.466244514236827 ], [ 6.405846796097626, 62.465490549840638 ] ] ] } },
{ "type": "Feature", "properties": { }, "geometry": { "type": "Polygon", "coordinates": [ [ [ 6.404620759553824, 62.465755082265304 ], [ 6.405142691031888, 62.466244514236827 ], [ 6.403977896148464, 62.466159901067194 ], [ 6.404620759553824, 62.465755082265304 ] ] ] } },
{ "type": "Feature", "properties": { }, "geometry": { "type": "Polygon", "coordinates": [ [ [ 6.403996314142041, 62.465797374027652 ], [ 6.404620759553824, 62.465755082265304 ], [ 6.403977896148464, 62.466159901067194 ], [ 6.403996314142041, 62.465797374027652 ] ] ] } },
{ "type": "Feature", "properties": { }, "geometry": { "type": "Polygon", "coordinates": [ [ [ 6.403584407250575, 62.465846347958284 ], [ 6.403996314142041, 62.465797374027652 ], [ 6.403977896148464, 62.466159901067194 ], [ 6.403584407250575, 62.465846347958284 ] ] ] } },
{ "type": "Feature", "properties": { }, "geometry": { "type": "Polygon", "coordinates": [ [ [ 6.403584407250575, 62.465846347958284 ], [ 6.403977896148464, 62.466159901067194 ], [ 6.403512702285989, 62.4660753234743 ], [ 6.403584407250575, 62.465846347958284 ] ] ] } },
{ "type": "Feature", "properties": { }, "geometry": { "type": "Polygon", "coordinates": [ [ [ 6.403212156072102, 62.465890463757354 ], [ 6.403584407250575, 62.465846347958284 ], [ 6.403512702285989, 62.4660753234743 ], [ 6.403212156072102, 62.465890463757354 ] ] ] } },
{ "type": "Feature", "properties": { }, "geometry": { "type": "Polygon", "coordinates": [ [ [ 6.403212156072102, 62.465890463757354 ], [ 6.403512702285989, 62.4660753234743 ], [ 6.402654545808682, 62.466229540096521 ], [ 6.403212156072102, 62.465890463757354 ] ] ] } },
{ "type": "Feature", "properties": { }, "geometry": { "type": "Polygon", "coordinates": [ [ [ 6.402149182677216, 62.465843825147196 ], [ 6.403212156072102, 62.465890463757354 ], [ 6.402654545808682, 62.466229540096521 ], [ 6.402149182677216, 62.465843825147196 ] ] ] } },
{ "type": "Feature", "properties": { }, "geometry": { "type": "Polygon", "coordinates": [ [ [ 6.402149182677216, 62.465843825147196 ], [ 6.402654545808682, 62.466229540096521 ], [ 6.401804856876302, 62.466037061571413 ], [ 6.402149182677216, 62.465843825147196 ] ] ] } },
{ "type": "Feature", "properties": { }, "geometry": { "type": "Polygon", "coordinates": [ [ [ 6.401880325380905, 62.46578901134734 ], [ 6.402149182677216, 62.465843825147196 ], [ 6.401804856876302, 62.466037061571413 ], [ 6.401880325380905, 62.46578901134734 ] ] ] } },
{ "type": "Feature", "properties": { }, "geometry": { "type": "Polygon", "coordinates": [ [ [ 6.401264451060713, 62.465875337725016 ], [ 6.401880325380905, 62.46578901134734 ], [ 6.401804856876302, 62.466037061571413 ], [ 6.401264451060713, 62.465875337725016 ] ] ] } },
{ "type": "Feature", "properties": { }, "geometry": { "type": "Polygon", "coordinates": [ [ [ 6.40098643762136, 62.465606678483809 ], [ 6.401880325380905, 62.46578901134734 ], [ 6.401264451060713, 62.465875337725016 ], [ 6.40098643762136, 62.465606678483809 ] ] ] } },
{ "type": "Feature", "properties": { }, "geometry": { "type": "Polygon", "coordinates": [ [ [ 6.400357537533442, 62.465648862874218 ], [ 6.40098643762136, 62.465606678483809 ], [ 6.401264451060713, 62.465875337725016 ], [ 6.400357537533442, 62.465648862874218 ] ] ] } },
{ "type": "Feature", "properties": { }, "geometry": { "type": "Polygon", "coordinates": [ [ [ 6.400000435989805, 62.465405520309019 ], [ 6.40098643762136, 62.465606678483809 ], [ 6.400357537533442, 62.465648862874218 ], [ 6.400000435989805, 62.465405520309019 ] ] ] } },
{ "type": "Feature", "properties": { }, "geometry": { "type": "Polygon", "coordinates": [ [ [ 6.400000435989805, 62.465405520309019 ], [ 6.400357537533442, 62.465648862874218 ], [ 6.399773903278664, 62.465532490451977 ], [ 6.400000435989805, 62.465405520309019 ] ] ] } },
{ "type": "Feature", "properties": { }, "geometry": { "type": "Polygon", "coordinates": [ [ [ 6.399823737404749, 62.465369433644057 ], [ 6.400000435989805, 62.465405520309019 ], [ 6.399773903278664, 62.465532490451977 ], [ 6.399823737404749, 62.465369433644057 ] ] ] } },
{ "type": "Feature", "properties": { }, "geometry": { "type": "Polygon", "coordinates": [ [ [ 6.399340941796102, 62.465342439388962 ], [ 6.399823737404749, 62.465369433644057 ], [ 6.399773903278664, 62.465532490451977 ], [ 6.399340941796102, 62.465342439388962 ] ] ] } },
{ "type": "Feature", "properties": { }, "geometry": { "type": "Polygon", "coordinates": [ [ [ 6.399340941796102, 62.465342439388962 ], [ 6.399773903278664, 62.465532490451977 ], [ 6.399158941535029, 62.465632022943424 ], [ 6.399340941796102, 62.465342439388962 ] ] ] } },
{ "type": "Feature", "properties": { }, "geometry": { "type": "Polygon", "coordinates": [ [ [ 6.398714153317868, 62.46541166571054 ], [ 6.399340941796102, 62.465342439388962 ], [ 6.399158941535029, 62.465632022943424 ], [ 6.398714153317868, 62.46541166571054 ] ] ] } },
{ "type": "Feature", "properties": { }, "geometry": { "type": "Polygon", "coordinates": [ [ [ 6.398714153317868, 62.46541166571054 ], [ 6.399158941535029, 62.465632022943424 ], [ 6.398312643214318, 62.465791743773302 ], [ 6.398714153317868, 62.46541166571054 ] ] ] } },
{ "type": "Feature", "properties": { }, "geometry": { "type": "Polygon", "coordinates": [ [ [ 6.397899380318241, 62.465414375231397 ], [ 6.398714153317868, 62.46541166571054 ], [ 6.398312643214318, 62.465791743773302 ], [ 6.397899380318241, 62.465414375231397 ] ] ] } },
{ "type": "Feature", "properties": { }, "geometry": { "type": "Polygon", "coordinates": [ [ [ 6.397899380318241, 62.465414375231397 ], [ 6.398312643214318, 62.465791743773302 ], [ 6.396538304096167, 62.465690172789323 ], [ 6.397899380318241, 62.465414375231397 ] ] ] } },
{ "type": "Feature", "properties": { }, "geometry": { "type": "Polygon", "coordinates": [ [ [ 6.397074930385768, 62.465300293051129 ], [ 6.397899380318241, 62.465414375231397 ], [ 6.396538304096167, 62.465690172789323 ], [ 6.397074930385768, 62.465300293051129 ] ] ] } },
{ "type": "Feature", "properties": { }, "geometry": { "type": "Polygon", "coordinates": [ [ [ 6.396107217852599, 62.465273165239246 ], [ 6.397074930385768, 62.465300293051129 ], [ 6.396538304096167, 62.465690172789323 ], [ 6.396107217852599, 62.465273165239246 ] ] ] } },
{ "type": "Feature", "properties": { }, "geometry": { "type": "Polygon", "coordinates": [ [ [ 6.396107217852599, 62.465273165239246 ], [ 6.396538304096167, 62.465690172789323 ], [ 6.395625999645687, 62.465502168849333 ], [ 6.396107217852599, 62.465273165239246 ] ] ] } },
{ "type": "Feature", "properties": { }, "geometry": { "type": "Polygon", "coordinates": [ [ [ 6.395707745599611, 62.465184928550734 ], [ 6.396107217852599, 62.465273165239246 ], [ 6.395625999645687, 62.465502168849333 ], [ 6.395707745599611, 62.465184928550734 ] ] ] } },
{ "type": "Feature", "properties": { }, "geometry": { "type": "Polygon", "coordinates": [ [ [ 6.395707745599611, 62.465184928550734 ], [ 6.395625999645687, 62.465502168849333 ], [ 6.394961744758767, 62.465415523714668 ], [ 6.395707745599611, 62.465184928550734 ] ] ] } },
{ "type": "Feature", "properties": { }, "geometry": { "type": "Polygon", "coordinates": [ [ [ 6.395195865796976, 62.465048982994247 ], [ 6.395707745599611, 62.465184928550734 ], [ 6.394961744758767, 62.465415523714668 ], [ 6.395195865796976, 62.465048982994247 ] ] ] } },
{ "type": "Feature", "properties": { }, "geometry": { "type": "Polygon", "coordinates": [ [ [ 6.395195865796976, 62.465048982994247 ], [ 6.395473182463165, 62.464982888190391 ], [ 6.395707745599611, 62.465184928550734 ], [ 6.395195865796976, 62.465048982994247 ] ] ] } },
{ "type": "Feature", "properties": { }, "geometry": { "type": "Polygon", "coordinates": [ [ [ 6.395323412071173, 62.464917208093055 ], [ 6.395473182463165, 62.464982888190391 ], [ 6.395195865796976, 62.465048982994247 ], [ 6.395323412071173, 62.464917208093055 ] ] ] } },
{ "type": "Feature", "properties": { }, "geometry": { "type": "Polygon", "coordinates": [ [ [ 6.395091040173877, 62.464912982251633 ], [ 6.395323412071173, 62.464917208093055 ], [ 6.395195865796976, 62.465048982994247 ], [ 6.395091040173877, 62.464912982251633 ] ] ] } },
{ "type": "Feature", "properties": { }, "geometry": { "type": "Polygon", "coordinates": [ [ [ 6.395091040173877, 62.464912982251633 ], [ 6.395195865796976, 62.465048982994247 ], [ 6.394747649160516, 62.465046368173894 ], [ 6.395091040173877, 62.464912982251633 ] ] ] } },
{ "type": "Feature", "properties": { }, "geometry": { "type": "Polygon", "coordinates": [ [ [ 6.394656433524545, 62.464779012280516 ], [ 6.395091040173877, 62.464912982251633 ], [ 6.394747649160516, 62.465046368173894 ], [ 6.394656433524545, 62.464779012280516 ] ] ] } },
{ "type": "Feature", "properties": { }, "geometry": { "type": "Polygon", "coordinates": [ [ [ 6.394656433524545, 62.464779012280516 ], [ 6.394747649160516, 62.465046368173894 ], [ 6.394405487675676, 62.464912306778473 ], [ 6.394656433524545, 62.464779012280516 ] ] ] } },
{ "type": "Feature", "properties": { }, "geometry": { "type": "Polygon", "coordinates": [ [ [ 6.394349820344583, 62.46473737689788 ], [ 6.394656433524545, 62.464779012280516 ], [ 6.394405487675676, 62.464912306778473 ], [ 6.394349820344583, 62.46473737689788 ] ] ] } },
{ "type": "Feature", "properties": { }, "geometry": { "type": "Polygon", "coordinates": [ [ [ 6.394349820344583, 62.46473737689788 ], [ 6.394405487675676, 62.464912306778473 ], [ 6.39402584600363, 62.464892974162908 ], [ 6.394349820344583, 62.46473737689788 ] ] ] } },
{ "type": "Feature", "properties": { }, "geometry": { "type": "Polygon", "coordinates": [ [ [ 6.39402584600363, 62.464892974162908 ], [ 6.394405487675676, 62.464912306778473 ], [ 6.394131251559082, 62.465169804141816 ], [ 6.39402584600363, 62.464892974162908 ] ] ] } },
{ "type": "Feature", "properties": { }, "geometry": { "type": "Polygon", "coordinates": [ [ [ 6.393728925772559, 62.46495927210195 ], [ 6.39402584600363, 62.464892974162908 ], [ 6.394131251559082, 62.465169804141816 ], [ 6.393728925772559, 62.46495927210195 ] ] ] } },
{ "type": "Feature", "properties": { }, "geometry": { "type": "Polygon", "coordinates": [ [ [ 6.393728925772559, 62.46495927210195 ], [ 6.394131251559082, 62.465169804141816 ], [ 6.393168889540281, 62.465274438845107 ], [ 6.393728925772559, 62.46495927210195 ] ] ] } },
{ "type": "Feature", "properties": { }, "geometry": { "type": "Polygon", "coordinates": [ [ [ 6.393290662321287, 62.464870244013277 ], [ 6.393728925772559, 62.46495927210195 ], [ 6.393168889540281, 62.465274438845107 ], [ 6.393290662321287, 62.464870244013277 ] ] ] } },
{ "type": "Feature", "properties": { }, "geometry": { "type": "Polygon", "coordinates": [ [ [ 6.392123782214204, 62.464983380841936 ], [ 6.393290662321287, 62.464870244013277 ], [ 6.393168889540281, 62.465274438845107 ], [ 6.392123782214204, 62.464983380841936 ] ] ] } },
{ "type": "Feature", "properties": { }, "geometry": { "type": "Polygon", "coordinates": [ [ [ 6.392510029992351, 62.464733359430625 ], [ 6.393290662321287, 62.464870244013277 ], [ 6.392123782214204, 62.464983380841936 ], [ 6.392510029992351, 62.464733359430625 ] ] ] } },
{ "type": "Feature", "properties": { }, "geometry": { "type": "Polygon", "coordinates": [ [ [ 6.392953829064332, 62.46450472998967 ], [ 6.393290662321287, 62.464870244013277 ], [ 6.392510029992351, 62.464733359430625 ], [ 6.392953829064332, 62.46450472998967 ] ] ] } },
{ "type": "Feature", "properties": { }, "geometry": { "type": "Polygon", "coordinates": [ [ [ 6.392319351814424, 62.464438922158649 ], [ 6.392953829064332, 62.46450472998967 ], [ 6.392510029992351, 62.464733359430625 ], [ 6.392319351814424, 62.464438922158649 ] ] ] } },
{ "type": "Feature", "properties": { }, "geometry": { "type": "Polygon", "coordinates": [ [ [ 6.391597258798871, 62.464488189738233 ], [ 6.392319351814424, 62.464438922158649 ], [ 6.392510029992351, 62.464733359430625 ], [ 6.391597258798871, 62.464488189738233 ] ] ] } },
{ "type": "Feature", "properties": { }, "geometry": { "type": "Polygon", "coordinates": [ [ [ 6.390668212615894, 62.464686493707291 ], [ 6.391597258798871, 62.464488189738233 ], [ 6.392123782214204, 62.464983380841936 ], [ 6.390668212615894, 62.464686493707291 ] ] ] } },
{ "type": "Feature", "properties": { }, "geometry": { "type": "Polygon", "coordinates": [ [ [ 6.391597258798871, 62.464488189738233 ], [ 6.392510029992351, 62.464733359430625 ], [ 6.392123782214204, 62.464983380841936 ], [ 6.391597258798871, 62.464488189738233 ] ] ] } },
{ "type": "Feature", "properties": { }, "geometry": { "type": "Polygon", "coordinates": [ [ [ 6.390668212615894, 62.464686493707291 ], [ 6.392123782214204, 62.464983380841936 ], [ 6.389980059958308, 62.46552533182453 ], [ 6.390668212615894, 62.464686493707291 ] ] ] } },
{ "type": "Feature", "properties": { }, "geometry": { "type": "Polygon", "coordinates": [ [ [ 6.389512239763377, 62.465042075659554 ], [ 6.390668212615894, 62.464686493707291 ], [ 6.389980059958308, 62.46552533182453 ], [ 6.389512239763377, 62.465042075659554 ] ] ] } },
{ "type": "Feature", "properties": { }, "geometry": { "type": "Polygon", "coordinates": [ [ [ 6.389123625743108, 62.465268362277527 ], [ 6.389512239763377, 62.465042075659554 ], [ 6.389980059958308, 62.46552533182453 ], [ 6.389123625743108, 62.465268362277527 ] ] ] } },
{ "type": "Feature", "properties": { }, "geometry": { "type": "Polygon", "coordinates": [ [ [ 6.389123625743108, 62.465268362277527 ], [ 6.389980059958308, 62.46552533182453 ], [ 6.389121666257852, 62.46573533882664 ], [ 6.389123625743108, 62.465268362277527 ] ] ] } },
{ "type": "Feature", "properties": { }, "geometry": { "type": "Polygon", "coordinates": [ [ [ 6.389980059958308, 62.46552533182453 ], [ 6.389485216575527, 62.46591203832692 ], [ 6.389121666257852, 62.46573533882664 ], [ 6.389980059958308, 62.46552533182453 ] ] ] } },
{ "type": "Feature", "properties": { }, "geometry": { "type": "Polygon", "coordinates": [ [ [ 6.389121666257852, 62.46573533882664 ], [ 6.389485216575527, 62.46591203832692 ], [ 6.388975801558015, 62.465849325038903 ], [ 6.389121666257852, 62.46573533882664 ] ] ] } },
{ "type": "Feature", "properties": { }, "geometry": { "type": "Polygon", "coordinates": [ [ [ 6.388975801558015, 62.465849325038903 ], [ 6.389485216575527, 62.46591203832692 ], [ 6.388682754166445, 62.466095284809626 ], [ 6.388975801558015, 62.465849325038903 ] ] ] } },
{ "type": "Feature", "properties": { }, "geometry": { "type": "Polygon", "coordinates": [ [ [ 6.388682754166445, 62.466095284809626 ], [ 6.389485216575527, 62.46591203832692 ], [ 6.38898241203867, 62.466644474583049 ], [ 6.388682754166445, 62.466095284809626 ] ] ] } },
{ "type": "Feature", "properties": { }, "geometry": { "type": "Polygon", "coordinates": [ [ [ 6.388682754166445, 62.466095284809626 ], [ 6.38898241203867, 62.466644474583049 ], [ 6.387815401519898, 62.466474219195021 ], [ 6.388682754166445, 62.466095284809626 ] ] ] } },
{ "type": "Feature", "properties": { }, "geometry": { "type": "Polygon", "coordinates": [ [ [ 6.387815401519898, 62.466474219195021 ], [ 6.38898241203867, 62.466644474583049 ], [ 6.387846484644765, 62.466855023818169 ], [ 6.387815401519898, 62.466474219195021 ] ] ] } },
{ "type": "Feature", "properties": { }, "geometry": { "type": "Polygon", "coordinates": [ [ [ 6.387362881682148, 62.466546641687991 ], [ 6.387815401519898, 62.466474219195021 ], [ 6.387846484644765, 62.466855023818169 ], [ 6.387362881682148, 62.466546641687991 ] ] ] } },
{ "type": "Feature", "properties": { }, "geometry": { "type": "Polygon", "coordinates": [ [ [ 6.387362881682148, 62.466546641687991 ], [ 6.387846484644765, 62.466855023818169 ], [ 6.38707598339146, 62.466720883502852 ], [ 6.387362881682148, 62.466546641687991 ] ] ] } },
{ "type": "Feature", "properties": { }, "geometry": { "type": "Polygon", "coordinates": [ [ [ 6.38707598339146, 62.466720883502852 ], [ 6.387846484644765, 62.466855023818169 ], [ 6.386884982097969, 62.467130300972258 ], [ 6.38707598339146, 62.466720883502852 ] ] ] } },
{ "type": "Feature", "properties": { }, "geometry": { "type": "Polygon", "coordinates": [ [ [ 6.386884982097969, 62.467130300972258 ], [ 6.387700940087015, 62.467243567214851 ], [ 6.386937721594354, 62.467418719047629 ], [ 6.386884982097969, 62.467130300972258 ] ] ] } },
{ "type": "Feature", "properties": { }, "geometry": { "type": "Polygon", "coordinates": [ [ [ 6.387846484644765, 62.466855023818169 ], [ 6.387700940087015, 62.467243567214851 ], [ 6.386884982097969, 62.467130300972258 ], [ 6.387846484644765, 62.466855023818169 ] ] ] } },
{ "type": "Feature", "properties": { }, "geometry": { "type": "Polygon", "coordinates": [ [ [ 6.386937721594354, 62.467418719047629 ], [ 6.387700940087015, 62.467243567214851 ], [ 6.388525635015249, 62.468337711000132 ], [ 6.386937721594354, 62.467418719047629 ] ] ] } },
{ "type": "Feature", "properties": { }, "geometry": { "type": "Polygon", "coordinates": [ [ [ 6.387700940087015, 62.467243567214851 ], [ 6.389166761951866, 62.467752619041178 ], [ 6.388525635015249, 62.468337711000132 ], [ 6.387700940087015, 62.467243567214851 ] ] ] } },
{ "type": "Feature", "properties": { }, "geometry": { "type": "Polygon", "coordinates": [ [ [ 6.389166761951866, 62.467752619041178 ], [ 6.389741414227085, 62.468352328044276 ], [ 6.388525635015249, 62.468337711000132 ], [ 6.389166761951866, 62.467752619041178 ] ] ] } },
{ "type": "Feature", "properties": { }, "geometry": { "type": "Polygon", "coordinates": [ [ [ 6.388525635015249, 62.468337711000132 ], [ 6.389741414227085, 62.468352328044276 ], [ 6.389202721581507, 62.468583895731207 ], [ 6.388525635015249, 62.468337711000132 ] ] ] } },
{ "type": "Feature", "properties": { }, "geometry": { "type": "Polygon", "coordinates": [ [ [ 6.389741414227085, 62.468352328044276 ], [ 6.389543515252061, 62.468680067363692 ], [ 6.389202721581507, 62.468583895731207 ], [ 6.389741414227085, 62.468352328044276 ] ] ] } },
{ "type": "Feature", "properties": { }, "geometry": { "type": "Polygon", "coordinates": [ [ [ 6.389741414227085, 62.468352328044276 ], [ 6.390571818730193, 62.468772048807494 ], [ 6.389543515252061, 62.468680067363692 ], [ 6.389741414227085, 62.468352328044276 ] ] ] } },
{ "type": "Feature", "properties": { }, "geometry": { "type": "Polygon", "coordinates": [ [ [ 6.389543515252061, 62.468680067363692 ], [ 6.390571818730193, 62.468772048807494 ], [ 6.390156848698573, 62.468987966875005 ], [ 6.389543515252061, 62.468680067363692 ] ] ] } },
{ "type": "Feature", "properties": { }, "geometry": { "type": "Polygon", "coordinates": [ [ [ 6.390571818730193, 62.468772048807494 ], [ 6.390461745436378, 62.469056517151678 ], [ 6.390156848698573, 62.468987966875005 ], [ 6.390571818730193, 62.468772048807494 ] ] ] } },
{ "type": "Feature", "properties": { }, "geometry": { "type": "Polygon", "coordinates": [ [ [ 6.390571818730193, 62.468772048807494 ], [ 6.391264081502738, 62.468976240407137 ], [ 6.390461745436378, 62.469056517151678 ], [ 6.390571818730193, 62.468772048807494 ] ] ] } },
{ "type": "Feature", "properties": { }, "geometry": { "type": "Polygon", "coordinates": [ [ [ 6.391264081502738, 62.468976240407137 ], [ 6.391964388441109, 62.469174470979929 ], [ 6.390461745436378, 62.469056517151678 ], [ 6.391264081502738, 62.468976240407137 ] ] ] } },
{ "type": "Feature", "properties": { }, "geometry": { "type": "Polygon", "coordinates": [ [ [ 6.392373375608356, 62.46850069514668 ], [ 6.391964388441109, 62.469174470979929 ], [ 6.391264081502738, 62.468976240407137 ], [ 6.392373375608356, 62.46850069514668 ] ] ] } },
{ "type": "Feature", "properties": { }, "geometry": { "type": "Polygon", "coordinates": [ [ [ 6.392373375608356, 62.46850069514668 ], [ 6.393569128469218, 62.469019698588525 ], [ 6.391964388441109, 62.469174470979929 ], [ 6.392373375608356, 62.46850069514668 ] ] ] } },
{ "type": "Feature", "properties": { }, "geometry": { "type": "Polygon", "coordinates": [ [ [ 6.391964388441109, 62.469174470979929 ], [ 6.393569128469218, 62.469019698588525 ], [ 6.394704747616842, 62.469566886493546 ], [ 6.391964388441109, 62.469174470979929 ] ] ] } },
{ "type": "Feature", "properties": { }, "geometry": { "type": "Polygon", "coordinates": [ [ [ 6.395383973463118, 62.468869619960998 ], [ 6.395591974156606, 62.469628410131875 ], [ 6.394704747616842, 62.469566886493546 ], [ 6.395383973463118, 62.468869619960998 ] ] ] } },
{ "type": "Feature", "properties": { }, "geometry": { "type": "Polygon", "coordinates": [ [ [ 6.393569128469218, 62.469019698588525 ], [ 6.395383973463118, 62.468869619960998 ], [ 6.394704747616842, 62.469566886493546 ], [ 6.393569128469218, 62.469019698588525 ] ] ] } },
{ "type": "Feature", "properties": { }, "geometry": { "type": "Polygon", "coordinates": [ [ [ 6.396625264564711, 62.469345843830929 ], [ 6.39646119826556, 62.46989615601926 ], [ 6.395591974156606, 62.469628410131875 ], [ 6.396625264564711, 62.469345843830929 ] ] ] } },
{ "type": "Feature", "properties": { }, "geometry": { "type": "Polygon", "coordinates": [ [ [ 6.395383973463118, 62.468869619960998 ], [ 6.396625264564711, 62.469345843830929 ], [ 6.395591974156606, 62.469628410131875 ], [ 6.395383973463118, 62.468869619960998 ] ] ] } },
{ "type": "Feature", "properties": { }, "geometry": { "type": "Polygon", "coordinates": [ [ [ 6.396625264564711, 62.469345843830929 ], [ 6.397696835425908, 62.469596002253716 ], [ 6.39646119826556, 62.46989615601926 ], [ 6.396625264564711, 62.469345843830929 ] ] ] } },
{ "type": "Feature", "properties": { }, "geometry": { "type": "Polygon", "coordinates": [ [ [ 6.397696835425908, 62.469596002253716 ], [ 6.397134372081134, 62.470187137427438 ], [ 6.39646119826556, 62.46989615601926 ], [ 6.397696835425908, 62.469596002253716 ] ] ] } },
{ "type": "Feature", "properties": { }, "geometry": { "type": "Polygon", "coordinates": [ [ [ 6.397696835425908, 62.469596002253716 ], [ 6.398500316705417, 62.470320379176059 ], [ 6.397134372081134, 62.470187137427438 ], [ 6.397696835425908, 62.469596002253716 ] ] ] } },
{ "type": "Feature", "properties": { }, "geometry": { "type": "Polygon", "coordinates": [ [ [ 6.397696835425908, 62.469596002253716 ], [ 6.398930331246442, 62.469898037558963 ], [ 6.398500316705417, 62.470320379176059 ], [ 6.397696835425908, 62.469596002253716 ] ] ] } },
{ "type": "Feature", "properties": { }, "geometry": { "type": "Polygon", "coordinates": [ [ [ 6.398930331246442, 62.469898037558963 ], [ 6.399176604975041, 62.470350802589543 ], [ 6.398500316705417, 62.470320379176059 ], [ 6.398930331246442, 62.469898037558963 ] ] ] } },
{ "type": "Feature", "properties": { }, "geometry": { "type": "Polygon", "coordinates": [ [ [ 6.398930331246442, 62.469898037558963 ], [ 6.399788090517688, 62.470143703393113 ], [ 6.399176604975041, 62.470350802589543 ], [ 6.398930331246442, 62.469898037558963 ] ] ] } },
{ "type": "Feature", "properties": { }, "geometry": { "type": "Polygon", "coordinates": [ [ [ 6.399788090517688, 62.470143703393113 ], [ 6.399611695960521, 62.470484783915346 ], [ 6.399176604975041, 62.470350802589543 ], [ 6.399788090517688, 62.470143703393113 ] ] ] } },
{ "type": "Feature", "properties": { }, "geometry": { "type": "Polygon", "coordinates": [ [ [ 6.399788090517688, 62.470143703393113 ], [ 6.400490205501498, 62.470275547379863 ], [ 6.399611695960521, 62.470484783915346 ], [ 6.399788090517688, 62.470143703393113 ] ] ] } },
{ "type": "Feature", "properties": { }, "geometry": { "type": "Polygon", "coordinates": [ [ [ 6.400490205501498, 62.470275547379863 ], [ 6.399977378960661, 62.470666429233496 ], [ 6.399611695960521, 62.470484783915346 ], [ 6.400490205501498, 62.470275547379863 ] ] ] } },
{ "type": "Feature", "properties": { }, "geometry": { "type": "Polygon", "coordinates": [ [ [ 6.399611695960521, 62.470484783915346 ], [ 6.399977378960661, 62.470666429233496 ], [ 6.399904133952983, 62.470912388118862 ], [ 6.399611695960521, 62.470484783915346 ] ] ] } },
{ "type": "Feature", "properties": { }, "geometry": { "type": "Polygon", "coordinates": [ [ [ 6.399977378960661, 62.470666429233496 ], [ 6.400268791797687, 62.470874878596838 ], [ 6.399904133952983, 62.470912388118862 ], [ 6.399977378960661, 62.470666429233496 ] ] ] } },
{ "type": "Feature", "properties": { }, "geometry": { "type": "Polygon", "coordinates": [ [ [ 6.399904133952983, 62.470912388118862 ], [ 6.400268791797687, 62.470874878596838 ], [ 6.400000222691737, 62.470995057095557 ], [ 6.399904133952983, 62.470912388118862 ] ] ] } },
{ "type": "Feature", "properties": { }, "geometry": { "type": "Polygon", "coordinates": [ [ [ 6.400268791797687, 62.470874878596838 ], [ 6.40013879708657, 62.471114333534615 ], [ 6.400000222691737, 62.470995057095557 ], [ 6.400268791797687, 62.470874878596838 ] ] ] } },
{ "type": "Feature", "properties": { }, "geometry": { "type": "Polygon", "coordinates": [ [ [ 6.400268791797687, 62.470874878596838 ], [ 6.400689143317811, 62.471051054709655 ], [ 6.40013879708657, 62.471114333534615 ], [ 6.400268791797687, 62.470874878596838 ] ] ] } },
{ "type": "Feature", "properties": { }, "geometry": { "type": "Polygon", "coordinates": [ [ [ 6.40013879708657, 62.471114333534615 ], [ 6.400689143317811, 62.471051054709655 ], [ 6.400626138075634, 62.471311905730374 ], [ 6.40013879708657, 62.471114333534615 ] ] ] } },
{ "type": "Feature", "properties": { }, "geometry": { "type": "Polygon", "coordinates": [ [ [ 6.400689143317811, 62.471051054709655 ], [ 6.40122228838674, 62.471266347746415 ], [ 6.400626138075634, 62.471311905730374 ], [ 6.400689143317811, 62.471051054709655 ] ] ] } },
{ "type": "Feature", "properties": { }, "geometry": { "type": "Polygon", "coordinates": [ [ [ 6.400626138075634, 62.471311905730374 ], [ 6.40122228838674, 62.471266347746415 ], [ 6.401580717471662, 62.471491495239611 ], [ 6.400626138075634, 62.471311905730374 ] ] ] } },
{ "type": "Feature", "properties": { }, "geometry": { "type": "Polygon", "coordinates": [ [ [ 6.40122228838674, 62.471266347746415 ], [ 6.401825512150175, 62.471250289998018 ], [ 6.401580717471662, 62.471491495239611 ], [ 6.40122228838674, 62.471266347746415 ] ] ] } },
{ "type": "Feature", "properties": { }, "geometry": { "type": "Polygon", "coordinates": [ [ [ 6.401825512150175, 62.471250289998018 ], [ 6.401889101437257, 62.471515151665976 ], [ 6.401580717471662, 62.471491495239611 ], [ 6.401825512150175, 62.471250289998018 ] ] ] } },
{ "type": "Feature", "properties": { }, "geometry": { "type": "Polygon", "coordinates": [ [ [ 6.401825512150175, 62.471250289998018 ], [ 6.40281652576172, 62.471333380043589 ], [ 6.401889101437257, 62.471515151665976 ], [ 6.401825512150175, 62.471250289998018 ] ] ] } },
{ "type": "Feature", "properties": { }, "geometry": { "type": "Polygon", "coordinates": [ [ [ 6.401889101437257, 62.471515151665976 ], [ 6.40281652576172, 62.471333380043589 ], [ 6.402602676572994, 62.471788914339335 ], [ 6.401889101437257, 62.471515151665976 ] ] ] } },
{ "type": "Feature", "properties": { }, "geometry": { "type": "Polygon", "coordinates": [ [ [ 6.40281652576172, 62.471333380043589 ], [ 6.403713851681058, 62.471662142207045 ], [ 6.402602676572994, 62.471788914339335 ], [ 6.40281652576172, 62.471333380043589 ] ] ] } },
{ "type": "Feature", "properties": { }, "geometry": { "type": "Polygon", "coordinates": [ [ [ 6.402602676572994, 62.471788914339335 ], [ 6.403713851681058, 62.471662142207045 ], [ 6.402948156623339, 62.472055823124109 ], [ 6.402602676572994, 62.471788914339335 ] ] ] } },
{ "type": "Feature", "properties": { }, "geometry": { "type": "Polygon", "coordinates": [ [ [ 6.403713851681058, 62.471662142207045 ], [ 6.404195320913335, 62.472000410057241 ], [ 6.402948156623339, 62.472055823124109 ], [ 6.403713851681058, 62.471662142207045 ] ] ] } },
{ "type": "Feature", "properties": { }, "geometry": { "type": "Polygon", "coordinates": [ [ [ 6.402948156623339, 62.472055823124109 ], [ 6.404195320913335, 62.472000410057241 ], [ 6.403554374179119, 62.47226203473992 ], [ 6.402948156623339, 62.472055823124109 ] ] ] } },
{ "type": "Feature", "properties": { }, "geometry": { "type": "Polygon", "coordinates": [ [ [ 6.403554374179119, 62.47226203473992 ], [ 6.404200986821475, 62.47239594426452 ], [ 6.403954508100375, 62.472532592690747 ], [ 6.403554374179119, 62.47226203473992 ] ] ] } },
{ "type": "Feature", "properties": { }, "geometry": { "type": "Polygon", "coordinates": [ [ [ 6.404200986821475, 62.47239594426452 ], [ 6.404145107524784, 62.472572064096532 ], [ 6.403954508100375, 62.472532592690747 ], [ 6.404200986821475, 62.47239594426452 ] ] ] } },
{ "type": "Feature", "properties": { }, "geometry": { "type": "Polygon", "coordinates": [ [ [ 6.404200986821475, 62.47239594426452 ], [ 6.404847605313816, 62.472529850819576 ], [ 6.404145107524784, 62.472572064096532 ], [ 6.404200986821475, 62.47239594426452 ] ] ] } },
{ "type": "Feature", "properties": { }, "geometry": { "type": "Polygon", "coordinates": [ [ [ 6.404145107524784, 62.472572064096532 ], [ 6.404847605313816, 62.472529850819576 ], [ 6.40507422522643, 62.473047374882015 ], [ 6.404145107524784, 62.472572064096532 ] ] ] } },
{ "type": "Feature", "properties": { }, "geometry": { "type": "Polygon", "coordinates": [ [ [ 6.404847605313816, 62.472529850819576 ], [ 6.405732230143756, 62.472833636427552 ], [ 6.40507422522643, 62.473047374882015 ], [ 6.404847605313816, 62.472529850819576 ] ] ] } },
{ "type": "Feature", "properties": { }, "geometry": { "type": "Polygon", "coordinates": [ [ [ 6.405732230143756, 62.472833636427552 ], [ 6.405604231781201, 62.47320095506069 ], [ 6.40507422522643, 62.473047374882015 ], [ 6.405732230143756, 62.472833636427552 ] ] ] } },
{ "type": "Feature", "properties": { }, "geometry": { "type": "Polygon", "coordinates": [ [ [ 6.405732230143756, 62.472833636427552 ], [ 6.406481620700275, 62.47296829349623 ], [ 6.405604231781201, 62.47320095506069 ], [ 6.405732230143756, 62.472833636427552 ] ] ] } },
{ "type": "Feature", "properties": { }, "geometry": { "type": "Polygon", "coordinates": [ [ [ 6.406481620700275, 62.47296829349623 ], [ 6.405996218277044, 62.473378857654936 ], [ 6.405604231781201, 62.47320095506069 ], [ 6.406481620700275, 62.47296829349623 ] ] ] } },
{ "type": "Feature", "properties": { }, "geometry": { "type": "Polygon", "coordinates": [ [ [ 6.406481620700275, 62.47296829349623 ], [ 6.406523921086576, 62.47355930425892 ], [ 6.405996218277044, 62.473378857654936 ], [ 6.406481620700275, 62.47296829349623 ] ] ] } },
{ "type": "Feature", "properties": { }, "geometry": { "type": "Polygon", "coordinates": [ [ [ 6.407570473274576, 62.473266985190691 ], [ 6.407645187564353, 62.473831670934779 ], [ 6.406523921086576, 62.47355930425892 ], [ 6.407570473274576, 62.473266985190691 ] ] ] } },
{ "type": "Feature", "properties": { }, "geometry": { "type": "Polygon", "coordinates": [ [ [ 6.406481620700275, 62.47296829349623 ], [ 6.407570473274576, 62.473266985190691 ], [ 6.406523921086576, 62.47355930425892 ], [ 6.406481620700275, 62.47296829349623 ] ] ] } },
{ "type": "Feature", "properties": { }, "geometry": { "type": "Polygon", "coordinates": [ [ [ 6.407570473274576, 62.473266985190691 ], [ 6.408561811934024, 62.473597973486235 ], [ 6.407645187564353, 62.473831670934779 ], [ 6.407570473274576, 62.473266985190691 ] ] ] } },
{ "type": "Feature", "properties": { }, "geometry": { "type": "Polygon", "coordinates": [ [ [ 6.408561811934024, 62.473597973486235 ], [ 6.408221245374732, 62.473905158726019 ], [ 6.407645187564353, 62.473831670934779 ], [ 6.408561811934024, 62.473597973486235 ] ] ] } },
{ "type": "Feature", "properties": { }, "geometry": { "type": "Polygon", "coordinates": [ [ [ 6.408561811934024, 62.473597973486235 ], [ 6.408801330322883, 62.473924957580614 ], [ 6.408221245374732, 62.473905158726019 ], [ 6.408561811934024, 62.473597973486235 ] ] ] } },
{ "type": "Feature", "properties": { }, "geometry": { "type": "Polygon", "coordinates": [ [ [ 6.408561811934024, 62.473597973486235 ], [ 6.409194035943557, 62.473781245282147 ], [ 6.408801330322883, 62.473924957580614 ], [ 6.408561811934024, 62.473597973486235 ] ] ] } },
{ "type": "Feature", "properties": { }, "geometry": { "type": "Polygon", "coordinates": [ [ [ 6.409194035943557, 62.473781245282147 ], [ 6.409181909665051, 62.474012881475012 ], [ 6.408801330322883, 62.473924957580614 ], [ 6.409194035943557, 62.473781245282147 ] ] ] } },
{ "type": "Feature", "properties": { }, "geometry": { "type": "Polygon", "coordinates": [ [ [ 6.409194035943557, 62.473781245282147 ], [ 6.409665031037302, 62.473859789138757 ], [ 6.409181909665051, 62.474012881475012 ], [ 6.409194035943557, 62.473781245282147 ] ] ] } },
{ "type": "Feature", "properties": { }, "geometry": { "type": "Polygon", "coordinates": [ [ [ 6.409665031037302, 62.473859789138757 ], [ 6.409425959272586, 62.474107155736839 ], [ 6.409181909665051, 62.474012881475012 ], [ 6.409665031037302, 62.473859789138757 ] ] ] } },
{ "type": "Feature", "properties": { }, "geometry": { "type": "Polygon", "coordinates": [ [ [ 6.409665031037302, 62.473859789138757 ], [ 6.40987725160994, 62.474057541308085 ], [ 6.409425959272586, 62.474107155736839 ], [ 6.409665031037302, 62.473859789138757 ] ] ] } },
{ "type": "Feature", "properties": { }, "geometry": { "type": "Polygon", "coordinates": [ [ [ 6.40987725160994, 62.474057541308085 ], [ 6.410295635982878, 62.474150233487833 ], [ 6.409425959272586, 62.474107155736839 ], [ 6.40987725160994, 62.474057541308085 ] ] ] } },
{ "type": "Feature", "properties": { }, "geometry": { "type": "Polygon", "coordinates": [ [ [ 6.410437019958992, 62.473951052146788 ], [ 6.410295635982878, 62.474150233487833 ], [ 6.40987725160994, 62.474057541308085 ], [ 6.410437019958992, 62.473951052146788 ] ] ] } },
{ "type": "Feature", "properties": { }, "geometry": { "type": "Polygon", "coordinates": [ [ [ 6.410437019958992, 62.473951052146788 ], [ 6.410541356671605, 62.474155069584647 ], [ 6.410295635982878, 62.474150233487833 ], [ 6.410437019958992, 62.473951052146788 ] ] ] } },
{ "type": "Feature", "properties": { }, "geometry": { "type": "Polygon", "coordinates": [ [ [ 6.410295635982878, 62.474150233487833 ], [ 6.410541356671605, 62.474155069584647 ], [ 6.410623540318328, 62.474262352334854 ], [ 6.410295635982878, 62.474150233487833 ] ] ] } },
{ "type": "Feature", "properties": { }, "geometry": { "type": "Polygon", "coordinates": [ [ [ 6.410541356671605, 62.474155069584647 ], [ 6.410745786867311, 62.474218352077294 ], [ 6.410623540318328, 62.474262352334854 ], [ 6.410541356671605, 62.474155069584647 ] ] ] } },
{ "type": "Feature", "properties": { }, "geometry": { "type": "Polygon", "coordinates": [ [ [ 6.410745786867311, 62.474218352077294 ], [ 6.410691235365216, 62.474285431062619 ], [ 6.410623540318328, 62.474262352334854 ], [ 6.410745786867311, 62.474218352077294 ] ] ] } },
{ "type": "Feature", "properties": { }, "geometry": { "type": "Polygon", "coordinates": [ [ [ 6.410745786867311, 62.474218352077294 ], [ 6.410975446171719, 62.474296647502598 ], [ 6.410691235365216, 62.474285431062619 ], [ 6.410745786867311, 62.474218352077294 ] ] ] } },
{ "type": "Feature", "properties": { }, "geometry": { "type": "Polygon", "coordinates": [ [ [ 6.410691235365216, 62.474285431062619 ], [ 6.410975446171719, 62.474296647502598 ], [ 6.411133676220015, 62.474436267185951 ], [ 6.410691235365216, 62.474285431062619 ] ] ] } },
{ "type": "Feature", "properties": { }, "geometry": { "type": "Polygon", "coordinates": [ [ [ 6.411294360856302, 62.474247267371759 ], [ 6.411629776993863, 62.474258475305398 ], [ 6.411407528295136, 62.474530038451576 ], [ 6.411294360856302, 62.474247267371759 ] ] ] } },
{ "type": "Feature", "properties": { }, "geometry": { "type": "Polygon", "coordinates": [ [ [ 6.411629776993863, 62.474258475305398 ], [ 6.412558840957967, 62.474576593645061 ], [ 6.411407528295136, 62.474530038451576 ], [ 6.411629776993863, 62.474258475305398 ] ] ] } },
{ "type": "Feature", "properties": { }, "geometry": { "type": "Polygon", "coordinates": [ [ [ 6.411407528295136, 62.474530038451576 ], [ 6.412558840957967, 62.474576593645061 ], [ 6.41209943516942, 62.474819745382561 ], [ 6.411407528295136, 62.474530038451576 ] ] ] } },
{ "type": "Feature", "properties": { }, "geometry": { "type": "Polygon", "coordinates": [ [ [ 6.411407528295136, 62.474530038451576 ], [ 6.41209943516942, 62.474819745382561 ], [ 6.411803580563354, 62.475112286826331 ], [ 6.411407528295136, 62.474530038451576 ] ] ] } },
{ "type": "Feature", "properties": { }, "geometry": { "type": "Polygon", "coordinates": [ [ [ 6.411294360856302, 62.474247267371759 ], [ 6.411407528295136, 62.474530038451576 ], [ 6.411133676220015, 62.474436267185951 ], [ 6.411294360856302, 62.474247267371759 ] ] ] } },
{ "type": "Feature", "properties": { }, "geometry": { "type": "Polygon", "coordinates": [ [ [ 6.41209943516942, 62.474819745382561 ], [ 6.413090875914778, 62.475006427230163 ], [ 6.411803580563354, 62.475112286826331 ], [ 6.41209943516942, 62.474819745382561 ] ] ] } },
{ "type": "Feature", "properties": { }, "geometry": { "type": "Polygon", "coordinates": [ [ [ 6.411803580563354, 62.475112286826331 ], [ 6.413090875914778, 62.475006427230163 ], [ 6.413045738126244, 62.475557519179191 ], [ 6.411803580563354, 62.475112286826331 ] ] ] } },
{ "type": "Feature", "properties": { }, "geometry": { "type": "Polygon", "coordinates": [ [ [ 6.41406072462441, 62.47521600597991 ], [ 6.413680119282313, 62.475856663667031 ], [ 6.413045738126244, 62.475557519179191 ], [ 6.41406072462441, 62.47521600597991 ] ] ] } },
{ "type": "Feature", "properties": { }, "geometry": { "type": "Polygon", "coordinates": [ [ [ 6.413090875914778, 62.475006427230163 ], [ 6.41406072462441, 62.47521600597991 ], [ 6.413045738126244, 62.475557519179191 ], [ 6.413090875914778, 62.475006427230163 ] ] ] } },
{ "type": "Feature", "properties": { }, "geometry": { "type": "Polygon", "coordinates": [ [ [ 6.41406072462441, 62.47521600597991 ], [ 6.414410288527208, 62.475773775305711 ], [ 6.413680119282313, 62.475856663667031 ], [ 6.41406072462441, 62.47521600597991 ] ] ] } },
{ "type": "Feature", "properties": { }, "geometry": { "type": "Polygon", "coordinates": [ [ [ 6.413680119282313, 62.475856663667031 ], [ 6.414410288527208, 62.475773775305711 ], [ 6.414263283793693, 62.476064996911738 ], [ 6.413680119282313, 62.475856663667031 ] ] ] } },
{ "type": "Feature", "properties": { }, "geometry": { "type": "Polygon", "coordinates": [ [ [ 6.414684544602068, 62.475889213300256 ], [ 6.414613770866366, 62.476057624871594 ], [ 6.414263283793693, 62.476064996911738 ], [ 6.414684544602068, 62.475889213300256 ] ] ] } },
{ "type": "Feature", "properties": { }, "geometry": { "type": "Polygon", "coordinates": [ [ [ 6.414263283793693, 62.476064996911738 ], [ 6.414613770866366, 62.476057624871594 ], [ 6.414618255475228, 62.476219978961453 ], [ 6.414263283793693, 62.476064996911738 ] ] ] } },
{ "type": "Feature", "properties": { }, "geometry": { "type": "Polygon", "coordinates": [ [ [ 6.414410288527208, 62.475773775305711 ], [ 6.414684544602068, 62.475889213300256 ], [ 6.414263283793693, 62.476064996911738 ], [ 6.414410288527208, 62.475773775305711 ] ] ] } },
{ "type": "Feature", "properties": { }, "geometry": { "type": "Polygon", "coordinates": [ [ [ 6.414613770866366, 62.476057624871594 ], [ 6.414871654395833, 62.476167716252583 ], [ 6.414618255475228, 62.476219978961453 ], [ 6.414613770866366, 62.476057624871594 ] ] ] } },
{ "type": "Feature", "properties": { }, "geometry": { "type": "Polygon", "coordinates": [ [ [ 6.414618255475228, 62.476219978961453 ], [ 6.414871654395833, 62.476167716252583 ], [ 6.414896524891349, 62.476295586596024 ], [ 6.414618255475228, 62.476219978961453 ] ] ] } },
{ "type": "Feature", "properties": { }, "geometry": { "type": "Polygon", "coordinates": [ [ [ 6.414618255475228, 62.476219978961453 ], [ 6.414896524891349, 62.476295586596024 ], [ 6.41493955456541, 62.476361128859402 ], [ 6.414618255475228, 62.476219978961453 ] ] ] } },
{ "type": "Feature", "properties": { }, "geometry": { "type": "Polygon", "coordinates": [ [ [ 6.414896524891349, 62.476295586596024 ], [ 6.415007217871833, 62.476341063730345 ], [ 6.41493955456541, 62.476361128859402 ], [ 6.414896524891349, 62.476295586596024 ] ] ] } },
{ "type": "Feature", "properties": { }, "geometry": { "type": "Polygon", "coordinates": [ [ [ 6.415007217871833, 62.476341063730345 ], [ 6.414972182865772, 62.476374533855754 ], [ 6.41493955456541, 62.476361128859402 ], [ 6.415007217871833, 62.476341063730345 ] ] ] } },
{ "type": "Feature", "properties": { }, "geometry": { "type": "Polygon", "coordinates": [ [ [ 6.415007217871833, 62.476341063730345 ], [ 6.415117911189632, 62.47638654077825 ], [ 6.414972182865772, 62.476374533855754 ], [ 6.415007217871833, 62.476341063730345 ] ] ] } },
{ "type": "Feature", "properties": { }, "geometry": { "type": "Polygon", "coordinates": [ [ [ 6.414972182865772, 62.476374533855754 ], [ 6.415117911189632, 62.47638654077825 ], [ 6.415273102120532, 62.476505837416681 ], [ 6.414972182865772, 62.476374533855754 ] ] ] } },
{ "type": "Feature", "properties": { }, "geometry": { "type": "Polygon", "coordinates": [ [ [ 6.415117911189632, 62.47638654077825 ], [ 6.415418965521291, 62.476383932697374 ], [ 6.415273102120532, 62.476505837416681 ], [ 6.415117911189632, 62.47638654077825 ] ] ] } },
{ "type": "Feature", "properties": { }, "geometry": { "type": "Polygon", "coordinates": [ [ [ 6.415418965521291, 62.476383932697374 ], [ 6.415705863067307, 62.476537092224234 ], [ 6.415273102120532, 62.476505837416681 ], [ 6.415418965521291, 62.476383932697374 ] ] ] } },
{ "type": "Feature", "properties": { }, "geometry": { "type": "Polygon", "coordinates": [ [ [ 6.415273102120532, 62.476505837416681 ], [ 6.415705863067307, 62.476537092224234 ], [ 6.415914737254839, 62.476715255555199 ], [ 6.415273102120532, 62.476505837416681 ] ] ] } },
{ "type": "Feature", "properties": { }, "geometry": { "type": "Polygon", "coordinates": [ [ [ 6.415705863067307, 62.476537092224234 ], [ 6.416487175929652, 62.476456223199939 ], [ 6.415914737254839, 62.476715255555199 ], [ 6.415705863067307, 62.476537092224234 ] ] ] } },
{ "type": "Feature", "properties": { }, "geometry": { "type": "Polygon", "coordinates": [ [ [ 6.416487175929652, 62.476456223199939 ], [ 6.416545955572839, 62.476825730507315 ], [ 6.415914737254839, 62.476715255555199 ], [ 6.416487175929652, 62.476456223199939 ] ] ] } },
{ "type": "Feature", "properties": { }, "geometry": { "type": "Polygon", "coordinates": [ [ [ 6.416487175929652, 62.476456223199939 ], [ 6.417369370143063, 62.47661192103957 ], [ 6.416545955572839, 62.476825730507315 ], [ 6.416487175929652, 62.476456223199939 ] ] ] } },
{ "type": "Feature", "properties": { }, "geometry": { "type": "Polygon", "coordinates": [ [ [ 6.416545955572839, 62.476825730507315 ], [ 6.417369370143063, 62.47661192103957 ], [ 6.417896716888024, 62.47713823950312 ], [ 6.416545955572839, 62.476825730507315 ] ] ] } },
{ "type": "Feature", "properties": { }, "geometry": { "type": "Polygon", "coordinates": [ [ [ 6.41827919485668, 62.476728708744709 ], [ 6.418415509816746, 62.477170370280454 ], [ 6.417896716888024, 62.47713823950312 ], [ 6.41827919485668, 62.476728708744709 ] ] ] } },
{ "type": "Feature", "properties": { }, "geometry": { "type": "Polygon", "coordinates": [ [ [ 6.417369370143063, 62.47661192103957 ], [ 6.41827919485668, 62.476728708744709 ], [ 6.417896716888024, 62.47713823950312 ], [ 6.417369370143063, 62.47661192103957 ] ] ] } },
{ "type": "Feature", "properties": { }, "geometry": { "type": "Polygon", "coordinates": [ [ [ 6.419096731844957, 62.476848111735585 ], [ 6.419344545494336, 62.477227903928117 ], [ 6.418415509816746, 62.477170370280454 ], [ 6.419096731844957, 62.476848111735585 ] ] ] } },
{ "type": "Feature", "properties": { }, "geometry": { "type": "Polygon", "coordinates": [ [ [ 6.41827919485668, 62.476728708744709 ], [ 6.419096731844957, 62.476848111735585 ], [ 6.418415509816746, 62.477170370280454 ], [ 6.41827919485668, 62.476728708744709 ] ] ] } },
{ "type": "Feature", "properties": { }, "geometry": { "type": "Polygon", "coordinates": [ [ [ 6.419096731844957, 62.476848111735585 ], [ 6.419861112589945, 62.477027741149591 ], [ 6.419344545494336, 62.477227903928117 ], [ 6.419096731844957, 62.476848111735585 ] ] ] } },
{ "type": "Feature", "properties": { }, "geometry": { "type": "Polygon", "coordinates": [ [ [ 6.419861112589945, 62.477027741149591 ], [ 6.419646693040547, 62.477323315945064 ], [ 6.419344545494336, 62.477227903928117 ], [ 6.419861112589945, 62.477027741149591 ] ] ] } },
{ "type": "Feature", "properties": { }, "geometry": { "type": "Polygon", "coordinates": [ [ [ 6.419861112589945, 62.477027741149591 ], [ 6.42088617023796, 62.477351424856323 ], [ 6.419646693040547, 62.477323315945064 ], [ 6.419861112589945, 62.477027741149591 ] ] ] } },
{ "type": "Feature", "properties": { }, "geometry": { "type": "Polygon", "coordinates": [ [ [ 6.420941737255284, 62.476804298627471 ], [ 6.423073128777768, 62.476716902050484 ], [ 6.422251708542352, 62.477497157702722 ], [ 6.420941737255284, 62.476804298627471 ] ] ] } },
{ "type": "Feature", "properties": { }, "geometry": { "type": "Polygon", "coordinates": [ [ [ 6.423073128777768, 62.476716902050484 ], [ 6.423605823780365, 62.477549083789867 ], [ 6.422251708542352, 62.477497157702722 ], [ 6.423073128777768, 62.476716902050484 ] ] ] } },
{ "type": "Feature", "properties": { }, "geometry": { "type": "Polygon", "coordinates": [ [ [ 6.420941737255284, 62.476804298627471 ], [ 6.422251708542352, 62.477497157702722 ], [ 6.42088617023796, 62.477351424856323 ], [ 6.420941737255284, 62.476804298627471 ] ] ] } },
{ "type": "Feature", "properties": { }, "geometry": { "type": "Polygon", "coordinates": [ [ [ 6.423073128777768, 62.476716902050484 ], [ 6.424986229551964, 62.476907237892171 ], [ 6.423605823780365, 62.477549083789867 ], [ 6.423073128777768, 62.476716902050484 ] ] ] } },
{ "type": "Feature", "properties": { }, "geometry": { "type": "Polygon", "coordinates": [ [ [ 6.424986229551964, 62.476907237892171 ], [ 6.426565093862284, 62.477442209404458 ], [ 6.423605823780365, 62.477549083789867 ], [ 6.424986229551964, 62.476907237892171 ] ] ] } },
{ "type": "Feature", "properties": { }, "geometry": { "type": "Polygon", "coordinates": [ [ [ 6.426592097617958, 62.476281735814339 ], [ 6.427879429682643, 62.477277700734376 ], [ 6.426565093862284, 62.477442209404458 ], [ 6.426592097617958, 62.476281735814339 ] ] ] } },
{ "type": "Feature", "properties": { }, "geometry": { "type": "Polygon", "coordinates": [ [ [ 6.426592097617958, 62.476281735814339 ], [ 6.426565093862284, 62.477442209404458 ], [ 6.424986229551964, 62.476907237892171 ], [ 6.426592097617958, 62.476281735814339 ] ] ] } },
{ "type": "Feature", "properties": { }, "geometry": { "type": "Polygon", "coordinates": [ [ [ 6.426592097617958, 62.476281735814339 ], [ 6.428728197400784, 62.476592834416984 ], [ 6.427879429682643, 62.477277700734376 ], [ 6.426592097617958, 62.476281735814339 ] ] ] } },
{ "type": "Feature", "properties": { }, "geometry": { "type": "Polygon", "coordinates": [ [ [ 6.428728197400784, 62.476592834416984 ], [ 6.429528201483369, 62.477290158103479 ], [ 6.427879429682643, 62.477277700734376 ], [ 6.428728197400784, 62.476592834416984 ] ] ] } },
{ "type": "Feature", "properties": { }, "geometry": { "type": "Polygon", "coordinates": [ [ [ 6.431276196501936, 62.476846087649832 ], [ 6.430905560202522, 62.477408809107779 ], [ 6.429528201483369, 62.477290158103479 ], [ 6.431276196501936, 62.476846087649832 ] ] ] } },
{ "type": "Feature", "properties": { }, "geometry": { "type": "Polygon", "coordinates": [ [ [ 6.429528201483369, 62.477290158103479 ], [ 6.430905560202522, 62.477408809107779 ], [ 6.430198096475304, 62.477625834653139 ], [ 6.429528201483369, 62.477290158103479 ] ] ] } },
{ "type": "Feature", "properties": { }, "geometry": { "type": "Polygon", "coordinates": [ [ [ 6.428728197400784, 62.476592834416984 ], [ 6.431276196501936, 62.476846087649832 ], [ 6.429528201483369, 62.477290158103479 ], [ 6.428728197400784, 62.476592834416984 ] ] ] } },
{ "type": "Feature", "properties": { }, "geometry": { "type": "Polygon", "coordinates": [ [ [ 6.430905560202522, 62.477408809107779 ], [ 6.43073964587698, 62.47764478046637 ], [ 6.430198096475304, 62.477625834653139 ], [ 6.430905560202522, 62.477408809107779 ] ] ] } },
{ "type": "Feature", "properties": { }, "geometry": { "type": "Polygon", "coordinates": [ [ [ 6.430905560202522, 62.477408809107779 ], [ 6.431030550505312, 62.477650122011156 ], [ 6.43073964587698, 62.47764478046637 ], [ 6.430905560202522, 62.477408809107779 ] ] ] } },
{ "type": "Feature", "properties": { }, "geometry": { "type": "Polygon", "coordinates": [ [ [ 6.430905560202522, 62.477408809107779 ], [ 6.431327138924969, 62.477583721323256 ], [ 6.431030550505312, 62.477650122011156 ], [ 6.430905560202522, 62.477408809107779 ] ] ] } },
{ "type": "Feature", "properties": { }, "geometry": { "type": "Polygon", "coordinates": [ [ [ 6.431595588939427, 62.47741549779299 ], [ 6.431556656342655, 62.477623841905491 ], [ 6.431327138924969, 62.477583721323256 ], [ 6.431595588939427, 62.47741549779299 ] ] ] } },
{ "type": "Feature", "properties": { }, "geometry": { "type": "Polygon", "coordinates": [ [ [ 6.430905560202522, 62.477408809107779 ], [ 6.431595588939427, 62.47741549779299 ], [ 6.431327138924969, 62.477583721323256 ], [ 6.430905560202522, 62.477408809107779 ] ] ] } },
{ "type": "Feature", "properties": { }, "geometry": { "type": "Polygon", "coordinates": [ [ [ 6.431595588939427, 62.47741549779299 ], [ 6.432002992741821, 62.477622982541128 ], [ 6.431556656342655, 62.477623841905491 ], [ 6.431595588939427, 62.47741549779299 ] ] ] } },
{ "type": "Feature", "properties": { }, "geometry": { "type": "Polygon", "coordinates": [ [ [ 6.43231592916389, 62.47729235414662 ], [ 6.432771051039888, 62.477493671296337 ], [ 6.432002992741821, 62.477622982541128 ], [ 6.43231592916389, 62.47729235414662 ] ] ] } },
{ "type": "Feature", "properties": { }, "geometry": { "type": "Polygon", "coordinates": [ [ [ 6.431595588939427, 62.47741549779299 ], [ 6.43231592916389, 62.47729235414662 ], [ 6.432002992741821, 62.477622982541128 ], [ 6.431595588939427, 62.47741549779299 ] ] ] } },
{ "type": "Feature", "properties": { }, "geometry": { "type": "Polygon", "coordinates": [ [ [ 6.43231592916389, 62.47729235414662 ], [ 6.4329312924748, 62.477353947522708 ], [ 6.432771051039888, 62.477493671296337 ], [ 6.43231592916389, 62.47729235414662 ] ] ] } },
{ "type": "Feature", "properties": { }, "geometry": { "type": "Polygon", "coordinates": [ [ [ 6.4329312924748, 62.477353947522708 ], [ 6.433023969850843, 62.477489252135996 ], [ 6.432771051039888, 62.477493671296337 ], [ 6.4329312924748, 62.477353947522708 ] ] ] } },
{ "type": "Feature", "properties": { }, "geometry": { "type": "Polygon", "coordinates": [ [ [ 6.4329312924748, 62.477353947522708 ], [ 6.433163091707413, 62.477446900314078 ], [ 6.433023969850843, 62.477489252135996 ], [ 6.4329312924748, 62.477353947522708 ] ] ] } },
{ "type": "Feature", "properties": { }, "geometry": { "type": "Polygon", "coordinates": [ [ [ 6.433295600573111, 62.477267764851689 ], [ 6.433163091707413, 62.477446900314078 ], [ 6.4329312924748, 62.477353947522708 ], [ 6.433295600573111, 62.477267764851689 ] ] ] } },
{ "type": "Feature", "properties": { }, "geometry": { "type": "Polygon", "coordinates": [ [ [ 6.433295600573111, 62.477267764851689 ], [ 6.433656389836228, 62.477357061361666 ], [ 6.433163091707413, 62.477446900314078 ], [ 6.433295600573111, 62.477267764851689 ] ] ] } },
{ "type": "Feature", "properties": { }, "geometry": { "type": "Polygon", "coordinates": [ [ [ 6.434417395180072, 62.477133968848335 ], [ 6.434561946386128, 62.477427675068327 ], [ 6.433656389836228, 62.477357061361666 ], [ 6.434417395180072, 62.477133968848335 ] ] ] } },
{ "type": "Feature", "properties": { }, "geometry": { "type": "Polygon", "coordinates": [ [ [ 6.433818061765303, 62.47701643772735 ], [ 6.433656389836228, 62.477357061361666 ], [ 6.433295600573111, 62.477267764851689 ], [ 6.433818061765303, 62.47701643772735 ] ] ] } },
{ "type": "Feature", "properties": { }, "geometry": { "type": "Polygon", "coordinates": [ [ [ 6.433818061765303, 62.47701643772735 ], [ 6.434417395180072, 62.477133968848335 ], [ 6.433656389836228, 62.477357061361666 ], [ 6.433818061765303, 62.47701643772735 ] ] ] } },
{ "type": "Feature", "properties": { }, "geometry": { "type": "Polygon", "coordinates": [ [ [ 6.435034342216367, 62.477230022514568 ], [ 6.435155913278094, 62.477519316449396 ], [ 6.434561946386128, 62.477427675068327 ], [ 6.435034342216367, 62.477230022514568 ] ] ] } },
{ "type": "Feature", "properties": { }, "geometry": { "type": "Polygon", "coordinates": [ [ [ 6.434417395180072, 62.477133968848335 ], [ 6.435034342216367, 62.477230022514568 ], [ 6.434561946386128, 62.477427675068327 ], [ 6.434417395180072, 62.477133968848335 ] ] ] } },
{ "type": "Feature", "properties": { }, "geometry": { "type": "Polygon", "coordinates": [ [ [ 6.435562623243071, 62.477394614453658 ], [ 6.435542818812082, 62.47753564130042 ], [ 6.435155913278094, 62.477519316449396 ], [ 6.435562623243071, 62.477394614453658 ] ] ] } },
{ "type": "Feature", "properties": { }, "geometry": { "type": "Polygon", "coordinates": [ [ [ 6.435034342216367, 62.477230022514568 ], [ 6.435562623243071, 62.477394614453658 ], [ 6.435155913278094, 62.477519316449396 ], [ 6.435034342216367, 62.477230022514568 ] ] ] } },
{ "type": "Feature", "properties": { }, "geometry": { "type": "Polygon", "coordinates": [ [ [ 6.435562623243071, 62.477394614453658 ], [ 6.435704980237271, 62.477519645333849 ], [ 6.435542818812082, 62.47753564130042 ], [ 6.435562623243071, 62.477394614453658 ] ] ] } },
{ "type": "Feature", "properties": { }, "geometry": { "type": "Polygon", "coordinates": [ [ [ 6.43611276080083, 62.477340346463023 ], [ 6.437088927176311, 62.477384287780986 ], [ 6.435704980237271, 62.477519645333849 ], [ 6.43611276080083, 62.477340346463023 ] ] ] } },
{ "type": "Feature", "properties": { }, "geometry": { "type": "Polygon", "coordinates": [ [ [ 6.435562623243071, 62.477394614453658 ], [ 6.43611276080083, 62.477340346463023 ], [ 6.435704980237271, 62.477519645333849 ], [ 6.435562623243071, 62.477394614453658 ] ] ] } },
{ "type": "Feature", "properties": { }, "geometry": { "type": "Polygon", "coordinates": [ [ [ 6.436709138650961, 62.476909727526234 ], [ 6.437088927176311, 62.477384287780986 ], [ 6.43611276080083, 62.477340346463023 ], [ 6.436709138650961, 62.476909727526234 ] ] ] } },
{ "type": "Feature", "properties": { }, "geometry": { "type": "Polygon", "coordinates": [ [ [ 6.436709138650961, 62.476909727526234 ], [ 6.437568803724163, 62.477222507438377 ], [ 6.437088927176311, 62.477384287780986 ], [ 6.436709138650961, 62.476909727526234 ] ] ] } },
{ "type": "Feature", "properties": { }, "geometry": { "type": "Polygon", "coordinates": [ [ [ 6.436709138650961, 62.476909727526234 ], [ 6.438010306807944, 62.476813021100398 ], [ 6.437568803724163, 62.477222507438377 ], [ 6.436709138650961, 62.476909727526234 ] ] ] } },
{ "type": "Feature", "properties": { }, "geometry": { "type": "Polygon", "coordinates": [ [ [ 6.438010306807944, 62.476813021100398 ], [ 6.438208716892341, 62.477225278165498 ], [ 6.437568803724163, 62.477222507438377 ], [ 6.438010306807944, 62.476813021100398 ] ] ] } },
{ "type": "Feature", "properties": { }, "geometry": { "type": "Polygon", "coordinates": [ [ [ 6.438010306807944, 62.476813021100398 ], [ 6.43864497445635, 62.477116539910931 ], [ 6.438208716892341, 62.477225278165498 ], [ 6.438010306807944, 62.476813021100398 ] ] ] } },
{ "type": "Feature", "properties": { }, "geometry": { "type": "Polygon", "coordinates": [ [ [ 6.439452798468844, 62.476460912627395 ], [ 6.43864497445635, 62.477116539910931 ], [ 6.438010306807944, 62.476813021100398 ], [ 6.439452798468844, 62.476460912627395 ] ] ] } },
{ "type": "Feature", "properties": { }, "geometry": { "type": "Polygon", "coordinates": [ [ [ 6.439452798468844, 62.476460912627395 ], [ 6.440575691188749, 62.477008244088331 ], [ 6.43864497445635, 62.477116539910931 ], [ 6.439452798468844, 62.476460912627395 ] ] ] } },
{ "type": "Feature", "properties": { }, "geometry": { "type": "Polygon", "coordinates": [ [ [ 6.439452798468844, 62.476460912627395 ], [ 6.442263561444616, 62.476411859126181 ], [ 6.440575691188749, 62.477008244088331 ], [ 6.439452798468844, 62.476460912627395 ] ] ] } },
{ "type": "Feature", "properties": { }, "geometry": { "type": "Polygon", "coordinates": [ [ [ 6.442263561444616, 62.476411859126181 ], [ 6.441988895017014, 62.477052166316398 ], [ 6.440575691188749, 62.477008244088331 ], [ 6.442263561444616, 62.476411859126181 ] ] ] } },
{ "type": "Feature", "properties": { }, "geometry": { "type": "Polygon", "coordinates": [ [ [ 6.442263561444616, 62.476411859126181 ], [ 6.443278221651675, 62.476865360677486 ], [ 6.441988895017014, 62.477052166316398 ], [ 6.442263561444616, 62.476411859126181 ] ] ] } },
{ "type": "Feature", "properties": { }, "geometry": { "type": "Polygon", "coordinates": [ [ [ 6.443278221651675, 62.476865360677486 ], [ 6.443004134620544, 62.477205474583108 ], [ 6.441988895017014, 62.477052166316398 ], [ 6.443278221651675, 62.476865360677486 ] ] ] } },
{ "type": "Feature", "properties": { }, "geometry": { "type": "Polygon", "coordinates": [ [ [ 6.443278221651675, 62.476865360677486 ], [ 6.443547380021649, 62.477206316504528 ], [ 6.443004134620544, 62.477205474583108 ], [ 6.443278221651675, 62.476865360677486 ] ] ] } },
{ "type": "Feature", "properties": { }, "geometry": { "type": "Polygon", "coordinates": [ [ [ 6.443278221651675, 62.476865360677486 ], [ 6.444061837210827, 62.476849195919179 ], [ 6.443547380021649, 62.477206316504528 ], [ 6.443278221651675, 62.476865360677486 ] ] ] } },
{ "type": "Feature", "properties": { }, "geometry": { "type": "Polygon", "coordinates": [ [ [ 6.444061837210827, 62.476849195919179 ], [ 6.444026446451186, 62.477278085866068 ], [ 6.443547380021649, 62.477206316504528 ], [ 6.444061837210827, 62.476849195919179 ] ] ] } },
{ "type": "Feature", "properties": { }, "geometry": { "type": "Polygon", "coordinates": [ [ [ 6.444061837210827, 62.476849195919179 ], [ 6.4447521506094, 62.477291363022616 ], [ 6.444026446451186, 62.477278085866068 ], [ 6.444061837210827, 62.476849195919179 ] ] ] } },
{ "type": "Feature", "properties": { }, "geometry": { "type": "Polygon", "coordinates": [ [ [ 6.444061837210827, 62.476849195919179 ], [ 6.445525850073428, 62.47669619204909 ], [ 6.4447521506094, 62.477291363022616 ], [ 6.444061837210827, 62.476849195919179 ] ] ] } },
{ "type": "Feature", "properties": { }, "geometry": { "type": "Polygon", "coordinates": [ [ [ 6.445525850073428, 62.47669619204909 ], [ 6.446448613840391, 62.47732246255979 ], [ 6.4447521506094, 62.477291363022616 ], [ 6.445525850073428, 62.47669619204909 ] ] ] } },
{ "type": "Feature", "properties": { }, "geometry": { "type": "Polygon", "coordinates": [ [ [ 6.447026232354482, 62.476714053793835 ], [ 6.447220735331828, 62.477372469324237 ], [ 6.446448613840391, 62.47732246255979 ], [ 6.447026232354482, 62.476714053793835 ] ] ] } },
{ "type": "Feature", "properties": { }, "geometry": { "type": "Polygon", "coordinates": [ [ [ 6.445525850073428, 62.47669619204909 ], [ 6.447026232354482, 62.476714053793835 ], [ 6.446448613840391, 62.47732246255979 ], [ 6.445525850073428, 62.47669619204909 ] ] ] } },
{ "type": "Feature", "properties": { }, "geometry": { "type": "Polygon", "coordinates": [ [ [ 6.447026232354482, 62.476714053793835 ], [ 6.44836774944407, 62.477132614649079 ], [ 6.447220735331828, 62.477372469324237 ], [ 6.447026232354482, 62.476714053793835 ] ] ] } },
{ "type": "Feature", "properties": { }, "geometry": { "type": "Polygon", "coordinates": [ [ [ 6.447220735331828, 62.477372469324237 ], [ 6.44836774944407, 62.477132614649079 ], [ 6.447950991323765, 62.477682235056236 ], [ 6.447220735331828, 62.477372469324237 ] ] ] } },
{ "type": "Feature", "properties": { }, "geometry": { "type": "Polygon", "coordinates": [ [ [ 6.44836774944407, 62.477132614649079 ], [ 6.449414439906961, 62.47745612932485 ], [ 6.447950991323765, 62.477682235056236 ], [ 6.44836774944407, 62.477132614649079 ] ] ] } },
{ "type": "Feature", "properties": { }, "geometry": { "type": "Polygon", "coordinates": [ [ [ 6.449414439906961, 62.47745612932485 ], [ 6.448867477405591, 62.477860660955542 ], [ 6.447950991323765, 62.477682235056236 ], [ 6.449414439906961, 62.47745612932485 ] ] ] } },
{ "type": "Feature", "properties": { }, "geometry": { "type": "Polygon", "coordinates": [ [ [ 6.449414439906961, 62.47745612932485 ], [ 6.449404879099723, 62.477933300155904 ], [ 6.448867477405591, 62.477860660955542 ], [ 6.449414439906961, 62.47745612932485 ] ] ] } },
{ "type": "Feature", "properties": { }, "geometry": { "type": "Polygon", "coordinates": [ [ [ 6.449414439906961, 62.47745612932485 ], [ 6.45008169284566, 62.477854747457535 ], [ 6.449404879099723, 62.477933300155904 ], [ 6.449414439906961, 62.47745612932485 ] ] ] } },
{ "type": "Feature", "properties": { }, "geometry": { "type": "Polygon", "coordinates": [ [ [ 6.45008169284566, 62.477854747457535 ], [ 6.449790226015494, 62.478018981065695 ], [ 6.449404879099723, 62.477933300155904 ], [ 6.45008169284566, 62.477854747457535 ] ] ] } },
{ "type": "Feature", "properties": { }, "geometry": { "type": "Polygon", "coordinates": [ [ [ 6.449790226015494, 62.478018981065695 ], [ 6.450018633117895, 62.478065254346184 ], [ 6.449932718968313, 62.478113664433067 ], [ 6.449790226015494, 62.478018981065695 ] ] ] } },
{ "type": "Feature", "properties": { }, "geometry": { "type": "Polygon", "coordinates": [ [ [ 6.450018633117895, 62.478065254346184 ], [ 6.450000045238919, 62.47812730407594 ], [ 6.449932718968313, 62.478113664433067 ], [ 6.450018633117895, 62.478065254346184 ] ] ] } },
{ "type": "Feature", "properties": { }, "geometry": { "type": "Polygon", "coordinates": [ [ [ 6.450000045238919, 62.47812730407594 ], [ 6.450247040934626, 62.478111527256075 ], [ 6.451249051819967, 62.478380161344809 ], [ 6.450000045238919, 62.47812730407594 ] ] ] } },
{ "type": "Feature", "properties": { }, "geometry": { "type": "Polygon", "coordinates": [ [ [ 6.450018633117895, 62.478065254346184 ], [ 6.450247040934626, 62.478111527256075 ], [ 6.450000045238919, 62.47812730407594 ], [ 6.450018633117895, 62.478065254346184 ] ] ] } },
{ "type": "Feature", "properties": { }, "geometry": { "type": "Polygon", "coordinates": [ [ [ 6.450247040934626, 62.478111527256075 ], [ 6.4510677382808, 62.47817423319303 ], [ 6.451249051819967, 62.478380161344809 ], [ 6.450247040934626, 62.478111527256075 ] ] ] } },
{ "type": "Feature", "properties": { }, "geometry": { "type": "Polygon", "coordinates": [ [ [ 6.4510677382808, 62.47817423319303 ], [ 6.451822597422372, 62.478151965385798 ], [ 6.451249051819967, 62.478380161344809 ], [ 6.4510677382808, 62.47817423319303 ] ] ] } },
{ "type": "Feature", "properties": { }, "geometry": { "type": "Polygon", "coordinates": [ [ [ 6.451822597422372, 62.478151965385798 ], [ 6.452213359692488, 62.478451660652972 ], [ 6.451249051819967, 62.478380161344809 ], [ 6.451822597422372, 62.478151965385798 ] ] ] } },
{ "type": "Feature", "properties": { }, "geometry": { "type": "Polygon", "coordinates": [ [ [ 6.451822597422372, 62.478151965385798 ], [ 6.452807789315405, 62.478193487146413 ], [ 6.452213359692488, 62.478451660652972 ], [ 6.451822597422372, 62.478151965385798 ] ] ] } },
{ "type": "Feature", "properties": { }, "geometry": { "type": "Polygon", "coordinates": [ [ [ 6.452807789315405, 62.478193487146413 ], [ 6.452592498053484, 62.478557345335936 ], [ 6.452213359692488, 62.478451660652972 ], [ 6.452807789315405, 62.478193487146413 ] ] ] } },
{ "type": "Feature", "properties": { }, "geometry": { "type": "Polygon", "coordinates": [ [ [ 6.452807789315405, 62.478193487146413 ], [ 6.453480777283834, 62.478609511053769 ], [ 6.452592498053484, 62.478557345335936 ], [ 6.452807789315405, 62.478193487146413 ] ] ] } },
{ "type": "Feature", "properties": { }, "geometry": { "type": "Polygon", "coordinates": [ [ [ 6.452807789315405, 62.478193487146413 ], [ 6.454177330625779, 62.478366697037437 ], [ 6.453480777283834, 62.478609511053769 ], [ 6.452807789315405, 62.478193487146413 ] ] ] } },
{ "type": "Feature", "properties": { }, "geometry": { "type": "Polygon", "coordinates": [ [ [ 6.454177330625779, 62.478366697037437 ], [ 6.453857624193179, 62.47874215239397 ], [ 6.453480777283834, 62.478609511053769 ], [ 6.454177330625779, 62.478366697037437 ] ] ] } },
{ "type": "Feature", "properties": { }, "geometry": { "type": "Polygon", "coordinates": [ [ [ 6.454177330625779, 62.478366697037437 ], [ 6.45470115931071, 62.479013503795187 ], [ 6.453857624193179, 62.47874215239397 ], [ 6.454177330625779, 62.478366697037437 ] ] ] } },
{ "type": "Feature", "properties": { }, "geometry": { "type": "Polygon", "coordinates": [ [ [ 6.453857624193179, 62.47874215239397 ], [ 6.45470115931071, 62.479013503795187 ], [ 6.454046412816194, 62.479032942638788 ], [ 6.453857624193179, 62.47874215239397 ] ] ] } },
{ "type": "Feature", "properties": { }, "geometry": { "type": "Polygon", "coordinates": [ [ [ 6.454046412816194, 62.479032942638788 ], [ 6.45470115931071, 62.479013503795187 ], [ 6.454393911108173, 62.479281755114023 ], [ 6.454046412816194, 62.479032942638788 ] ] ] } },
{ "type": "Feature", "properties": { }, "geometry": { "type": "Polygon", "coordinates": [ [ [ 6.45470115931071, 62.479013503795187 ], [ 6.45506239816013, 62.479266941284209 ], [ 6.454393911108173, 62.479281755114023 ], [ 6.45470115931071, 62.479013503795187 ] ] ] } },
{ "type": "Feature", "properties": { }, "geometry": { "type": "Polygon", "coordinates": [ [ [ 6.454393911108173, 62.479281755114023 ], [ 6.45506239816013, 62.479266941284209 ], [ 6.454770770562586, 62.479414394185397 ], [ 6.454393911108173, 62.479281755114023 ] ] ] } },
{ "type": "Feature", "properties": { }, "geometry": { "type": "Polygon", "coordinates": [ [ [ 6.45506239816013, 62.479266941284209 ], [ 6.454980260621028, 62.479463176193846 ], [ 6.454770770562586, 62.479414394185397 ], [ 6.45506239816013, 62.479266941284209 ] ] ] } },
{ "type": "Feature", "properties": { }, "geometry": { "type": "Polygon", "coordinates": [ [ [ 6.45506239816013, 62.479266941284209 ], [ 6.45559417002564, 62.479546198197617 ], [ 6.454980260621028, 62.479463176193846 ], [ 6.45506239816013, 62.479266941284209 ] ] ] } },
{ "type": "Feature", "properties": { }, "geometry": { "type": "Polygon", "coordinates": [ [ [ 6.455852676961435, 62.478843893545502 ], [ 6.457165918015881, 62.479223117372634 ], [ 6.45559417002564, 62.479546198197617 ], [ 6.455852676961435, 62.478843893545502 ] ] ] } },
{ "type": "Feature", "properties": { }, "geometry": { "type": "Polygon", "coordinates": [ [ [ 6.457165918015881, 62.479223117372634 ], [ 6.456271472298237, 62.479800975061174 ], [ 6.45559417002564, 62.479546198197617 ], [ 6.457165918015881, 62.479223117372634 ] ] ] } },
{ "type": "Feature", "properties": { }, "geometry": { "type": "Polygon", "coordinates": [ [ [ 6.455852676961435, 62.478843893545502 ], [ 6.45559417002564, 62.479546198197617 ], [ 6.45506239816013, 62.479266941284209 ], [ 6.455852676961435, 62.478843893545502 ] ] ] } },
{ "type": "Feature", "properties": { }, "geometry": { "type": "Polygon", "coordinates": [ [ [ 6.457165918015881, 62.479223117372634 ], [ 6.457055846713914, 62.479932080121117 ], [ 6.456271472298237, 62.479800975061174 ], [ 6.457165918015881, 62.479223117372634 ] ] ] } },
{ "type": "Feature", "properties": { }, "geometry": { "type": "Polygon", "coordinates": [ [ [ 6.457165918015881, 62.479223117372634 ], [ 6.458828977940184, 62.479729387183667 ], [ 6.457055846713914, 62.479932080121117 ], [ 6.457165918015881, 62.479223117372634 ] ] ] } },
{ "type": "Feature", "properties": { }, "geometry": { "type": "Polygon", "coordinates": [ [ [ 6.457055846713914, 62.479932080121117 ], [ 6.458828977940184, 62.479729387183667 ], [ 6.458015426877078, 62.480290792332475 ], [ 6.457055846713914, 62.479932080121117 ] ] ] } },
{ "type": "Feature", "properties": { }, "geometry": { "type": "Polygon", "coordinates": [ [ [ 6.458828977940184, 62.479729387183667 ], [ 6.459191179015018, 62.480384215561109 ], [ 6.458015426877078, 62.480290792332475 ], [ 6.458828977940184, 62.479729387183667 ] ] ] } },
{ "type": "Feature", "properties": { }, "geometry": { "type": "Polygon", "coordinates": [ [ [ 6.460200381098042, 62.47996218277757 ], [ 6.459816509245023, 62.480566028717249 ], [ 6.459191179015018, 62.480384215561109 ], [ 6.460200381098042, 62.47996218277757 ] ] ] } },
{ "type": "Feature", "properties": { }, "geometry": { "type": "Polygon", "coordinates": [ [ [ 6.458828977940184, 62.479729387183667 ], [ 6.460200381098042, 62.47996218277757 ], [ 6.459191179015018, 62.480384215561109 ], [ 6.458828977940184, 62.479729387183667 ] ] ] } },
{ "type": "Feature", "properties": { }, "geometry": { "type": "Polygon", "coordinates": [ [ [ 6.460200381098042, 62.47996218277757 ], [ 6.461048672122534, 62.48040568789645 ], [ 6.459816509245023, 62.480566028717249 ], [ 6.460200381098042, 62.47996218277757 ] ] ] } },
{ "type": "Feature", "properties": { }, "geometry": { "type": "Polygon", "coordinates": [ [ [ 6.459816509245023, 62.480566028717249 ], [ 6.461048672122534, 62.48040568789645 ], [ 6.460407441134185, 62.480918265196351 ], [ 6.459816509245023, 62.480566028717249 ] ] ] } },
{ "type": "Feature", "properties": { }, "geometry": { "type": "Polygon", "coordinates": [ [ [ 6.461048672122534, 62.48040568789645 ], [ 6.461616375798575, 62.481308303534455 ], [ 6.460407441134185, 62.480918265196351 ], [ 6.461048672122534, 62.48040568789645 ] ] ] } },
{ "type": "Feature", "properties": { }, "geometry": { "type": "Polygon", "coordinates": [ [ [ 6.461048672122534, 62.48040568789645 ], [ 6.462770594326472, 62.480639611651071 ], [ 6.461616375798575, 62.481308303534455 ], [ 6.461048672122534, 62.48040568789645 ] ] ] } },
{ "type": "Feature", "properties": { }, "geometry": { "type": "Polygon", "coordinates": [ [ [ 6.462770594326472, 62.480639611651071 ], [ 6.462872370372376, 62.481376102557 ], [ 6.461616375798575, 62.481308303534455 ], [ 6.462770594326472, 62.480639611651071 ] ] ] } },
{ "type": "Feature", "properties": { }, "geometry": { "type": "Polygon", "coordinates": [ [ [ 6.462872370372376, 62.481376102557 ], [ 6.463689094063067, 62.481242947144153 ], [ 6.463977326155687, 62.481620773436511 ], [ 6.462872370372376, 62.481376102557 ] ] ] } },
{ "type": "Feature", "properties": { }, "geometry": { "type": "Polygon", "coordinates": [ [ [ 6.462770594326472, 62.480639611651071 ], [ 6.463689094063067, 62.481242947144153 ], [ 6.462872370372376, 62.481376102557 ], [ 6.462770594326472, 62.480639611651071 ] ] ] } },
{ "type": "Feature", "properties": { }, "geometry": { "type": "Polygon", "coordinates": [ [ [ 6.463689094063067, 62.481242947144153 ], [ 6.464511519772495, 62.481368363852766 ], [ 6.463977326155687, 62.481620773436511 ], [ 6.463689094063067, 62.481242947144153 ] ] ] } },
{ "type": "Feature", "properties": { }, "geometry": { "type": "Polygon", "coordinates": [ [ [ 6.464511519772495, 62.481368363852766 ], [ 6.464668380229623, 62.481714104388075 ], [ 6.463977326155687, 62.481620773436511 ], [ 6.464511519772495, 62.481368363852766 ] ] ] } },
{ "type": "Feature", "properties": { }, "geometry": { "type": "Polygon", "coordinates": [ [ [ 6.464511519772495, 62.481368363852766 ], [ 6.465344140881562, 62.481753371403414 ], [ 6.464668380229623, 62.481714104388075 ], [ 6.464511519772495, 62.481368363852766 ] ] ] } },
{ "type": "Feature", "properties": { }, "geometry": { "type": "Polygon", "coordinates": [ [ [ 6.464511519772495, 62.481368363852766 ], [ 6.465156700841745, 62.481179457311669 ], [ 6.465344140881562, 62.481753371403414 ], [ 6.464511519772495, 62.481368363852766 ] ] ] } },
{ "type": "Feature", "properties": { }, "geometry": { "type": "Polygon", "coordinates": [ [ [ 6.465156700841745, 62.481179457311669 ], [ 6.466382998871363, 62.481259648543407 ], [ 6.465344140881562, 62.481753371403414 ], [ 6.465156700841745, 62.481179457311669 ] ] ] } },
{ "type": "Feature", "properties": { }, "geometry": { "type": "Polygon", "coordinates": [ [ [ 6.466382998871363, 62.481259648543407 ], [ 6.466894870243293, 62.481781466459857 ], [ 6.465344140881562, 62.481753371403414 ], [ 6.466382998871363, 62.481259648543407 ] ] ] } },
{ "type": "Feature", "properties": { }, "geometry": { "type": "Polygon", "coordinates": [ [ [ 6.466382998871363, 62.481259648543407 ], [ 6.467599880978091, 62.481366222277174 ], [ 6.466894870243293, 62.481781466459857 ], [ 6.466382998871363, 62.481259648543407 ] ] ] } },
{ "type": "Feature", "properties": { }, "geometry": { "type": "Polygon", "coordinates": [ [ [ 6.467599880978091, 62.481366222277174 ], [ 6.467467723828531, 62.481890721933254 ], [ 6.466894870243293, 62.481781466459857 ], [ 6.467599880978091, 62.481366222277174 ] ] ] } },
{ "type": "Feature", "properties": { }, "geometry": { "type": "Polygon", "coordinates": [ [ [ 6.467599880978091, 62.481366222277174 ], [ 6.468294998367647, 62.481977514721088 ], [ 6.467467723828531, 62.481890721933254 ], [ 6.467599880978091, 62.481366222277174 ] ] ] } },
{ "type": "Feature", "properties": { }, "geometry": { "type": "Polygon", "coordinates": [ [ [ 6.469052397068048, 62.481543891299246 ], [ 6.469235936814608, 62.482004449222551 ], [ 6.468294998367647, 62.481977514721088 ], [ 6.469052397068048, 62.481543891299246 ] ] ] } },
{ "type": "Feature", "properties": { }, "geometry": { "type": "Polygon", "coordinates": [ [ [ 6.467599880978091, 62.481366222277174 ], [ 6.469052397068048, 62.481543891299246 ], [ 6.468294998367647, 62.481977514721088 ], [ 6.467599880978091, 62.481366222277174 ] ] ] } },
{ "type": "Feature", "properties": { }, "geometry": { "type": "Polygon", "coordinates": [ [ [ 6.469052397068048, 62.481543891299246 ], [ 6.469982767110039, 62.481728316138948 ], [ 6.469235936814608, 62.482004449222551 ], [ 6.469052397068048, 62.481543891299246 ] ] ] } },
{ "type": "Feature", "properties": { }, "geometry": { "type": "Polygon", "coordinates": [ [ [ 6.469982767110039, 62.481728316138948 ], [ 6.469998910578248, 62.482026296138585 ], [ 6.469235936814608, 62.482004449222551 ], [ 6.469982767110039, 62.481728316138948 ] ] ] } },
{ "type": "Feature", "properties": { }, "geometry": { "type": "Polygon", "coordinates": [ [ [ 6.469982767110039, 62.481728316138948 ], [ 6.470333050352949, 62.481978475857588 ], [ 6.469998910578248, 62.482026296138585 ], [ 6.469982767110039, 62.481728316138948 ] ] ] } },
{ "type": "Feature", "properties": { }, "geometry": { "type": "Polygon", "coordinates": [ [ [ 6.469982767110039, 62.481728316138948 ], [ 6.470589020906028, 62.481534051609479 ], [ 6.470333050352949, 62.481978475857588 ], [ 6.469982767110039, 62.481728316138948 ] ] ] } },
{ "type": "Feature", "properties": { }, "geometry": { "type": "Polygon", "coordinates": [ [ [ 6.470589020906028, 62.481534051609479 ], [ 6.471106929837222, 62.481776952563244 ], [ 6.470333050352949, 62.481978475857588 ], [ 6.470589020906028, 62.481534051609479 ] ] ] } },
{ "type": "Feature", "properties": { }, "geometry": { "type": "Polygon", "coordinates": [ [ [ 6.470589020906028, 62.481534051609479 ], [ 6.471318876138422, 62.481582861704183 ], [ 6.471106929837222, 62.481776952563244 ], [ 6.470589020906028, 62.481534051609479 ] ] ] } },
{ "type": "Feature", "properties": { }, "geometry": { "type": "Polygon", "coordinates": [ [ [ 6.471318876138422, 62.481582861704183 ], [ 6.471357359038731, 62.48179959040678 ], [ 6.471106929837222, 62.481776952563244 ], [ 6.471318876138422, 62.481582861704183 ] ] ] } },
{ "type": "Feature", "properties": { }, "geometry": { "type": "Polygon", "coordinates": [ [ [ 6.471357359038731, 62.48179959040678 ], [ 6.472168466587205, 62.481659658610603 ], [ 6.471625376836822, 62.481984067415397 ], [ 6.471357359038731, 62.48179959040678 ] ] ] } },
{ "type": "Feature", "properties": { }, "geometry": { "type": "Polygon", "coordinates": [ [ [ 6.471318876138422, 62.481582861704183 ], [ 6.472168466587205, 62.481659658610603 ], [ 6.471357359038731, 62.48179959040678 ], [ 6.471318876138422, 62.481582861704183 ] ] ] } },
{ "type": "Feature", "properties": { }, "geometry": { "type": "Polygon", "coordinates": [ [ [ 6.471625376836822, 62.481984067415397 ], [ 6.472307513759077, 62.482073197492738 ], [ 6.471829486641813, 62.48218529222568 ], [ 6.471625376836822, 62.481984067415397 ] ] ] } },
{ "type": "Feature", "properties": { }, "geometry": { "type": "Polygon", "coordinates": [ [ [ 6.471829486641813, 62.48218529222568 ], [ 6.472307513759077, 62.482073197492738 ], [ 6.472226069763746, 62.48231827924559 ], [ 6.471829486641813, 62.48218529222568 ] ] ] } },
{ "type": "Feature", "properties": { }, "geometry": { "type": "Polygon", "coordinates": [ [ [ 6.472307513759077, 62.482073197492738 ], [ 6.472703504426508, 62.482407728730372 ], [ 6.472226069763746, 62.48231827924559 ], [ 6.472307513759077, 62.482073197492738 ] ] ] } },
{ "type": "Feature", "properties": { }, "geometry": { "type": "Polygon", "coordinates": [ [ [ 6.472307513759077, 62.482073197492738 ], [ 6.472802036180619, 62.481977644026315 ], [ 6.472703504426508, 62.482407728730372 ], [ 6.472307513759077, 62.482073197492738 ] ] ] } },
{ "type": "Feature", "properties": { }, "geometry": { "type": "Polygon", "coordinates": [ [ [ 6.472802036180619, 62.481977644026315 ], [ 6.47363302811496, 62.482433659211438 ], [ 6.472703504426508, 62.482407728730372 ], [ 6.472802036180619, 62.481977644026315 ] ] ] } },
{ "type": "Feature", "properties": { }, "geometry": { "type": "Polygon", "coordinates": [ [ [ 6.472802036180619, 62.481977644026315 ], [ 6.474270244741035, 62.482093705631236 ], [ 6.47363302811496, 62.482433659211438 ], [ 6.472802036180619, 62.481977644026315 ] ] ] } },
{ "type": "Feature", "properties": { }, "geometry": { "type": "Polygon", "coordinates": [ [ [ 6.474270244741035, 62.482093705631236 ], [ 6.474206163807343, 62.482542721786615 ], [ 6.47363302811496, 62.482433659211438 ], [ 6.474270244741035, 62.482093705631236 ] ] ] } },
{ "type": "Feature", "properties": { }, "geometry": { "type": "Polygon", "coordinates": [ [ [ 6.475117335156087, 62.48231478993219 ], [ 6.474597870020248, 62.482729422447427 ], [ 6.474206163807343, 62.482542721786615 ], [ 6.475117335156087, 62.48231478993219 ] ] ] } },
{ "type": "Feature", "properties": { }, "geometry": { "type": "Polygon", "coordinates": [ [ [ 6.474270244741035, 62.482093705631236 ], [ 6.475117335156087, 62.48231478993219 ], [ 6.474206163807343, 62.482542721786615 ], [ 6.474270244741035, 62.482093705631236 ] ] ] } },
{ "type": "Feature", "properties": { }, "geometry": { "type": "Polygon", "coordinates": [ [ [ 6.475117335156087, 62.48231478993219 ], [ 6.475368734761355, 62.482797253578383 ], [ 6.474597870020248, 62.482729422447427 ], [ 6.475117335156087, 62.48231478993219 ] ] ] } },
{ "type": "Feature", "properties": { }, "geometry": { "type": "Polygon", "coordinates": [ [ [ 6.475117335156087, 62.48231478993219 ], [ 6.476768084947906, 62.48238589379212 ], [ 6.475368734761355, 62.482797253578383 ], [ 6.475117335156087, 62.48231478993219 ] ] ] } },
{ "type": "Feature", "properties": { }, "geometry": { "type": "Polygon", "coordinates": [ [ [ 6.476768084947906, 62.48238589379212 ], [ 6.477519611541376, 62.48306963960146 ], [ 6.475368734761355, 62.482797253578383 ], [ 6.476768084947906, 62.48238589379212 ] ] ] } },
{ "type": "Feature", "properties": { }, "geometry": { "type": "Polygon", "coordinates": [ [ [ 6.476768084947906, 62.48238589379212 ], [ 6.478492288064074, 62.482516341875872 ], [ 6.477519611541376, 62.48306963960146 ], [ 6.476768084947906, 62.48238589379212 ] ] ] } },
{ "type": "Feature", "properties": { }, "geometry": { "type": "Polygon", "coordinates": [ [ [ 6.478492288064074, 62.482516341875872 ], [ 6.478768757606842, 62.483217989715264 ], [ 6.477519611541376, 62.48306963960146 ], [ 6.478492288064074, 62.482516341875872 ] ] ] } },
{ "type": "Feature", "properties": { }, "geometry": { "type": "Polygon", "coordinates": [ [ [ 6.478492288064074, 62.482516341875872 ], [ 6.47970206230972, 62.482958342697565 ], [ 6.478768757606842, 62.483217989715264 ], [ 6.478492288064074, 62.482516341875872 ] ] ] } },
{ "type": "Feature", "properties": { }, "geometry": { "type": "Polygon", "coordinates": [ [ [ 6.47970206230972, 62.482958342697565 ], [ 6.479199550481146, 62.483405362347526 ], [ 6.478768757606842, 62.483217989715264 ], [ 6.47970206230972, 62.482958342697565 ] ] ] } },
{ "type": "Feature", "properties": { }, "geometry": { "type": "Polygon", "coordinates": [ [ [ 6.47970206230972, 62.482958342697565 ], [ 6.480334258529802, 62.483357104492377 ], [ 6.479199550481146, 62.483405362347526 ], [ 6.47970206230972, 62.482958342697565 ] ] ] } },
{ "type": "Feature", "properties": { }, "geometry": { "type": "Polygon", "coordinates": [ [ [ 6.479199550481146, 62.483405362347526 ], [ 6.480334258529802, 62.483357104492377 ], [ 6.479979351827551, 62.483823585760511 ], [ 6.479199550481146, 62.483405362347526 ] ] ] } },
{ "type": "Feature", "properties": { }, "geometry": { "type": "Polygon", "coordinates": [ [ [ 6.480334258529802, 62.483357104492377 ], [ 6.480907458232965, 62.483774520506749 ], [ 6.479979351827551, 62.483823585760511 ], [ 6.480334258529802, 62.483357104492377 ] ] ] } },
{ "type": "Feature", "properties": { }, "geometry": { "type": "Polygon", "coordinates": [ [ [ 6.481980570536497, 62.48393707700076 ], [ 6.482106517049221, 62.48395983400664 ], [ 6.48206225286533, 62.483986928451486 ], [ 6.481980570536497, 62.48393707700076 ] ] ] } },
{ "type": "Feature", "properties": { }, "geometry": { "type": "Polygon", "coordinates": [ [ [ 6.482106517049221, 62.48395983400664 ], [ 6.482099377354515, 62.483993636375438 ], [ 6.48206225286533, 62.483986928451486 ], [ 6.482106517049221, 62.48395983400664 ] ] ] } },
{ "type": "Feature", "properties": { }, "geometry": { "type": "Polygon", "coordinates": [ [ [ 6.482106517049221, 62.48395983400664 ], [ 6.482232463756009, 62.483982590899757 ], [ 6.482099377354515, 62.483993636375438 ], [ 6.482106517049221, 62.48395983400664 ] ] ] } },
{ "type": "Feature", "properties": { }, "geometry": { "type": "Polygon", "coordinates": [ [ [ 6.482099377354515, 62.483993636375438 ], [ 6.482232463756009, 62.483982590899757 ], [ 6.482788804496321, 62.484116763096019 ], [ 6.482099377354515, 62.483993636375438 ] ] ] } },
{ "type": "Feature", "properties": { }, "geometry": { "type": "Polygon", "coordinates": [ [ [ 6.482232463756009, 62.483982590899757 ], [ 6.482631128711783, 62.483942728941003 ], [ 6.482788804496321, 62.484116763096019 ], [ 6.482232463756009, 62.483982590899757 ] ] ] } },
{ "type": "Feature", "properties": { }, "geometry": { "type": "Polygon", "coordinates": [ [ [ 6.482631128711783, 62.483942728941003 ], [ 6.483228074084386, 62.483929265751051 ], [ 6.482788804496321, 62.484116763096019 ], [ 6.482631128711783, 62.483942728941003 ] ] ] } },
{ "type": "Feature", "properties": { }, "geometry": { "type": "Polygon", "coordinates": [ [ [ 6.483228074084386, 62.483929265751051 ], [ 6.483702701909078, 62.484097308340701 ], [ 6.482788804496321, 62.484116763096019 ], [ 6.483228074084386, 62.483929265751051 ] ] ] } },
{ "type": "Feature", "properties": { }, "geometry": { "type": "Polygon", "coordinates": [ [ [ 6.483228074084386, 62.483929265751051 ], [ 6.483824577997779, 62.48379612308667 ], [ 6.483702701909078, 62.484097308340701 ], [ 6.483228074084386, 62.483929265751051 ] ] ] } },
{ "type": "Feature", "properties": { }, "geometry": { "type": "Polygon", "coordinates": [ [ [ 6.475417863839898, 62.472617888525953 ], [ 6.47543603700142, 62.472616861270069 ], [ 6.475429387182597, 62.472626609591266 ], [ 6.475417863839898, 62.472617888525953 ] ] ] } },
{ "type": "Feature", "properties": { }, "geometry": { "type": "Polygon", "coordinates": [ [ [ 6.475417863839898, 62.472617888525953 ], [ 6.475429387182597, 62.472626609591266 ], [ 6.475412711764411, 62.47263331293729 ], [ 6.475417863839898, 62.472617888525953 ] ] ] } },
{ "type": "Feature", "properties": { }, "geometry": { "type": "Polygon", "coordinates": [ [ [ 6.475399690677179, 62.472618915779464 ], [ 6.475417863839898, 62.472617888525953 ], [ 6.475412711764411, 62.47263331293729 ], [ 6.475399690677179, 62.472618915779464 ] ] ] } },
{ "type": "Feature", "properties": { }, "geometry": { "type": "Polygon", "coordinates": [ [ [ 6.475399690677179, 62.472618915779464 ], [ 6.475412711764411, 62.47263331293729 ], [ 6.475377605596793, 62.472631654580091 ], [ 6.475399690677179, 62.472618915779464 ] ] ] } },
{ "type": "Feature", "properties": { }, "geometry": { "type": "Polygon", "coordinates": [ [ [ 6.47536486299911, 62.472616423727217 ], [ 6.475399690677179, 62.472618915779464 ], [ 6.475377605596793, 62.472631654580091 ], [ 6.47536486299911, 62.472616423727217 ] ] ] } },
{ "type": "Feature", "properties": { }, "geometry": { "type": "Polygon", "coordinates": [ [ [ 6.47543603700142, 62.472616861270069 ], [ 6.475526188426754, 62.472622437813868 ], [ 6.475463634296877, 62.472626254068928 ], [ 6.47543603700142, 62.472616861270069 ] ] ] } },
{ "type": "Feature", "properties": { }, "geometry": { "type": "Polygon", "coordinates": [ [ [ 6.47543603700142, 62.472616861270069 ], [ 6.475463634296877, 62.472626254068928 ], [ 6.475429387182597, 62.472626609591266 ], [ 6.47543603700142, 62.472616861270069 ] ] ] } },
{ "type": "Feature", "properties": { }, "geometry": { "type": "Polygon", "coordinates": [ [ [ 6.510673587546368, 62.481223707718044 ], [ 6.510689155341342, 62.481249865434549 ], [ 6.510641160666868, 62.481246312851681 ], [ 6.510673587546368, 62.481223707718044 ] ] ] } },
{ "type": "Feature", "properties": { }, "geometry": { "type": "Polygon", "coordinates": [ [ [ 6.510630774139223, 62.481205169122042 ], [ 6.510641160666868, 62.481246312851681 ], [ 6.510593166004174, 62.481242760252371 ], [ 6.510630774139223, 62.481205169122042 ] ] ] } },
{ "type": "Feature", "properties": { }, "geometry": { "type": "Polygon", "coordinates": [ [ [ 6.510630774139223, 62.481205169122042 ], [ 6.510673587546368, 62.481223707718044 ], [ 6.510641160666868, 62.481246312851681 ], [ 6.510630774139223, 62.481205169122042 ] ] ] } },
{ "type": "Feature", "properties": { }, "geometry": { "type": "Polygon", "coordinates": [ [ [ 6.500046806124791, 62.483784343977668 ], [ 6.500019540877031, 62.483822344393786 ], [ 6.499980641468125, 62.483810152232337 ], [ 6.500046806124791, 62.483784343977668 ] ] ] } },
{ "type": "Feature", "properties": { }, "geometry": { "type": "Polygon", "coordinates": [ [ [ 6.500046806124791, 62.483784343977668 ], [ 6.500067922556675, 62.483808681157463 ], [ 6.500019540877031, 62.483822344393786 ], [ 6.500046806124791, 62.483784343977668 ] ] ] } },
{ "type": "Feature", "properties": { }, "geometry": { "type": "Polygon", "coordinates": [ [ [ 6.500067922556675, 62.483808681157463 ], [ 6.500058440317821, 62.483834536544499 ], [ 6.500019540877031, 62.483822344393786 ], [ 6.500067922556675, 62.483808681157463 ] ] ] } },
{ "type": "Feature", "properties": { }, "geometry": { "type": "Polygon", "coordinates": [ [ [ 6.47536486299911, 62.472616423727217 ], [ 6.475377605596793, 62.472631654580091 ], [ 6.475313010974697, 62.472634474035651 ], [ 6.47536486299911, 62.472616423727217 ] ] ] } },
{ "type": "Feature", "properties": { }, "geometry": { "type": "Polygon", "coordinates": [ [ [ 6.47536486299911, 62.472616423727217 ], [ 6.475313010974697, 62.472634474035651 ], [ 6.475194877305981, 62.472626122079021 ], [ 6.47536486299911, 62.472616423727217 ] ] ] } },
{ "type": "Feature", "properties": { }, "geometry": { "type": "Polygon", "coordinates": [ [ [ 6.475412711764411, 62.47263331293729 ], [ 6.475429387182597, 62.472626609591266 ], [ 6.475446724113479, 62.472643643166236 ], [ 6.475412711764411, 62.47263331293729 ] ] ] } },
{ "type": "Feature", "properties": { }, "geometry": { "type": "Polygon", "coordinates": [ [ [ 6.475412711764411, 62.47263331293729 ], [ 6.475446724113479, 62.472643643166236 ], [ 6.4753888069642, 62.472661287785336 ], [ 6.475412711764411, 62.47263331293729 ] ] ] } },
{ "type": "Feature", "properties": { }, "geometry": { "type": "Polygon", "coordinates": [ [ [ 6.475377605596793, 62.472631654580091 ], [ 6.475412711764411, 62.47263331293729 ], [ 6.4753888069642, 62.472661287785336 ], [ 6.475377605596793, 62.472631654580091 ] ] ] } },
{ "type": "Feature", "properties": { }, "geometry": { "type": "Polygon", "coordinates": [ [ [ 6.475429387182597, 62.472626609591266 ], [ 6.475463634296877, 62.472626254068928 ], [ 6.475446724113479, 62.472643643166236 ], [ 6.475429387182597, 62.472626609591266 ] ] ] } },
{ "type": "Feature", "properties": { }, "geometry": { "type": "Polygon", "coordinates": [ [ [ 6.475463634296877, 62.472626254068928 ], [ 6.475526188426754, 62.472622437813868 ], [ 6.475500627186402, 62.472644416275145 ], [ 6.475463634296877, 62.472626254068928 ] ] ] } },
{ "type": "Feature", "properties": { }, "geometry": { "type": "Polygon", "coordinates": [ [ [ 6.475463634296877, 62.472626254068928 ], [ 6.475500627186402, 62.472644416275145 ], [ 6.475446724113479, 62.472643643166236 ], [ 6.475463634296877, 62.472626254068928 ] ] ] } },
{ "type": "Feature", "properties": { }, "geometry": { "type": "Polygon", "coordinates": [ [ [ 6.475446724113479, 62.472643643166236 ], [ 6.475500627186402, 62.472644416275145 ], [ 6.475470714542246, 62.472688256279412 ], [ 6.475446724113479, 62.472643643166236 ] ] ] } },
{ "type": "Feature", "properties": { }, "geometry": { "type": "Polygon", "coordinates": [ [ [ 6.4753888069642, 62.472661287785336 ], [ 6.475446724113479, 62.472643643166236 ], [ 6.475470714542246, 62.472688256279412 ], [ 6.4753888069642, 62.472661287785336 ] ] ] } },
{ "type": "Feature", "properties": { }, "geometry": { "type": "Polygon", "coordinates": [ [ [ 6.510537285100516, 62.481207967744517 ], [ 6.510630774139223, 62.481205169122042 ], [ 6.510593166004174, 62.481242760252371 ], [ 6.510537285100516, 62.481207967744517 ] ] ] } },
{ "type": "Feature", "properties": { }, "geometry": { "type": "Polygon", "coordinates": [ [ [ 6.510537285100516, 62.481207967744517 ], [ 6.510593166004174, 62.481242760252371 ], [ 6.510500238228561, 62.48124778267492 ], [ 6.510537285100516, 62.481207967744517 ] ] ] } },
{ "type": "Feature", "properties": { }, "geometry": { "type": "Polygon", "coordinates": [ [ [ 6.510764369111547, 62.481226211085762 ], [ 6.510774059269151, 62.48126805105575 ], [ 6.510689155341342, 62.481249865434549 ], [ 6.510764369111547, 62.481226211085762 ] ] ] } },
{ "type": "Feature", "properties": { }, "geometry": { "type": "Polygon", "coordinates": [ [ [ 6.510673587546368, 62.481223707718044 ], [ 6.510764369111547, 62.481226211085762 ], [ 6.510689155341342, 62.481249865434549 ], [ 6.510673587546368, 62.481223707718044 ] ] ] } },
{ "type": "Feature", "properties": { }, "geometry": { "type": "Polygon", "coordinates": [ [ [ 6.499962444295264, 62.48376910686143 ], [ 6.500046806124791, 62.483784343977668 ], [ 6.499980641468125, 62.483810152232337 ], [ 6.499962444295264, 62.48376910686143 ] ] ] } },
{ "type": "Feature", "properties": { }, "geometry": { "type": "Polygon", "coordinates": [ [ [ 6.499822076182112, 62.483727669675886 ], [ 6.499962444295264, 62.48376910686143 ], [ 6.499980641468125, 62.483810152232337 ], [ 6.499822076182112, 62.483727669675886 ] ] ] } },
{ "type": "Feature", "properties": { }, "geometry": { "type": "Polygon", "coordinates": [ [ [ 6.500067922556675, 62.483808681157463 ], [ 6.500145226999734, 62.483828049712585 ], [ 6.500058440317821, 62.483834536544499 ], [ 6.500067922556675, 62.483808681157463 ] ] ] } },
{ "type": "Feature", "properties": { }, "geometry": { "type": "Polygon", "coordinates": [ [ [ 6.563062010356009, 62.482259052336502 ], [ 6.563139295047801, 62.482294705633088 ], [ 6.562964051685513, 62.482340269183979 ], [ 6.563062010356009, 62.482259052336502 ] ] ] } },
{ "type": "Feature", "properties": { }, "geometry": { "type": "Polygon", "coordinates": [ [ [ 6.562858233443804, 62.4822564237599 ], [ 6.563062010356009, 62.482259052336502 ], [ 6.562964051685513, 62.482340269183979 ], [ 6.562858233443804, 62.4822564237599 ] ] ] } },
{ "type": "Feature", "properties": { }, "geometry": { "type": "Polygon", "coordinates": [ [ [ 6.475313010974697, 62.472634474035651 ], [ 6.475377605596793, 62.472631654580091 ], [ 6.4753888069642, 62.472661287785336 ], [ 6.475313010974697, 62.472634474035651 ] ] ] } },
{ "type": "Feature", "properties": { }, "geometry": { "type": "Polygon", "coordinates": [ [ [ 6.4753888069642, 62.472661287785336 ], [ 6.475470714542246, 62.472688256279412 ], [ 6.475366989445204, 62.472715611844876 ], [ 6.4753888069642, 62.472661287785336 ] ] ] } },
{ "type": "Feature", "properties": { }, "geometry": { "type": "Polygon", "coordinates": [ [ [ 6.4753888069642, 62.472661287785336 ], [ 6.475366989445204, 62.472715611844876 ], [ 6.47524820876706, 62.472710070191148 ], [ 6.4753888069642, 62.472661287785336 ] ] ] } },
{ "type": "Feature", "properties": { }, "geometry": { "type": "Polygon", "coordinates": [ [ [ 6.475313010974697, 62.472634474035651 ], [ 6.4753888069642, 62.472661287785336 ], [ 6.47524820876706, 62.472710070191148 ], [ 6.475313010974697, 62.472634474035651 ] ] ] } },
{ "type": "Feature", "properties": { }, "geometry": { "type": "Polygon", "coordinates": [ [ [ 6.475526188426754, 62.472622437813868 ], [ 6.475821288105559, 62.472659640140598 ], [ 6.475597588049489, 62.472654399591242 ], [ 6.475526188426754, 62.472622437813868 ] ] ] } },
{ "type": "Feature", "properties": { }, "geometry": { "type": "Polygon", "coordinates": [ [ [ 6.475526188426754, 62.472622437813868 ], [ 6.475597588049489, 62.472654399591242 ], [ 6.475500627186402, 62.472644416275145 ], [ 6.475526188426754, 62.472622437813868 ] ] ] } },
{ "type": "Feature", "properties": { }, "geometry": { "type": "Polygon", "coordinates": [ [ [ 6.475194877305981, 62.472626122079021 ], [ 6.475313010974697, 62.472634474035651 ], [ 6.47524820876706, 62.472710070191148 ], [ 6.475194877305981, 62.472626122079021 ] ] ] } },
{ "type": "Feature", "properties": { }, "geometry": { "type": "Polygon", "coordinates": [ [ [ 6.415059761183934, 62.476262083478829 ], [ 6.415236768406234, 62.47627299151128 ], [ 6.415007217871833, 62.476341063730345 ], [ 6.415059761183934, 62.476262083478829 ] ] ] } },
{ "type": "Feature", "properties": { }, "geometry": { "type": "Polygon", "coordinates": [ [ [ 6.415236768406234, 62.47627299151128 ], [ 6.415117911189632, 62.47638654077825 ], [ 6.415007217871833, 62.476341063730345 ], [ 6.415236768406234, 62.47627299151128 ] ] ] } },
{ "type": "Feature", "properties": { }, "geometry": { "type": "Polygon", "coordinates": [ [ [ 6.414896524891349, 62.476295586596024 ], [ 6.415059761183934, 62.476262083478829 ], [ 6.415007217871833, 62.476341063730345 ], [ 6.414896524891349, 62.476295586596024 ] ] ] } },
{ "type": "Feature", "properties": { }, "geometry": { "type": "Polygon", "coordinates": [ [ [ 6.482097546260749, 62.483884480135906 ], [ 6.482106517049221, 62.48395983400664 ], [ 6.481980570536497, 62.48393707700076 ], [ 6.482097546260749, 62.483884480135906 ] ] ] } },
{ "type": "Feature", "properties": { }, "geometry": { "type": "Polygon", "coordinates": [ [ [ 6.482097546260749, 62.483884480135906 ], [ 6.482256684944072, 62.483867914616404 ], [ 6.482106517049221, 62.48395983400664 ], [ 6.482097546260749, 62.483884480135906 ] ] ] } },
{ "type": "Feature", "properties": { }, "geometry": { "type": "Polygon", "coordinates": [ [ [ 6.482256684944072, 62.483867914616404 ], [ 6.482232463756009, 62.483982590899757 ], [ 6.482106517049221, 62.48395983400664 ], [ 6.482256684944072, 62.483867914616404 ] ] ] } },
{ "type": "Feature", "properties": { }, "geometry": { "type": "Polygon", "coordinates": [ [ [ 6.475500627186402, 62.472644416275145 ], [ 6.475597588049489, 62.472654399591242 ], [ 6.475470714542246, 62.472688256279412 ], [ 6.475500627186402, 62.472644416275145 ] ] ] } },
{ "type": "Feature", "properties": { }, "geometry": { "type": "Polygon", "coordinates": [ [ [ 6.510573307495481, 62.481129884330436 ], [ 6.510723206298802, 62.481179320840653 ], [ 6.510630774139223, 62.481205169122042 ], [ 6.510573307495481, 62.481129884330436 ] ] ] } },
{ "type": "Feature", "properties": { }, "geometry": { "type": "Polygon", "coordinates": [ [ [ 6.510723206298802, 62.481179320840653 ], [ 6.510673587546368, 62.481223707718044 ], [ 6.510630774139223, 62.481205169122042 ], [ 6.510723206298802, 62.481179320840653 ] ] ] } },
{ "type": "Feature", "properties": { }, "geometry": { "type": "Polygon", "coordinates": [ [ [ 6.510573307495481, 62.481129884330436 ], [ 6.510630774139223, 62.481205169122042 ], [ 6.510537285100516, 62.481207967744517 ], [ 6.510573307495481, 62.481129884330436 ] ] ] } },
{ "type": "Feature", "properties": { }, "geometry": { "type": "Polygon", "coordinates": [ [ [ 6.510072649106101, 62.481215909521445 ], [ 6.510366516467448, 62.481197546267474 ], [ 6.510500238228561, 62.48124778267492 ], [ 6.510072649106101, 62.481215909521445 ] ] ] } },
{ "type": "Feature", "properties": { }, "geometry": { "type": "Polygon", "coordinates": [ [ [ 6.510366516467448, 62.481197546267474 ], [ 6.510537285100516, 62.481207967744517 ], [ 6.510500238228561, 62.48124778267492 ], [ 6.510366516467448, 62.481197546267474 ] ] ] } },
{ "type": "Feature", "properties": { }, "geometry": { "type": "Polygon", "coordinates": [ [ [ 6.510764369111547, 62.481226211085762 ], [ 6.510929512692548, 62.481239182666044 ], [ 6.510774059269151, 62.48126805105575 ], [ 6.510764369111547, 62.481226211085762 ] ] ] } },
{ "type": "Feature", "properties": { }, "geometry": { "type": "Polygon", "coordinates": [ [ [ 6.510929512692548, 62.481239182666044 ], [ 6.511217554413441, 62.481300877608923 ], [ 6.510774059269151, 62.48126805105575 ], [ 6.510929512692548, 62.481239182666044 ] ] ] } },
{ "type": "Feature", "properties": { }, "geometry": { "type": "Polygon", "coordinates": [ [ [ 6.500046806124791, 62.483784343977668 ], [ 6.500150613602091, 62.483779193352319 ], [ 6.500067922556675, 62.483808681157463 ], [ 6.500046806124791, 62.483784343977668 ] ] ] } },
{ "type": "Feature", "properties": { }, "geometry": { "type": "Polygon", "coordinates": [ [ [ 6.500063006920182, 62.483707533844495 ], [ 6.500046806124791, 62.483784343977668 ], [ 6.499962444295264, 62.48376910686143 ], [ 6.500063006920182, 62.483707533844495 ] ] ] } },
{ "type": "Feature", "properties": { }, "geometry": { "type": "Polygon", "coordinates": [ [ [ 6.500063006920182, 62.483707533844495 ], [ 6.500150613602091, 62.483779193352319 ], [ 6.500046806124791, 62.483784343977668 ], [ 6.500063006920182, 62.483707533844495 ] ] ] } },
{ "type": "Feature", "properties": { }, "geometry": { "type": "Polygon", "coordinates": [ [ [ 6.475597588049489, 62.472654399591242 ], [ 6.475601809266758, 62.472725640524409 ], [ 6.475470714542246, 62.472688256279412 ], [ 6.475597588049489, 62.472654399591242 ] ] ] } },
{ "type": "Feature", "properties": { }, "geometry": { "type": "Polygon", "coordinates": [ [ [ 6.475470714542246, 62.472688256279412 ], [ 6.475601809266758, 62.472725640524409 ], [ 6.475523627696298, 62.472787038549441 ], [ 6.475470714542246, 62.472688256279412 ] ] ] } },
{ "type": "Feature", "properties": { }, "geometry": { "type": "Polygon", "coordinates": [ [ [ 6.475366989445204, 62.472715611844876 ], [ 6.475470714542246, 62.472688256279412 ], [ 6.475523627696298, 62.472787038549441 ], [ 6.475366989445204, 62.472715611844876 ] ] ] } },
{ "type": "Feature", "properties": { }, "geometry": { "type": "Polygon", "coordinates": [ [ [ 6.510723206298802, 62.481179320840653 ], [ 6.510764369111547, 62.481226211085762 ], [ 6.510673587546368, 62.481223707718044 ], [ 6.510723206298802, 62.481179320840653 ] ] ] } },
{ "type": "Feature", "properties": { }, "geometry": { "type": "Polygon", "coordinates": [ [ [ 6.500150613602091, 62.483779193352319 ], [ 6.500145226999734, 62.483828049712585 ], [ 6.500067922556675, 62.483808681157463 ], [ 6.500150613602091, 62.483779193352319 ] ] ] } },
{ "type": "Feature", "properties": { }, "geometry": { "type": "Polygon", "coordinates": [ [ [ 6.475597588049489, 62.472654399591242 ], [ 6.475821288105559, 62.472659640140598 ], [ 6.475601809266758, 62.472725640524409 ], [ 6.475597588049489, 62.472654399591242 ] ] ] } },
{ "type": "Feature", "properties": { }, "geometry": { "type": "Polygon", "coordinates": [ [ [ 6.563139295047801, 62.482294705633088 ], [ 6.563137113483614, 62.48238783660652 ], [ 6.562964051685513, 62.482340269183979 ], [ 6.563139295047801, 62.482294705633088 ] ] ] } },
{ "type": "Feature", "properties": { }, "geometry": { "type": "Polygon", "coordinates": [ [ [ 6.475194877305981, 62.472626122079021 ], [ 6.47524820876706, 62.472710070191148 ], [ 6.474902777337046, 62.472711476779693 ], [ 6.475194877305981, 62.472626122079021 ] ] ] } },
{ "type": "Feature", "properties": { }, "geometry": { "type": "Polygon", "coordinates": [ [ [ 6.510723206298802, 62.481179320840653 ], [ 6.510866374729275, 62.48117972632798 ], [ 6.510764369111547, 62.481226211085762 ], [ 6.510723206298802, 62.481179320840653 ] ] ] } },
{ "type": "Feature", "properties": { }, "geometry": { "type": "Polygon", "coordinates": [ [ [ 6.510866374729275, 62.48117972632798 ], [ 6.510929512692548, 62.481239182666044 ], [ 6.510764369111547, 62.481226211085762 ], [ 6.510866374729275, 62.48117972632798 ] ] ] } },
{ "type": "Feature", "properties": { }, "geometry": { "type": "Polygon", "coordinates": [ [ [ 6.500150613602091, 62.483779193352319 ], [ 6.500275658710543, 62.483806636190948 ], [ 6.500145226999734, 62.483828049712585 ], [ 6.500150613602091, 62.483779193352319 ] ] ] } },
{ "type": "Feature", "properties": { }, "geometry": { "type": "Polygon", "coordinates": [ [ [ 6.500275658710543, 62.483806636190948 ], [ 6.500461279565738, 62.483836948408005 ], [ 6.500145226999734, 62.483828049712585 ], [ 6.500275658710543, 62.483806636190948 ] ] ] } },
{ "type": "Feature", "properties": { }, "geometry": { "type": "Polygon", "coordinates": [ [ [ 6.510796344013572, 62.48106209000953 ], [ 6.510723206298802, 62.481179320840653 ], [ 6.510573307495481, 62.481129884330436 ], [ 6.510796344013572, 62.48106209000953 ] ] ] } },
{ "type": "Feature", "properties": { }, "geometry": { "type": "Polygon", "coordinates": [ [ [ 6.510796344013572, 62.48106209000953 ], [ 6.510866374729275, 62.48117972632798 ], [ 6.510723206298802, 62.481179320840653 ], [ 6.510796344013572, 62.48106209000953 ] ] ] } },
{ "type": "Feature", "properties": { }, "geometry": { "type": "Polygon", "coordinates": [ [ [ 6.500063006920182, 62.483707533844495 ], [ 6.500318284582161, 62.483690355772268 ], [ 6.500150613602091, 62.483779193352319 ], [ 6.500063006920182, 62.483707533844495 ] ] ] } },
{ "type": "Feature", "properties": { }, "geometry": { "type": "Polygon", "coordinates": [ [ [ 6.500318284582161, 62.483690355772268 ], [ 6.500275658710543, 62.483806636190948 ], [ 6.500150613602091, 62.483779193352319 ], [ 6.500318284582161, 62.483690355772268 ] ] ] } },
{ "type": "Feature", "properties": { }, "geometry": { "type": "Polygon", "coordinates": [ [ [ 6.45008169284566, 62.477854747457535 ], [ 6.450018633117895, 62.478065254346184 ], [ 6.449790226015494, 62.478018981065695 ], [ 6.45008169284566, 62.477854747457535 ] ] ] } },
{ "type": "Feature", "properties": { }, "geometry": { "type": "Polygon", "coordinates": [ [ [ 6.45008169284566, 62.477854747457535 ], [ 6.450242620981364, 62.477972346684048 ], [ 6.450018633117895, 62.478065254346184 ], [ 6.45008169284566, 62.477854747457535 ] ] ] } },
{ "type": "Feature", "properties": { }, "geometry": { "type": "Polygon", "coordinates": [ [ [ 6.450242620981364, 62.477972346684048 ], [ 6.450247040934626, 62.478111527256075 ], [ 6.450018633117895, 62.478065254346184 ], [ 6.450242620981364, 62.477972346684048 ] ] ] } },
{ "type": "Feature", "properties": { }, "geometry": { "type": "Polygon", "coordinates": [ [ [ 6.482256684944072, 62.483867914616404 ], [ 6.482631128711783, 62.483942728941003 ], [ 6.482232463756009, 62.483982590899757 ], [ 6.482256684944072, 62.483867914616404 ] ] ] } },
{ "type": "Feature", "properties": { }, "geometry": { "type": "Polygon", "coordinates": [ [ [ 6.480907458232965, 62.483774520506749 ], [ 6.481837530378217, 62.483814838160313 ], [ 6.481980570536497, 62.48393707700076 ], [ 6.480907458232965, 62.483774520506749 ] ] ] } },
{ "type": "Feature", "properties": { }, "geometry": { "type": "Polygon", "coordinates": [ [ [ 6.481837530378217, 62.483814838160313 ], [ 6.482097546260749, 62.483884480135906 ], [ 6.481980570536497, 62.48393707700076 ], [ 6.481837530378217, 62.483814838160313 ] ] ] } },
{ "type": "Feature", "properties": { }, "geometry": { "type": "Polygon", "coordinates": [ [ [ 6.410885962579684, 62.474018987833688 ], [ 6.410745786867311, 62.474218352077294 ], [ 6.410541356671605, 62.474155069584647 ], [ 6.410885962579684, 62.474018987833688 ] ] ] } },
{ "type": "Feature", "properties": { }, "geometry": { "type": "Polygon", "coordinates": [ [ [ 6.410885962579684, 62.474018987833688 ], [ 6.411030205273389, 62.474150948991237 ], [ 6.410745786867311, 62.474218352077294 ], [ 6.410885962579684, 62.474018987833688 ] ] ] } },
{ "type": "Feature", "properties": { }, "geometry": { "type": "Polygon", "coordinates": [ [ [ 6.410745786867311, 62.474218352077294 ], [ 6.411030205273389, 62.474150948991237 ], [ 6.410975446171719, 62.474296647502598 ], [ 6.410745786867311, 62.474218352077294 ] ] ] } },
{ "type": "Feature", "properties": { }, "geometry": { "type": "Polygon", "coordinates": [ [ [ 6.415236768406234, 62.47627299151128 ], [ 6.415418965521291, 62.476383932697374 ], [ 6.415117911189632, 62.47638654077825 ], [ 6.415236768406234, 62.47627299151128 ] ] ] } },
{ "type": "Feature", "properties": { }, "geometry": { "type": "Polygon", "coordinates": [ [ [ 6.414871654395833, 62.476167716252583 ], [ 6.415059761183934, 62.476262083478829 ], [ 6.414896524891349, 62.476295586596024 ], [ 6.414871654395833, 62.476167716252583 ] ] ] } },
{ "type": "Feature", "properties": { }, "geometry": { "type": "Polygon", "coordinates": [ [ [ 6.510573307495481, 62.481129884330436 ], [ 6.510537285100516, 62.481207967744517 ], [ 6.510366516467448, 62.481197546267474 ], [ 6.510573307495481, 62.481129884330436 ] ] ] } },
{ "type": "Feature", "properties": { }, "geometry": { "type": "Polygon", "coordinates": [ [ [ 6.499822076182112, 62.483727669675886 ], [ 6.500063006920182, 62.483707533844495 ], [ 6.499962444295264, 62.48376910686143 ], [ 6.499822076182112, 62.483727669675886 ] ] ] } },
{ "type": "Feature", "properties": { }, "geometry": { "type": "Polygon", "coordinates": [ [ [ 6.510866374729275, 62.48117972632798 ], [ 6.511125733902648, 62.481157665588192 ], [ 6.510929512692548, 62.481239182666044 ], [ 6.510866374729275, 62.48117972632798 ] ] ] } },
{ "type": "Feature", "properties": { }, "geometry": { "type": "Polygon", "coordinates": [ [ [ 6.511125733902648, 62.481157665588192 ], [ 6.511217554413441, 62.481300877608923 ], [ 6.510929512692548, 62.481239182666044 ], [ 6.511125733902648, 62.481157665588192 ] ] ] } },
{ "type": "Feature", "properties": { }, "geometry": { "type": "Polygon", "coordinates": [ [ [ 6.499765948279237, 62.483551788542584 ], [ 6.500063006920182, 62.483707533844495 ], [ 6.499822076182112, 62.483727669675886 ], [ 6.499765948279237, 62.483551788542584 ] ] ] } },
{ "type": "Feature", "properties": { }, "geometry": { "type": "Polygon", "coordinates": [ [ [ 6.499765948279237, 62.483551788542584 ], [ 6.500139929453253, 62.483537612000767 ], [ 6.500063006920182, 62.483707533844495 ], [ 6.499765948279237, 62.483551788542584 ] ] ] } },
{ "type": "Feature", "properties": { }, "geometry": { "type": "Polygon", "coordinates": [ [ [ 6.500139929453253, 62.483537612000767 ], [ 6.500318284582161, 62.483690355772268 ], [ 6.500063006920182, 62.483707533844495 ], [ 6.500139929453253, 62.483537612000767 ] ] ] } },
{ "type": "Feature", "properties": { }, "geometry": { "type": "Polygon", "coordinates": [ [ [ 6.562964051685513, 62.482340269183979 ], [ 6.563137113483614, 62.48238783660652 ], [ 6.562868333071909, 62.48250600070979 ], [ 6.562964051685513, 62.482340269183979 ] ] ] } },
{ "type": "Feature", "properties": { }, "geometry": { "type": "Polygon", "coordinates": [ [ [ 6.562589899117901, 62.482385140026018 ], [ 6.562964051685513, 62.482340269183979 ], [ 6.562868333071909, 62.48250600070979 ], [ 6.562589899117901, 62.482385140026018 ] ] ] } },
{ "type": "Feature", "properties": { }, "geometry": { "type": "Polygon", "coordinates": [ [ [ 6.562858233443804, 62.4822564237599 ], [ 6.562964051685513, 62.482340269183979 ], [ 6.562589899117901, 62.482385140026018 ], [ 6.562858233443804, 62.4822564237599 ] ] ] } },
{ "type": "Feature", "properties": { }, "geometry": { "type": "Polygon", "coordinates": [ [ [ 6.47524820876706, 62.472710070191148 ], [ 6.475366989445204, 62.472715611844876 ], [ 6.475286373763426, 62.472810298332938 ], [ 6.47524820876706, 62.472710070191148 ] ] ] } },
{ "type": "Feature", "properties": { }, "geometry": { "type": "Polygon", "coordinates": [ [ [ 6.47524820876706, 62.472710070191148 ], [ 6.475286373763426, 62.472810298332938 ], [ 6.475076727753925, 62.472775728337211 ], [ 6.47524820876706, 62.472710070191148 ] ] ] } },
{ "type": "Feature", "properties": { }, "geometry": { "type": "Polygon", "coordinates": [ [ [ 6.474902777337046, 62.472711476779693 ], [ 6.47524820876706, 62.472710070191148 ], [ 6.475076727753925, 62.472775728337211 ], [ 6.474902777337046, 62.472711476779693 ] ] ] } },
{ "type": "Feature", "properties": { }, "geometry": { "type": "Polygon", "coordinates": [ [ [ 6.510526985429031, 62.480984810660175 ], [ 6.510796344013572, 62.48106209000953 ], [ 6.510573307495481, 62.481129884330436 ], [ 6.510526985429031, 62.480984810660175 ] ] ] } },
{ "type": "Feature", "properties": { }, "geometry": { "type": "Polygon", "coordinates": [ [ [ 6.510210685851208, 62.480994095123485 ], [ 6.510573307495481, 62.481129884330436 ], [ 6.510366516467448, 62.481197546267474 ], [ 6.510210685851208, 62.480994095123485 ] ] ] } },
{ "type": "Feature", "properties": { }, "geometry": { "type": "Polygon", "coordinates": [ [ [ 6.510210685851208, 62.480994095123485 ], [ 6.510526985429031, 62.480984810660175 ], [ 6.510573307495481, 62.481129884330436 ], [ 6.510210685851208, 62.480994095123485 ] ] ] } },
{ "type": "Feature", "properties": { }, "geometry": { "type": "Polygon", "coordinates": [ [ [ 6.510796344013572, 62.48106209000953 ], [ 6.511125733902648, 62.481157665588192 ], [ 6.510866374729275, 62.48117972632798 ], [ 6.510796344013572, 62.48106209000953 ] ] ] } },
{ "type": "Feature", "properties": { }, "geometry": { "type": "Polygon", "coordinates": [ [ [ 6.500318284582161, 62.483690355772268 ], [ 6.500461279565738, 62.483836948408005 ], [ 6.500275658710543, 62.483806636190948 ], [ 6.500318284582161, 62.483690355772268 ] ] ] } },
{ "type": "Feature", "properties": { }, "geometry": { "type": "Polygon", "coordinates": [ [ [ 6.475366989445204, 62.472715611844876 ], [ 6.475523627696298, 62.472787038549441 ], [ 6.475286373763426, 62.472810298332938 ], [ 6.475366989445204, 62.472715611844876 ] ] ] } },
{ "type": "Feature", "properties": { }, "geometry": { "type": "Polygon", "coordinates": [ [ [ 6.510210685851208, 62.480994095123485 ], [ 6.510366516467448, 62.481197546267474 ], [ 6.510072649106101, 62.481215909521445 ], [ 6.510210685851208, 62.480994095123485 ] ] ] } },
{ "type": "Feature", "properties": { }, "geometry": { "type": "Polygon", "coordinates": [ [ [ 6.455027672711672, 62.470421252503606 ], [ 6.455408349805743, 62.470397606760052 ], [ 6.455468487101582, 62.470675224235215 ], [ 6.455027672711672, 62.470421252503606 ] ] ] } },
{ "type": "Feature", "properties": { }, "geometry": { "type": "Polygon", "coordinates": [ [ [ 6.455270370354491, 62.470283457765589 ], [ 6.455408349805743, 62.470397606760052 ], [ 6.455027672711672, 62.470421252503606 ], [ 6.455270370354491, 62.470283457765589 ] ] ] } },
{ "type": "Feature", "properties": { }, "geometry": { "type": "Polygon", "coordinates": [ [ [ 6.524744233210968, 62.481289520417079 ], [ 6.524695347865888, 62.481463396349739 ], [ 6.524506192310073, 62.481425950676943 ], [ 6.524744233210968, 62.481289520417079 ] ] ] } },
{ "type": "Feature", "properties": { }, "geometry": { "type": "Polygon", "coordinates": [ [ [ 6.524506192310073, 62.481425950676943 ], [ 6.524695347865888, 62.481463396349739 ], [ 6.524604046869971, 62.481509690214757 ], [ 6.524506192310073, 62.481425950676943 ] ] ] } },
{ "type": "Feature", "properties": { }, "geometry": { "type": "Polygon", "coordinates": [ [ [ 6.524264899196708, 62.481451689862773 ], [ 6.524464948259461, 62.481519214611524 ], [ 6.524353234585931, 62.481558726592652 ], [ 6.524264899196708, 62.481451689862773 ] ] ] } },
{ "type": "Feature", "properties": { }, "geometry": { "type": "Polygon", "coordinates": [ [ [ 6.524353234585931, 62.481558726592652 ], [ 6.52437834442639, 62.481676217695771 ], [ 6.524100501737359, 62.481629610002052 ], [ 6.524353234585931, 62.481558726592652 ] ] ] } },
{ "type": "Feature", "properties": { }, "geometry": { "type": "Polygon", "coordinates": [ [ [ 6.524264899196708, 62.481451689862773 ], [ 6.524353234585931, 62.481558726592652 ], [ 6.524100501737359, 62.481629610002052 ], [ 6.524264899196708, 62.481451689862773 ] ] ] } },
{ "type": "Feature", "properties": { }, "geometry": { "type": "Polygon", "coordinates": [ [ [ 6.521069933094728, 62.481471090822289 ], [ 6.520944809635202, 62.481605040444087 ], [ 6.520811978914423, 62.481555046725155 ], [ 6.521069933094728, 62.481471090822289 ] ] ] } },
{ "type": "Feature", "properties": { }, "geometry": { "type": "Polygon", "coordinates": [ [ [ 6.520711288865079, 62.48136199426262 ], [ 6.520811978914423, 62.481555046725155 ], [ 6.520485740106148, 62.481530957234263 ], [ 6.520711288865079, 62.48136199426262 ] ] ] } },
{ "type": "Feature", "properties": { }, "geometry": { "type": "Polygon", "coordinates": [ [ [ 6.520711288865079, 62.48136199426262 ], [ 6.521069933094728, 62.481471090822289 ], [ 6.520811978914423, 62.481555046725155 ], [ 6.520711288865079, 62.48136199426262 ] ] ] } },
{ "type": "Feature", "properties": { }, "geometry": { "type": "Polygon", "coordinates": [ [ [ 6.524440695586248, 62.481758771616747 ], [ 6.524619264700249, 62.481805785151202 ], [ 6.524393169818931, 62.481893525960402 ], [ 6.524440695586248, 62.481758771616747 ] ] ] } },
{ "type": "Feature", "properties": { }, "geometry": { "type": "Polygon", "coordinates": [ [ [ 6.524107586072202, 62.481766315721174 ], [ 6.524440695586248, 62.481758771616747 ], [ 6.524393169818931, 62.481893525960402 ], [ 6.524107586072202, 62.481766315721174 ] ] ] } },
{ "type": "Feature", "properties": { }, "geometry": { "type": "Polygon", "coordinates": [ [ [ 6.52437834442639, 62.481676217695771 ], [ 6.524440695586248, 62.481758771616747 ], [ 6.524107586072202, 62.481766315721174 ], [ 6.52437834442639, 62.481676217695771 ] ] ] } },
{ "type": "Feature", "properties": { }, "geometry": { "type": "Polygon", "coordinates": [ [ [ 6.524979687377479, 62.481839788359636 ], [ 6.525116303177068, 62.481852151848756 ], [ 6.525020848432856, 62.481910189547207 ], [ 6.524979687377479, 62.481839788359636 ] ] ] } },
{ "type": "Feature", "properties": { }, "geometry": { "type": "Polygon", "coordinates": [ [ [ 6.524979687377479, 62.481839788359636 ], [ 6.525020848432856, 62.481910189547207 ], [ 6.524875015240157, 62.481947059854306 ], [ 6.524979687377479, 62.481839788359636 ] ] ] } },
{ "type": "Feature", "properties": { }, "geometry": { "type": "Polygon", "coordinates": [ [ [ 6.524619264700249, 62.481805785151202 ], [ 6.524979687377479, 62.481839788359636 ], [ 6.524875015240157, 62.481947059854306 ], [ 6.524619264700249, 62.481805785151202 ] ] ] } },
{ "type": "Feature", "properties": { }, "geometry": { "type": "Polygon", "coordinates": [ [ [ 6.521119001884875, 62.481650556707237 ], [ 6.521505813655409, 62.481611344982696 ], [ 6.521220293289589, 62.481738299291983 ], [ 6.521119001884875, 62.481650556707237 ] ] ] } },
{ "type": "Feature", "properties": { }, "geometry": { "type": "Polygon", "coordinates": [ [ [ 6.521505813655409, 62.481611344982696 ], [ 6.521815594272267, 62.481742185485636 ], [ 6.521220293289589, 62.481738299291983 ], [ 6.521505813655409, 62.481611344982696 ] ] ] } },
{ "type": "Feature", "properties": { }, "geometry": { "type": "Polygon", "coordinates": [ [ [ 6.521220293289589, 62.481738299291983 ], [ 6.521815594272267, 62.481742185485636 ], [ 6.521541946211486, 62.481889265518426 ], [ 6.521220293289589, 62.481738299291983 ] ] ] } },
{ "type": "Feature", "properties": { }, "geometry": { "type": "Polygon", "coordinates": [ [ [ 6.521815594272267, 62.481742185485636 ], [ 6.522567013329996, 62.481777857844449 ], [ 6.522192823829477, 62.481888355431138 ], [ 6.521815594272267, 62.481742185485636 ] ] ] } },
{ "type": "Feature", "properties": { }, "geometry": { "type": "Polygon", "coordinates": [ [ [ 6.521815594272267, 62.481742185485636 ], [ 6.522192823829477, 62.481888355431138 ], [ 6.521875350485024, 62.481934278101882 ], [ 6.521815594272267, 62.481742185485636 ] ] ] } },
{ "type": "Feature", "properties": { }, "geometry": { "type": "Polygon", "coordinates": [ [ [ 6.521815594272267, 62.481742185485636 ], [ 6.521875350485024, 62.481934278101882 ], [ 6.521541946211486, 62.481889265518426 ], [ 6.521815594272267, 62.481742185485636 ] ] ] } },
{ "type": "Feature", "properties": { }, "geometry": { "type": "Polygon", "coordinates": [ [ [ 6.523766424245292, 62.48174651899626 ], [ 6.523910803607432, 62.481890904301537 ], [ 6.523671221976159, 62.481899389749515 ], [ 6.523766424245292, 62.48174651899626 ] ] ] } },
{ "type": "Feature", "properties": { }, "geometry": { "type": "Polygon", "coordinates": [ [ [ 6.523671221976159, 62.481899389749515 ], [ 6.523910803607432, 62.481890904301537 ], [ 6.523716114673401, 62.481956063612984 ], [ 6.523671221976159, 62.481899389749515 ] ] ] } },
{ "type": "Feature", "properties": { }, "geometry": { "type": "Polygon", "coordinates": [ [ [ 6.523766424245292, 62.48174651899626 ], [ 6.523671221976159, 62.481899389749515 ], [ 6.523442803724638, 62.481881939880473 ], [ 6.523766424245292, 62.48174651899626 ] ] ] } },
{ "type": "Feature", "properties": { }, "geometry": { "type": "Polygon", "coordinates": [ [ [ 6.524133984287267, 62.481958799815601 ], [ 6.524393169818931, 62.481893525960402 ], [ 6.524483903375345, 62.482083898522113 ], [ 6.524133984287267, 62.481958799815601 ] ] ] } },
{ "type": "Feature", "properties": { }, "geometry": { "type": "Polygon", "coordinates": [ [ [ 6.524393169818931, 62.481893525960402 ], [ 6.524614975127516, 62.481957130469418 ], [ 6.524483903375345, 62.482083898522113 ], [ 6.524393169818931, 62.481893525960402 ] ] ] } },
{ "type": "Feature", "properties": { }, "geometry": { "type": "Polygon", "coordinates": [ [ [ 6.524614975127516, 62.481957130469418 ], [ 6.524763994141646, 62.482056246113849 ], [ 6.524483903375345, 62.482083898522113 ], [ 6.524614975127516, 62.481957130469418 ] ] ] } },
{ "type": "Feature", "properties": { }, "geometry": { "type": "Polygon", "coordinates": [ [ [ 6.562490468991276, 62.482216529094309 ], [ 6.562858233443804, 62.4822564237599 ], [ 6.562589899117901, 62.482385140026018 ], [ 6.562490468991276, 62.482216529094309 ] ] ] } },
{ "type": "Feature", "properties": { }, "geometry": { "type": "Polygon", "coordinates": [ [ [ 6.562817789880127, 62.482129295740179 ], [ 6.562858233443804, 62.4822564237599 ], [ 6.562490468991276, 62.482216529094309 ], [ 6.562817789880127, 62.482129295740179 ] ] ] } },
{ "type": "Feature", "properties": { }, "geometry": { "type": "Polygon", "coordinates": [ [ [ 6.475601809266758, 62.472725640524409 ], [ 6.475797881900551, 62.472820485756166 ], [ 6.475523627696298, 62.472787038549441 ], [ 6.475601809266758, 62.472725640524409 ] ] ] } },
{ "type": "Feature", "properties": { }, "geometry": { "type": "Polygon", "coordinates": [ [ [ 6.475523627696298, 62.472787038549441 ], [ 6.475797881900551, 62.472820485756166 ], [ 6.475494089634162, 62.472993330277291 ], [ 6.475523627696298, 62.472787038549441 ] ] ] } },
{ "type": "Feature", "properties": { }, "geometry": { "type": "Polygon", "coordinates": [ [ [ 6.475286373763426, 62.472810298332938 ], [ 6.475523627696298, 62.472787038549441 ], [ 6.475494089634162, 62.472993330277291 ], [ 6.475286373763426, 62.472810298332938 ] ] ] } },
{ "type": "Feature", "properties": { }, "geometry": { "type": "Polygon", "coordinates": [ [ [ 6.521069933094728, 62.481471090822289 ], [ 6.521119001884875, 62.481650556707237 ], [ 6.520944809635202, 62.481605040444087 ], [ 6.521069933094728, 62.481471090822289 ] ] ] } },
{ "type": "Feature", "properties": { }, "geometry": { "type": "Polygon", "coordinates": [ [ [ 6.524619264700249, 62.481805785151202 ], [ 6.524875015240157, 62.481947059854306 ], [ 6.524614975127516, 62.481957130469418 ], [ 6.524619264700249, 62.481805785151202 ] ] ] } },
{ "type": "Feature", "properties": { }, "geometry": { "type": "Polygon", "coordinates": [ [ [ 6.524619264700249, 62.481805785151202 ], [ 6.524614975127516, 62.481957130469418 ], [ 6.524393169818931, 62.481893525960402 ], [ 6.524619264700249, 62.481805785151202 ] ] ] } },
{ "type": "Feature", "properties": { }, "geometry": { "type": "Polygon", "coordinates": [ [ [ 6.524100501737359, 62.481629610002052 ], [ 6.52437834442639, 62.481676217695771 ], [ 6.524107586072202, 62.481766315721174 ], [ 6.524100501737359, 62.481629610002052 ] ] ] } },
{ "type": "Feature", "properties": { }, "geometry": { "type": "Polygon", "coordinates": [ [ [ 6.524614975127516, 62.481957130469418 ], [ 6.524875015240157, 62.481947059854306 ], [ 6.524763994141646, 62.482056246113849 ], [ 6.524614975127516, 62.481957130469418 ] ] ] } },
{ "type": "Feature", "properties": { }, "geometry": { "type": "Polygon", "coordinates": [ [ [ 6.52257447516784, 62.481463595851132 ], [ 6.522923017016836, 62.481733345021802 ], [ 6.522567013329996, 62.481777857844449 ], [ 6.52257447516784, 62.481463595851132 ] ] ] } },
{ "type": "Feature", "properties": { }, "geometry": { "type": "Polygon", "coordinates": [ [ [ 6.522014340666484, 62.481497512147811 ], [ 6.522567013329996, 62.481777857844449 ], [ 6.521815594272267, 62.481742185485636 ], [ 6.522014340666484, 62.481497512147811 ] ] ] } },
{ "type": "Feature", "properties": { }, "geometry": { "type": "Polygon", "coordinates": [ [ [ 6.522014340666484, 62.481497512147811 ], [ 6.52257447516784, 62.481463595851132 ], [ 6.522567013329996, 62.481777857844449 ], [ 6.522014340666484, 62.481497512147811 ] ] ] } },
{ "type": "Feature", "properties": { }, "geometry": { "type": "Polygon", "coordinates": [ [ [ 6.523910803607432, 62.481890904301537 ], [ 6.52386689564809, 62.481957665207538 ], [ 6.523716114673401, 62.481956063612984 ], [ 6.523910803607432, 62.481890904301537 ] ] ] } },
{ "type": "Feature", "properties": { }, "geometry": { "type": "Polygon", "coordinates": [ [ [ 6.523241654145417, 62.48178206293742 ], [ 6.523766424245292, 62.48174651899626 ], [ 6.523442803724638, 62.481881939880473 ], [ 6.523241654145417, 62.48178206293742 ] ] ] } },
{ "type": "Feature", "properties": { }, "geometry": { "type": "Polygon", "coordinates": [ [ [ 6.523268986533036, 62.481496347601379 ], [ 6.523241654145417, 62.48178206293742 ], [ 6.522923017016836, 62.481733345021802 ], [ 6.523268986533036, 62.481496347601379 ] ] ] } },
{ "type": "Feature", "properties": { }, "geometry": { "type": "Polygon", "coordinates": [ [ [ 6.523268986533036, 62.481496347601379 ], [ 6.523766424245292, 62.48174651899626 ], [ 6.523241654145417, 62.48178206293742 ], [ 6.523268986533036, 62.481496347601379 ] ] ] } },
{ "type": "Feature", "properties": { }, "geometry": { "type": "Polygon", "coordinates": [ [ [ 6.475821288105559, 62.472659640140598 ], [ 6.476162843736005, 62.472751074562552 ], [ 6.475797881900551, 62.472820485756166 ], [ 6.475821288105559, 62.472659640140598 ] ] ] } },
{ "type": "Feature", "properties": { }, "geometry": { "type": "Polygon", "coordinates": [ [ [ 6.475601809266758, 62.472725640524409 ], [ 6.475821288105559, 62.472659640140598 ], [ 6.475797881900551, 62.472820485756166 ], [ 6.475601809266758, 62.472725640524409 ] ] ] } },
{ "type": "Feature", "properties": { }, "geometry": { "type": "Polygon", "coordinates": [ [ [ 6.475286373763426, 62.472810298332938 ], [ 6.475494089634162, 62.472993330277291 ], [ 6.475049141929365, 62.472965023437013 ], [ 6.475286373763426, 62.472810298332938 ] ] ] } },
{ "type": "Feature", "properties": { }, "geometry": { "type": "Polygon", "coordinates": [ [ [ 6.475076727753925, 62.472775728337211 ], [ 6.475286373763426, 62.472810298332938 ], [ 6.475049141929365, 62.472965023437013 ], [ 6.475076727753925, 62.472775728337211 ] ] ] } },
{ "type": "Feature", "properties": { }, "geometry": { "type": "Polygon", "coordinates": [ [ [ 6.521069933094728, 62.481471090822289 ], [ 6.521505813655409, 62.481611344982696 ], [ 6.521119001884875, 62.481650556707237 ], [ 6.521069933094728, 62.481471090822289 ] ] ] } },
{ "type": "Feature", "properties": { }, "geometry": { "type": "Polygon", "coordinates": [ [ [ 6.523766424245292, 62.48174651899626 ], [ 6.524107586072202, 62.481766315721174 ], [ 6.523910803607432, 62.481890904301537 ], [ 6.523766424245292, 62.48174651899626 ] ] ] } },
{ "type": "Feature", "properties": { }, "geometry": { "type": "Polygon", "coordinates": [ [ [ 6.524107586072202, 62.481766315721174 ], [ 6.524133984287267, 62.481958799815601 ], [ 6.523910803607432, 62.481890904301537 ], [ 6.524107586072202, 62.481766315721174 ] ] ] } },
{ "type": "Feature", "properties": { }, "geometry": { "type": "Polygon", "coordinates": [ [ [ 6.523910803607432, 62.481890904301537 ], [ 6.524133984287267, 62.481958799815601 ], [ 6.52386689564809, 62.481957665207538 ], [ 6.523910803607432, 62.481890904301537 ] ] ] } },
{ "type": "Feature", "properties": { }, "geometry": { "type": "Polygon", "coordinates": [ [ [ 6.52386689564809, 62.481957665207538 ], [ 6.524133984287267, 62.481958799815601 ], [ 6.523949725699175, 62.48203548830822 ], [ 6.52386689564809, 62.481957665207538 ] ] ] } },
{ "type": "Feature", "properties": { }, "geometry": { "type": "Polygon", "coordinates": [ [ [ 6.503381131187719, 62.476838653744068 ], [ 6.503807481837098, 62.476984284627868 ], [ 6.50311973359996, 62.477209007554976 ], [ 6.503381131187719, 62.476838653744068 ] ] ] } },
{ "type": "Feature", "properties": { }, "geometry": { "type": "Polygon", "coordinates": [ [ [ 6.502921270665729, 62.476830378661298 ], [ 6.503381131187719, 62.476838653744068 ], [ 6.50311973359996, 62.477209007554976 ], [ 6.502921270665729, 62.476830378661298 ] ] ] } },
{ "type": "Feature", "properties": { }, "geometry": { "type": "Polygon", "coordinates": [ [ [ 6.561619589679363, 62.484534354432476 ], [ 6.561627857398732, 62.484786542243491 ], [ 6.56116869809529, 62.484676118329112 ], [ 6.561619589679363, 62.484534354432476 ] ] ] } },
{ "type": "Feature", "properties": { }, "geometry": { "type": "Polygon", "coordinates": [ [ [ 6.561619589679363, 62.484534354432476 ], [ 6.562149965081393, 62.484592683928895 ], [ 6.561627857398732, 62.484786542243491 ], [ 6.561619589679363, 62.484534354432476 ] ] ] } },
{ "type": "Feature", "properties": { }, "geometry": { "type": "Polygon", "coordinates": [ [ [ 6.450242620981364, 62.477972346684048 ], [ 6.450686399576996, 62.47803893340042 ], [ 6.450247040934626, 62.478111527256075 ], [ 6.450242620981364, 62.477972346684048 ] ] ] } },
{ "type": "Feature", "properties": { }, "geometry": { "type": "Polygon", "coordinates": [ [ [ 6.450686399576996, 62.47803893340042 ], [ 6.4510677382808, 62.47817423319303 ], [ 6.450247040934626, 62.478111527256075 ], [ 6.450686399576996, 62.47803893340042 ] ] ] } },
{ "type": "Feature", "properties": { }, "geometry": { "type": "Polygon", "coordinates": [ [ [ 6.482113643974247, 62.48374567605395 ], [ 6.482256684944072, 62.483867914616404 ], [ 6.482097546260749, 62.483884480135906 ], [ 6.482113643974247, 62.48374567605395 ] ] ] } },
{ "type": "Feature", "properties": { }, "geometry": { "type": "Polygon", "coordinates": [ [ [ 6.482113643974247, 62.48374567605395 ], [ 6.482642889566104, 62.483692140406731 ], [ 6.482256684944072, 62.483867914616404 ], [ 6.482113643974247, 62.48374567605395 ] ] ] } },
{ "type": "Feature", "properties": { }, "geometry": { "type": "Polygon", "coordinates": [ [ [ 6.482642889566104, 62.483692140406731 ], [ 6.482631128711783, 62.483942728941003 ], [ 6.482256684944072, 62.483867914616404 ], [ 6.482642889566104, 62.483692140406731 ] ] ] } },
{ "type": "Feature", "properties": { }, "geometry": { "type": "Polygon", "coordinates": [ [ [ 6.410437019958992, 62.473951052146788 ], [ 6.410885962579684, 62.474018987833688 ], [ 6.410541356671605, 62.474155069584647 ], [ 6.410437019958992, 62.473951052146788 ] ] ] } },
{ "type": "Feature", "properties": { }, "geometry": { "type": "Polygon", "coordinates": [ [ [ 6.415190048757415, 62.476122323767356 ], [ 6.415236768406234, 62.47627299151128 ], [ 6.415059761183934, 62.476262083478829 ], [ 6.415190048757415, 62.476122323767356 ] ] ] } },
{ "type": "Feature", "properties": { }, "geometry": { "type": "Polygon", "coordinates": [ [ [ 6.415190048757415, 62.476122323767356 ], [ 6.415752835644843, 62.476178990332357 ], [ 6.415236768406234, 62.47627299151128 ], [ 6.415190048757415, 62.476122323767356 ] ] ] } },
{ "type": "Feature", "properties": { }, "geometry": { "type": "Polygon", "coordinates": [ [ [ 6.415236768406234, 62.47627299151128 ], [ 6.415752835644843, 62.476178990332357 ], [ 6.415418965521291, 62.476383932697374 ], [ 6.415236768406234, 62.47627299151128 ] ] ] } },
{ "type": "Feature", "properties": { }, "geometry": { "type": "Polygon", "coordinates": [ [ [ 6.563137113483614, 62.48238783660652 ], [ 6.563462222235608, 62.482470306260815 ], [ 6.562868333071909, 62.48250600070979 ], [ 6.563137113483614, 62.48238783660652 ] ] ] } },
{ "type": "Feature", "properties": { }, "geometry": { "type": "Polygon", "coordinates": [ [ [ 6.511152086238766, 62.480968910994207 ], [ 6.511125733902648, 62.481157665588192 ], [ 6.510796344013572, 62.48106209000953 ], [ 6.511152086238766, 62.480968910994207 ] ] ] } },
{ "type": "Feature", "properties": { }, "geometry": { "type": "Polygon", "coordinates": [ [ [ 6.511152086238766, 62.480968910994207 ], [ 6.511617315393291, 62.481092971612128 ], [ 6.511125733902648, 62.481157665588192 ], [ 6.511152086238766, 62.480968910994207 ] ] ] } },
{ "type": "Feature", "properties": { }, "geometry": { "type": "Polygon", "coordinates": [ [ [ 6.511125733902648, 62.481157665588192 ], [ 6.511617315393291, 62.481092971612128 ], [ 6.511217554413441, 62.481300877608923 ], [ 6.511125733902648, 62.481157665588192 ] ] ] } },
{ "type": "Feature", "properties": { }, "geometry": { "type": "Polygon", "coordinates": [ [ [ 6.510957735078232, 62.480802508122409 ], [ 6.511152086238766, 62.480968910994207 ], [ 6.510796344013572, 62.48106209000953 ], [ 6.510957735078232, 62.480802508122409 ] ] ] } },
{ "type": "Feature", "properties": { }, "geometry": { "type": "Polygon", "coordinates": [ [ [ 6.510957735078232, 62.480802508122409 ], [ 6.510796344013572, 62.48106209000953 ], [ 6.510526985429031, 62.480984810660175 ], [ 6.510957735078232, 62.480802508122409 ] ] ] } },
{ "type": "Feature", "properties": { }, "geometry": { "type": "Polygon", "coordinates": [ [ [ 6.500318284582161, 62.483690355772268 ], [ 6.500792297140879, 62.483768511310977 ], [ 6.500461279565738, 62.483836948408005 ], [ 6.500318284582161, 62.483690355772268 ] ] ] } },
{ "type": "Feature", "properties": { }, "geometry": { "type": "Polygon", "coordinates": [ [ [ 6.500139929453253, 62.483537612000767 ], [ 6.500743192480753, 62.48348548498582 ], [ 6.500318284582161, 62.483690355772268 ], [ 6.500139929453253, 62.483537612000767 ] ] ] } },
{ "type": "Feature", "properties": { }, "geometry": { "type": "Polygon", "coordinates": [ [ [ 6.500743192480753, 62.48348548498582 ], [ 6.500792297140879, 62.483768511310977 ], [ 6.500318284582161, 62.483690355772268 ], [ 6.500743192480753, 62.48348548498582 ] ] ] } },
{ "type": "Feature", "properties": { }, "geometry": { "type": "Polygon", "coordinates": [ [ [ 6.454905613969579, 62.470252684226885 ], [ 6.455270370354491, 62.470283457765589 ], [ 6.455027672711672, 62.470421252503606 ], [ 6.454905613969579, 62.470252684226885 ] ] ] } },
{ "type": "Feature", "properties": { }, "geometry": { "type": "Polygon", "coordinates": [ [ [ 6.454905613969579, 62.470252684226885 ], [ 6.455027672711672, 62.470421252503606 ], [ 6.454569774220995, 62.470398537003177 ], [ 6.454905613969579, 62.470252684226885 ] ] ] } },
{ "type": "Feature", "properties": { }, "geometry": { "type": "Polygon", "coordinates": [ [ [ 6.454187992823853, 62.470279333600622 ], [ 6.454905613969579, 62.470252684226885 ], [ 6.454569774220995, 62.470398537003177 ], [ 6.454187992823853, 62.470279333600622 ] ] ] } },
{ "type": "Feature", "properties": { }, "geometry": { "type": "Polygon", "coordinates": [ [ [ 6.524506192310073, 62.481425950676943 ], [ 6.524604046869971, 62.481509690214757 ], [ 6.524464948259461, 62.481519214611524 ], [ 6.524506192310073, 62.481425950676943 ] ] ] } },
{ "type": "Feature", "properties": { }, "geometry": { "type": "Polygon", "coordinates": [ [ [ 6.524107586072202, 62.481766315721174 ], [ 6.524393169818931, 62.481893525960402 ], [ 6.524133984287267, 62.481958799815601 ], [ 6.524107586072202, 62.481766315721174 ] ] ] } },
{ "type": "Feature", "properties": { }, "geometry": { "type": "Polygon", "coordinates": [ [ [ 6.482113643974247, 62.48374567605395 ], [ 6.482097546260749, 62.483884480135906 ], [ 6.481837530378217, 62.483814838160313 ], [ 6.482113643974247, 62.48374567605395 ] ] ] } },
{ "type": "Feature", "properties": { }, "geometry": { "type": "Polygon", "coordinates": [ [ [ 6.411030205273389, 62.474150948991237 ], [ 6.411294360856302, 62.474247267371759 ], [ 6.410975446171719, 62.474296647502598 ], [ 6.411030205273389, 62.474150948991237 ] ] ] } },
{ "type": "Feature", "properties": { }, "geometry": { "type": "Polygon", "coordinates": [ [ [ 6.410975446171719, 62.474296647502598 ], [ 6.411294360856302, 62.474247267371759 ], [ 6.411133676220015, 62.474436267185951 ], [ 6.410975446171719, 62.474296647502598 ] ] ] } },
{ "type": "Feature", "properties": { }, "geometry": { "type": "Polygon", "coordinates": [ [ [ 6.414871654395833, 62.476167716252583 ], [ 6.415190048757415, 62.476122323767356 ], [ 6.415059761183934, 62.476262083478829 ], [ 6.414871654395833, 62.476167716252583 ] ] ] } },
{ "type": "Feature", "properties": { }, "geometry": { "type": "Polygon", "coordinates": [ [ [ 6.524264899196708, 62.481451689862773 ], [ 6.524506192310073, 62.481425950676943 ], [ 6.524464948259461, 62.481519214611524 ], [ 6.524264899196708, 62.481451689862773 ] ] ] } },
{ "type": "Feature", "properties": { }, "geometry": { "type": "Polygon", "coordinates": [ [ [ 6.475797881900551, 62.472820485756166 ], [ 6.476162843736005, 62.472751074562552 ], [ 6.476246220333041, 62.4730852235989 ], [ 6.475797881900551, 62.472820485756166 ] ] ] } },
{ "type": "Feature", "properties": { }, "geometry": { "type": "Polygon", "coordinates": [ [ [ 6.475797881900551, 62.472820485756166 ], [ 6.476246220333041, 62.4730852235989 ], [ 6.475494089634162, 62.472993330277291 ], [ 6.475797881900551, 62.472820485756166 ] ] ] } },
{ "type": "Feature", "properties": { }, "geometry": { "type": "Polygon", "coordinates": [ [ [ 6.524286933068749, 62.481240901863274 ], [ 6.524506192310073, 62.481425950676943 ], [ 6.524264899196708, 62.481451689862773 ], [ 6.524286933068749, 62.481240901863274 ] ] ] } },
{ "type": "Feature", "properties": { }, "geometry": { "type": "Polygon", "coordinates": [ [ [ 6.524286933068749, 62.481240901863274 ], [ 6.524744233210968, 62.481289520417079 ], [ 6.524506192310073, 62.481425950676943 ], [ 6.524286933068749, 62.481240901863274 ] ] ] } },
{ "type": "Feature", "properties": { }, "geometry": { "type": "Polygon", "coordinates": [ [ [ 6.523763531298104, 62.481457729560418 ], [ 6.524264899196708, 62.481451689862773 ], [ 6.524100501737359, 62.481629610002052 ], [ 6.523763531298104, 62.481457729560418 ] ] ] } },
{ "type": "Feature", "properties": { }, "geometry": { "type": "Polygon", "coordinates": [ [ [ 6.524286933068749, 62.481240901863274 ], [ 6.524264899196708, 62.481451689862773 ], [ 6.523763531298104, 62.481457729560418 ], [ 6.524286933068749, 62.481240901863274 ] ] ] } },
{ "type": "Feature", "properties": { }, "geometry": { "type": "Polygon", "coordinates": [ [ [ 6.478957971846027, 62.472512835431289 ], [ 6.479648962381579, 62.472669310502646 ], [ 6.478285041131111, 62.47290200040657 ], [ 6.478957971846027, 62.472512835431289 ] ] ] } },
{ "type": "Feature", "properties": { }, "geometry": { "type": "Polygon", "coordinates": [ [ [ 6.435688726254285, 62.477044081846003 ], [ 6.43611276080083, 62.477340346463023 ], [ 6.435562623243071, 62.477394614453658 ], [ 6.435688726254285, 62.477044081846003 ] ] ] } },
{ "type": "Feature", "properties": { }, "geometry": { "type": "Polygon", "coordinates": [ [ [ 6.435688726254285, 62.477044081846003 ], [ 6.435562623243071, 62.477394614453658 ], [ 6.435034342216367, 62.477230022514568 ], [ 6.435688726254285, 62.477044081846003 ] ] ] } },
{ "type": "Feature", "properties": { }, "geometry": { "type": "Polygon", "coordinates": [ [ [ 6.432783308089552, 62.477011994167306 ], [ 6.433295600573111, 62.477267764851689 ], [ 6.4329312924748, 62.477353947522708 ], [ 6.432783308089552, 62.477011994167306 ] ] ] } },
{ "type": "Feature", "properties": { }, "geometry": { "type": "Polygon", "coordinates": [ [ [ 6.432783308089552, 62.477011994167306 ], [ 6.4329312924748, 62.477353947522708 ], [ 6.43231592916389, 62.47729235414662 ], [ 6.432783308089552, 62.477011994167306 ] ] ] } },
{ "type": "Feature", "properties": { }, "geometry": { "type": "Polygon", "coordinates": [ [ [ 6.513682624540865, 62.482377233880413 ], [ 6.513681239613724, 62.482566951847971 ], [ 6.513287436001873, 62.482471475809845 ], [ 6.513682624540865, 62.482377233880413 ] ] ] } },
{ "type": "Feature", "properties": { }, "geometry": { "type": "Polygon", "coordinates": [ [ [ 6.550895996858683, 62.483697073391397 ], [ 6.551118418617576, 62.483902046954022 ], [ 6.550738476170907, 62.483914541884246 ], [ 6.550895996858683, 62.483697073391397 ] ] ] } },
{ "type": "Feature", "properties": { }, "geometry": { "type": "Polygon", "coordinates": [ [ [ 6.550416695607798, 62.483755624230284 ], [ 6.550738476170907, 62.483914541884246 ], [ 6.550464050010311, 62.483972278105092 ], [ 6.550416695607798, 62.483755624230284 ] ] ] } },
{ "type": "Feature", "properties": { }, "geometry": { "type": "Polygon", "coordinates": [ [ [ 6.550416695607798, 62.483755624230284 ], [ 6.550895996858683, 62.483697073391397 ], [ 6.550738476170907, 62.483914541884246 ], [ 6.550416695607798, 62.483755624230284 ] ] ] } },
{ "type": "Feature", "properties": { }, "geometry": { "type": "Polygon", "coordinates": [ [ [ 6.509614702928604, 62.481078180684889 ], [ 6.510210685851208, 62.480994095123485 ], [ 6.510072649106101, 62.481215909521445 ], [ 6.509614702928604, 62.481078180684889 ] ] ] } },
{ "type": "Feature", "properties": { }, "geometry": { "type": "Polygon", "coordinates": [ [ [ 6.521069933094728, 62.481471090822289 ], [ 6.521558203123901, 62.481361352935068 ], [ 6.521505813655409, 62.481611344982696 ], [ 6.521069933094728, 62.481471090822289 ] ] ] } },
{ "type": "Feature", "properties": { }, "geometry": { "type": "Polygon", "coordinates": [ [ [ 6.521308582903261, 62.481122367201884 ], [ 6.521069933094728, 62.481471090822289 ], [ 6.520711288865079, 62.48136199426262 ], [ 6.521308582903261, 62.481122367201884 ] ] ] } },
{ "type": "Feature", "properties": { }, "geometry": { "type": "Polygon", "coordinates": [ [ [ 6.521308582903261, 62.481122367201884 ], [ 6.521558203123901, 62.481361352935068 ], [ 6.521069933094728, 62.481471090822289 ], [ 6.521308582903261, 62.481122367201884 ] ] ] } },
{ "type": "Feature", "properties": { }, "geometry": { "type": "Polygon", "coordinates": [ [ [ 6.481710590843495, 62.483553795146832 ], [ 6.482113643974247, 62.48374567605395 ], [ 6.481837530378217, 62.483814838160313 ], [ 6.481710590843495, 62.483553795146832 ] ] ] } },
{ "type": "Feature", "properties": { }, "geometry": { "type": "Polygon", "coordinates": [ [ [ 6.481710590843495, 62.483553795146832 ], [ 6.481837530378217, 62.483814838160313 ], [ 6.480907458232965, 62.483774520506749 ], [ 6.481710590843495, 62.483553795146832 ] ] ] } },
{ "type": "Feature", "properties": { }, "geometry": { "type": "Polygon", "coordinates": [ [ [ 6.414613770866366, 62.476057624871594 ], [ 6.414942572790634, 62.476012404359288 ], [ 6.414871654395833, 62.476167716252583 ], [ 6.414613770866366, 62.476057624871594 ] ] ] } },
{ "type": "Feature", "properties": { }, "geometry": { "type": "Polygon", "coordinates": [ [ [ 6.414942572790634, 62.476012404359288 ], [ 6.415190048757415, 62.476122323767356 ], [ 6.414871654395833, 62.476167716252583 ], [ 6.414942572790634, 62.476012404359288 ] ] ] } },
{ "type": "Feature", "properties": { }, "geometry": { "type": "Polygon", "coordinates": [ [ [ 6.481710590843495, 62.483553795146832 ], [ 6.482269617497148, 62.483488987276786 ], [ 6.482113643974247, 62.48374567605395 ], [ 6.481710590843495, 62.483553795146832 ] ] ] } },
{ "type": "Feature", "properties": { }, "geometry": { "type": "Polygon", "coordinates": [ [ [ 6.482269617497148, 62.483488987276786 ], [ 6.482642889566104, 62.483692140406731 ], [ 6.482113643974247, 62.48374567605395 ], [ 6.482269617497148, 62.483488987276786 ] ] ] } },
{ "type": "Feature", "properties": { }, "geometry": { "type": "Polygon", "coordinates": [ [ [ 6.415487360940952, 62.475864336980521 ], [ 6.415752835644843, 62.476178990332357 ], [ 6.415190048757415, 62.476122323767356 ], [ 6.415487360940952, 62.475864336980521 ] ] ] } },
{ "type": "Feature", "properties": { }, "geometry": { "type": "Polygon", "coordinates": [ [ [ 6.415487360940952, 62.475864336980521 ], [ 6.415190048757415, 62.476122323767356 ], [ 6.414942572790634, 62.476012404359288 ], [ 6.415487360940952, 62.475864336980521 ] ] ] } },
{ "type": "Feature", "properties": { }, "geometry": { "type": "Polygon", "coordinates": [ [ [ 6.394747649160516, 62.465046368173894 ], [ 6.395195865796976, 62.465048982994247 ], [ 6.394961744758767, 62.465415523714668 ], [ 6.394747649160516, 62.465046368173894 ] ] ] } },
{ "type": "Feature", "properties": { }, "geometry": { "type": "Polygon", "coordinates": [ [ [ 6.399773903278664, 62.465532490451977 ], [ 6.400357537533442, 62.465648862874218 ], [ 6.399738440919749, 62.465942452526093 ], [ 6.399773903278664, 62.465532490451977 ] ] ] } },
{ "type": "Feature", "properties": { }, "geometry": { "type": "Polygon", "coordinates": [ [ [ 6.399158941535029, 62.465632022943424 ], [ 6.399773903278664, 62.465532490451977 ], [ 6.399738440919749, 62.465942452526093 ], [ 6.399158941535029, 62.465632022943424 ] ] ] } },
{ "type": "Feature", "properties": { }, "geometry": { "type": "Polygon", "coordinates": [ [ [ 6.399977378960661, 62.470666429233496 ], [ 6.400692806836407, 62.470600011147816 ], [ 6.400268791797687, 62.470874878596838 ], [ 6.399977378960661, 62.470666429233496 ] ] ] } },
{ "type": "Feature", "properties": { }, "geometry": { "type": "Polygon", "coordinates": [ [ [ 6.400692806836407, 62.470600011147816 ], [ 6.400689143317811, 62.471051054709655 ], [ 6.400268791797687, 62.470874878596838 ], [ 6.400692806836407, 62.470600011147816 ] ] ] } },
{ "type": "Feature", "properties": { }, "geometry": { "type": "Polygon", "coordinates": [ [ [ 6.449705762453429, 62.469711171444757 ], [ 6.450022863334919, 62.47002337758429 ], [ 6.449080488385609, 62.470200414032988 ], [ 6.449705762453429, 62.469711171444757 ] ] ] } },
{ "type": "Feature", "properties": { }, "geometry": { "type": "Polygon", "coordinates": [ [ [ 6.449063885848688, 62.469729716382886 ], [ 6.449705762453429, 62.469711171444757 ], [ 6.449080488385609, 62.470200414032988 ], [ 6.449063885848688, 62.469729716382886 ] ] ] } },
{ "type": "Feature", "properties": { }, "geometry": { "type": "Polygon", "coordinates": [ [ [ 6.404195320913335, 62.472000410057241 ], [ 6.404200986821475, 62.47239594426452 ], [ 6.403554374179119, 62.47226203473992 ], [ 6.404195320913335, 62.472000410057241 ] ] ] } },
{ "type": "Feature", "properties": { }, "geometry": { "type": "Polygon", "coordinates": [ [ [ 6.404195320913335, 62.472000410057241 ], [ 6.405037161592855, 62.471932354182584 ], [ 6.404200986821475, 62.47239594426452 ], [ 6.404195320913335, 62.472000410057241 ] ] ] } },
{ "type": "Feature", "properties": { }, "geometry": { "type": "Polygon", "coordinates": [ [ [ 6.405037161592855, 62.471932354182584 ], [ 6.404847605313816, 62.472529850819576 ], [ 6.404200986821475, 62.47239594426452 ], [ 6.405037161592855, 62.471932354182584 ] ] ] } },
{ "type": "Feature", "properties": { }, "geometry": { "type": "Polygon", "coordinates": [ [ [ 6.516761820099777, 62.477199994009368 ], [ 6.517212433871843, 62.477306383795337 ], [ 6.516579572454146, 62.477622852171876 ], [ 6.516761820099777, 62.477199994009368 ] ] ] } },
{ "type": "Feature", "properties": { }, "geometry": { "type": "Polygon", "coordinates": [ [ [ 6.515793853356368, 62.4772506915251 ], [ 6.516761820099777, 62.477199994009368 ], [ 6.516579572454146, 62.477622852171876 ], [ 6.515793853356368, 62.4772506915251 ] ] ] } },
{ "type": "Feature", "properties": { }, "geometry": { "type": "Polygon", "coordinates": [ [ [ 6.516188757901793, 62.480928040937528 ], [ 6.517020729648027, 62.4809037800769 ], [ 6.516735131573083, 62.481194718449693 ], [ 6.516188757901793, 62.480928040937528 ] ] ] } },
{ "type": "Feature", "properties": { }, "geometry": { "type": "Polygon", "coordinates": [ [ [ 6.530918502200468, 62.481479032734427 ], [ 6.531301356386225, 62.48159709898831 ], [ 6.530897898610186, 62.48169170517415 ], [ 6.530918502200468, 62.481479032734427 ] ] ] } },
{ "type": "Feature", "properties": { }, "geometry": { "type": "Polygon", "coordinates": [ [ [ 6.530897898610186, 62.48169170517415 ], [ 6.531301356386225, 62.48159709898831 ], [ 6.531226350308014, 62.481803484313581 ], [ 6.530897898610186, 62.48169170517415 ] ] ] } },
{ "type": "Feature", "properties": { }, "geometry": { "type": "Polygon", "coordinates": [ [ [ 6.530250387053672, 62.481558674153156 ], [ 6.530918502200468, 62.481479032734427 ], [ 6.530897898610186, 62.48169170517415 ], [ 6.530250387053672, 62.481558674153156 ] ] ] } },
{ "type": "Feature", "properties": { }, "geometry": { "type": "Polygon", "coordinates": [ [ [ 6.514832943267562, 62.482063577895637 ], [ 6.514929872300505, 62.482210272615674 ], [ 6.514598500331296, 62.482215072457386 ], [ 6.514832943267562, 62.482063577895637 ] ] ] } },
{ "type": "Feature", "properties": { }, "geometry": { "type": "Polygon", "coordinates": [ [ [ 6.553055229070387, 62.48345340482792 ], [ 6.553317770788719, 62.483669122635277 ], [ 6.552908629116072, 62.483828672819463 ], [ 6.553055229070387, 62.48345340482792 ] ] ] } },
{ "type": "Feature", "properties": { }, "geometry": { "type": "Polygon", "coordinates": [ [ [ 6.553317770788719, 62.483669122635277 ], [ 6.553411533788578, 62.483912858428674 ], [ 6.552908629116072, 62.483828672819463 ], [ 6.553317770788719, 62.483669122635277 ] ] ] } },
{ "type": "Feature", "properties": { }, "geometry": { "type": "Polygon", "coordinates": [ [ [ 6.553055229070387, 62.48345340482792 ], [ 6.552908629116072, 62.483828672819463 ], [ 6.552506407521979, 62.483737922510613 ], [ 6.553055229070387, 62.48345340482792 ] ] ] } },
{ "type": "Feature", "properties": { }, "geometry": { "type": "Polygon", "coordinates": [ [ [ 6.474902777337046, 62.472711476779693 ], [ 6.475076727753925, 62.472775728337211 ], [ 6.474786064143993, 62.472861732423787 ], [ 6.474902777337046, 62.472711476779693 ] ] ] } },
{ "type": "Feature", "properties": { }, "geometry": { "type": "Polygon", "coordinates": [ [ [ 6.562520261773341, 62.48193677173974 ], [ 6.562817789880127, 62.482129295740179 ], [ 6.562490468991276, 62.482216529094309 ], [ 6.562520261773341, 62.48193677173974 ] ] ] } },
{ "type": "Feature", "properties": { }, "geometry": { "type": "Polygon", "coordinates": [ [ [ 6.562589899117901, 62.482385140026018 ], [ 6.562868333071909, 62.48250600070979 ], [ 6.562266048555593, 62.48267394477574 ], [ 6.562589899117901, 62.482385140026018 ] ] ] } },
{ "type": "Feature", "properties": { }, "geometry": { "type": "Polygon", "coordinates": [ [ [ 6.561894172063534, 62.482382387336614 ], [ 6.562589899117901, 62.482385140026018 ], [ 6.562266048555593, 62.48267394477574 ], [ 6.561894172063534, 62.482382387336614 ] ] ] } },
{ "type": "Feature", "properties": { }, "geometry": { "type": "Polygon", "coordinates": [ [ [ 6.562490468991276, 62.482216529094309 ], [ 6.562589899117901, 62.482385140026018 ], [ 6.561894172063534, 62.482382387336614 ], [ 6.562490468991276, 62.482216529094309 ] ] ] } },
{ "type": "Feature", "properties": { }, "geometry": { "type": "Polygon", "coordinates": [ [ [ 6.524100501737359, 62.481629610002052 ], [ 6.524107586072202, 62.481766315721174 ], [ 6.523766424245292, 62.48174651899626 ], [ 6.524100501737359, 62.481629610002052 ] ] ] } },
{ "type": "Feature", "properties": { }, "geometry": { "type": "Polygon", "coordinates": [ [ [ 6.563503730426159, 62.482360514914134 ], [ 6.563896754150796, 62.482448899129224 ], [ 6.563462222235608, 62.482470306260815 ], [ 6.563503730426159, 62.482360514914134 ] ] ] } },
{ "type": "Feature", "properties": { }, "geometry": { "type": "Polygon", "coordinates": [ [ [ 6.563462222235608, 62.482470306260815 ], [ 6.563896754150796, 62.482448899129224 ], [ 6.563761508183793, 62.482816011361841 ], [ 6.563462222235608, 62.482470306260815 ] ] ] } },
{ "type": "Feature", "properties": { }, "geometry": { "type": "Polygon", "coordinates": [ [ [ 6.563462222235608, 62.482470306260815 ], [ 6.563761508183793, 62.482816011361841 ], [ 6.562951600637963, 62.482885088710709 ], [ 6.563462222235608, 62.482470306260815 ] ] ] } },
{ "type": "Feature", "properties": { }, "geometry": { "type": "Polygon", "coordinates": [ [ [ 6.562868333071909, 62.48250600070979 ], [ 6.563462222235608, 62.482470306260815 ], [ 6.562951600637963, 62.482885088710709 ], [ 6.562868333071909, 62.48250600070979 ] ] ] } },
{ "type": "Feature", "properties": { }, "geometry": { "type": "Polygon", "coordinates": [ [ [ 6.500743192480753, 62.48348548498582 ], [ 6.50179749320449, 62.483683693803428 ], [ 6.500792297140879, 62.483768511310977 ], [ 6.500743192480753, 62.48348548498582 ] ] ] } },
{ "type": "Feature", "properties": { }, "geometry": { "type": "Polygon", "coordinates": [ [ [ 6.524677195349916, 62.480939761304001 ], [ 6.525382540053875, 62.481069288876817 ], [ 6.524744233210968, 62.481289520417079 ], [ 6.524677195349916, 62.480939761304001 ] ] ] } },
{ "type": "Feature", "properties": { }, "geometry": { "type": "Polygon", "coordinates": [ [ [ 6.525382540053875, 62.481069288876817 ], [ 6.525248842125404, 62.481381380600183 ], [ 6.524744233210968, 62.481289520417079 ], [ 6.525382540053875, 62.481069288876817 ] ] ] } },
{ "type": "Feature", "properties": { }, "geometry": { "type": "Polygon", "coordinates": [ [ [ 6.524677195349916, 62.480939761304001 ], [ 6.524744233210968, 62.481289520417079 ], [ 6.524286933068749, 62.481240901863274 ], [ 6.524677195349916, 62.480939761304001 ] ] ] } },
{ "type": "Feature", "properties": { }, "geometry": { "type": "Polygon", "coordinates": [ [ [ 6.550151106228238, 62.479638383746263 ], [ 6.550819323475912, 62.479591784817927 ], [ 6.550572471351404, 62.47988299409851 ], [ 6.550151106228238, 62.479638383746263 ] ] ] } },
{ "type": "Feature", "properties": { }, "geometry": { "type": "Polygon", "coordinates": [ [ [ 6.550151106228238, 62.479638383746263 ], [ 6.550572471351404, 62.47988299409851 ], [ 6.549906978936704, 62.47993797969626 ], [ 6.550151106228238, 62.479638383746263 ] ] ] } },
{ "type": "Feature", "properties": { }, "geometry": { "type": "Polygon", "coordinates": [ [ [ 6.549776809240843, 62.479623510918778 ], [ 6.550151106228238, 62.479638383746263 ], [ 6.549906978936704, 62.47993797969626 ], [ 6.549776809240843, 62.479623510918778 ] ] ] } },
{ "type": "Feature", "properties": { }, "geometry": { "type": "Polygon", "coordinates": [ [ [ 6.499226289170026, 62.483354153956121 ], [ 6.499898621645502, 62.483237967518377 ], [ 6.499765948279237, 62.483551788542584 ], [ 6.499226289170026, 62.483354153956121 ] ] ] } },
{ "type": "Feature", "properties": { }, "geometry": { "type": "Polygon", "coordinates": [ [ [ 6.499898621645502, 62.483237967518377 ], [ 6.500139929453253, 62.483537612000767 ], [ 6.499765948279237, 62.483551788542584 ], [ 6.499898621645502, 62.483237967518377 ] ] ] } },
{ "type": "Feature", "properties": { }, "geometry": { "type": "Polygon", "coordinates": [ [ [ 6.521558203123901, 62.481361352935068 ], [ 6.522014340666484, 62.481497512147811 ], [ 6.521505813655409, 62.481611344982696 ], [ 6.521558203123901, 62.481361352935068 ] ] ] } },
{ "type": "Feature", "properties": { }, "geometry": { "type": "Polygon", "coordinates": [ [ [ 6.521505813655409, 62.481611344982696 ], [ 6.522014340666484, 62.481497512147811 ], [ 6.521815594272267, 62.481742185485636 ], [ 6.521505813655409, 62.481611344982696 ] ] ] } },
{ "type": "Feature", "properties": { }, "geometry": { "type": "Polygon", "coordinates": [ [ [ 6.562266048555593, 62.48267394477574 ], [ 6.562868333071909, 62.48250600070979 ], [ 6.562951600637963, 62.482885088710709 ], [ 6.562266048555593, 62.48267394477574 ] ] ] } },
{ "type": "Feature", "properties": { }, "geometry": { "type": "Polygon", "coordinates": [ [ [ 6.525382540053875, 62.481069288876817 ], [ 6.525620995542955, 62.481367708986404 ], [ 6.525248842125404, 62.481381380600183 ], [ 6.525382540053875, 62.481069288876817 ] ] ] } },
{ "type": "Feature", "properties": { }, "geometry": { "type": "Polygon", "coordinates": [ [ [ 6.525248842125404, 62.481381380600183 ], [ 6.525620995542955, 62.481367708986404 ], [ 6.525412230343268, 62.481510913845547 ], [ 6.525248842125404, 62.481381380600183 ] ] ] } },
{ "type": "Feature", "properties": { }, "geometry": { "type": "Polygon", "coordinates": [ [ [ 6.525620995542955, 62.481367708986404 ], [ 6.525909772943628, 62.481477183761797 ], [ 6.525412230343268, 62.481510913845547 ], [ 6.525620995542955, 62.481367708986404 ] ] ] } },
{ "type": "Feature", "properties": { }, "geometry": { "type": "Polygon", "coordinates": [ [ [ 6.432013449385456, 62.476960754782823 ], [ 6.43231592916389, 62.47729235414662 ], [ 6.431595588939427, 62.47741549779299 ], [ 6.432013449385456, 62.476960754782823 ] ] ] } },
{ "type": "Feature", "properties": { }, "geometry": { "type": "Polygon", "coordinates": [ [ [ 6.431276196501936, 62.476846087649832 ], [ 6.431595588939427, 62.47741549779299 ], [ 6.430905560202522, 62.477408809107779 ], [ 6.431276196501936, 62.476846087649832 ] ] ] } },
{ "type": "Feature", "properties": { }, "geometry": { "type": "Polygon", "coordinates": [ [ [ 6.431276196501936, 62.476846087649832 ], [ 6.432013449385456, 62.476960754782823 ], [ 6.431595588939427, 62.47741549779299 ], [ 6.431276196501936, 62.476846087649832 ] ] ] } },
{ "type": "Feature", "properties": { }, "geometry": { "type": "Polygon", "coordinates": [ [ [ 6.45470115931071, 62.479013503795187 ], [ 6.455852676961435, 62.478843893545502 ], [ 6.45506239816013, 62.479266941284209 ], [ 6.45470115931071, 62.479013503795187 ] ] ] } },
{ "type": "Feature", "properties": { }, "geometry": { "type": "Polygon", "coordinates": [ [ [ 6.56434883952011, 62.479954086071146 ], [ 6.564539641694686, 62.480163321853667 ], [ 6.564045426953538, 62.480136570959445 ], [ 6.56434883952011, 62.479954086071146 ] ] ] } },
{ "type": "Feature", "properties": { }, "geometry": { "type": "Polygon", "coordinates": [ [ [ 6.563814272582465, 62.479909029651807 ], [ 6.56434883952011, 62.479954086071146 ], [ 6.564045426953538, 62.480136570959445 ], [ 6.563814272582465, 62.479909029651807 ] ] ] } },
{ "type": "Feature", "properties": { }, "geometry": { "type": "Polygon", "coordinates": [ [ [ 6.507297453792789, 62.481337726990098 ], [ 6.508641563834352, 62.481366420440096 ], [ 6.508153473541528, 62.481692617654474 ], [ 6.507297453792789, 62.481337726990098 ] ] ] } },
{ "type": "Feature", "properties": { }, "geometry": { "type": "Polygon", "coordinates": [ [ [ 6.508048462118199, 62.48093514344545 ], [ 6.508641563834352, 62.481366420440096 ], [ 6.507297453792789, 62.481337726990098 ], [ 6.508048462118199, 62.48093514344545 ] ] ] } },
{ "type": "Feature", "properties": { }, "geometry": { "type": "Polygon", "coordinates": [ [ [ 6.508048462118199, 62.48093514344545 ], [ 6.509041191955885, 62.481159456940603 ], [ 6.508641563834352, 62.481366420440096 ], [ 6.508048462118199, 62.48093514344545 ] ] ] } },
{ "type": "Feature", "properties": { }, "geometry": { "type": "Polygon", "coordinates": [ [ [ 6.541836840730374, 62.482904512048528 ], [ 6.543296985129284, 62.482930110911042 ], [ 6.54234036359321, 62.483187435307734 ], [ 6.541836840730374, 62.482904512048528 ] ] ] } },
{ "type": "Feature", "properties": { }, "geometry": { "type": "Polygon", "coordinates": [ [ [ 6.554667924525895, 62.483616484855951 ], [ 6.554891902938718, 62.484089993419659 ], [ 6.55417839545637, 62.483953700586902 ], [ 6.554667924525895, 62.483616484855951 ] ] ] } },
{ "type": "Feature", "properties": { }, "geometry": { "type": "Polygon", "coordinates": [ [ [ 6.554667924525895, 62.483616484855951 ], [ 6.555564333131249, 62.483919518689355 ], [ 6.554891902938718, 62.484089993419659 ], [ 6.554667924525895, 62.483616484855951 ] ] ] } },
{ "type": "Feature", "properties": { }, "geometry": { "type": "Polygon", "coordinates": [ [ [ 6.51999284890193, 62.481365852406732 ], [ 6.520711288865079, 62.48136199426262 ], [ 6.520485740106148, 62.481530957234263 ], [ 6.51999284890193, 62.481365852406732 ] ] ] } },
{ "type": "Feature", "properties": { }, "geometry": { "type": "Polygon", "coordinates": [ [ [ 6.52257447516784, 62.481463595851132 ], [ 6.523268986533036, 62.481496347601379 ], [ 6.522923017016836, 62.481733345021802 ], [ 6.52257447516784, 62.481463595851132 ] ] ] } },
{ "type": "Feature", "properties": { }, "geometry": { "type": "Polygon", "coordinates": [ [ [ 6.471908944908365, 62.481229814999132 ], [ 6.472168466587205, 62.481659658610603 ], [ 6.471318876138422, 62.481582861704183 ], [ 6.471908944908365, 62.481229814999132 ] ] ] } },
{ "type": "Feature", "properties": { }, "geometry": { "type": "Polygon", "coordinates": [ [ [ 6.471140948984594, 62.480959802427591 ], [ 6.471318876138422, 62.481582861704183 ], [ 6.470589020906028, 62.481534051609479 ], [ 6.471140948984594, 62.480959802427591 ] ] ] } },
{ "type": "Feature", "properties": { }, "geometry": { "type": "Polygon", "coordinates": [ [ [ 6.471140948984594, 62.480959802427591 ], [ 6.471908944908365, 62.481229814999132 ], [ 6.471318876138422, 62.481582861704183 ], [ 6.471140948984594, 62.480959802427591 ] ] ] } },
{ "type": "Feature", "properties": { }, "geometry": { "type": "Polygon", "coordinates": [ [ [ 6.45014969897784, 62.477511466347622 ], [ 6.450612654000031, 62.477781530919863 ], [ 6.45008169284566, 62.477854747457535 ], [ 6.45014969897784, 62.477511466347622 ] ] ] } },
{ "type": "Feature", "properties": { }, "geometry": { "type": "Polygon", "coordinates": [ [ [ 6.45008169284566, 62.477854747457535 ], [ 6.450612654000031, 62.477781530919863 ], [ 6.450242620981364, 62.477972346684048 ], [ 6.45008169284566, 62.477854747457535 ] ] ] } },
{ "type": "Feature", "properties": { }, "geometry": { "type": "Polygon", "coordinates": [ [ [ 6.449414439906961, 62.47745612932485 ], [ 6.45014969897784, 62.477511466347622 ], [ 6.45008169284566, 62.477854747457535 ], [ 6.449414439906961, 62.47745612932485 ] ] ] } },
{ "type": "Feature", "properties": { }, "geometry": { "type": "Polygon", "coordinates": [ [ [ 6.482642889566104, 62.483692140406731 ], [ 6.483228074084386, 62.483929265751051 ], [ 6.482631128711783, 62.483942728941003 ], [ 6.482642889566104, 62.483692140406731 ] ] ] } },
{ "type": "Feature", "properties": { }, "geometry": { "type": "Polygon", "coordinates": [ [ [ 6.409730373750294, 62.473434088844172 ], [ 6.410921701508161, 62.47361668669199 ], [ 6.410437019958992, 62.473951052146788 ], [ 6.409730373750294, 62.473434088844172 ] ] ] } },
{ "type": "Feature", "properties": { }, "geometry": { "type": "Polygon", "coordinates": [ [ [ 6.410921701508161, 62.47361668669199 ], [ 6.410885962579684, 62.474018987833688 ], [ 6.410437019958992, 62.473951052146788 ], [ 6.410921701508161, 62.47361668669199 ] ] ] } },
{ "type": "Feature", "properties": { }, "geometry": { "type": "Polygon", "coordinates": [ [ [ 6.409665031037302, 62.473859789138757 ], [ 6.410437019958992, 62.473951052146788 ], [ 6.40987725160994, 62.474057541308085 ], [ 6.409665031037302, 62.473859789138757 ] ] ] } },
{ "type": "Feature", "properties": { }, "geometry": { "type": "Polygon", "coordinates": [ [ [ 6.409730373750294, 62.473434088844172 ], [ 6.410437019958992, 62.473951052146788 ], [ 6.409665031037302, 62.473859789138757 ], [ 6.409730373750294, 62.473434088844172 ] ] ] } },
{ "type": "Feature", "properties": { }, "geometry": { "type": "Polygon", "coordinates": [ [ [ 6.475494089634162, 62.472993330277291 ], [ 6.476246220333041, 62.4730852235989 ], [ 6.475172422541737, 62.473313172971658 ], [ 6.475494089634162, 62.472993330277291 ] ] ] } },
{ "type": "Feature", "properties": { }, "geometry": { "type": "Polygon", "coordinates": [ [ [ 6.475049141929365, 62.472965023437013 ], [ 6.475494089634162, 62.472993330277291 ], [ 6.475172422541737, 62.473313172971658 ], [ 6.475049141929365, 62.472965023437013 ] ] ] } },
{ "type": "Feature", "properties": { }, "geometry": { "type": "Polygon", "coordinates": [ [ [ 6.513681239613724, 62.482566951847971 ], [ 6.513920175119847, 62.482702000133294 ], [ 6.513511203258118, 62.482649227759261 ], [ 6.513681239613724, 62.482566951847971 ] ] ] } },
{ "type": "Feature", "properties": { }, "geometry": { "type": "Polygon", "coordinates": [ [ [ 6.513681239613724, 62.482566951847971 ], [ 6.513919498459458, 62.482595346577675 ], [ 6.513920175119847, 62.482702000133294 ], [ 6.513681239613724, 62.482566951847971 ] ] ] } },
{ "type": "Feature", "properties": { }, "geometry": { "type": "Polygon", "coordinates": [ [ [ 6.510333265340289, 62.48073000727986 ], [ 6.510526985429031, 62.480984810660175 ], [ 6.510210685851208, 62.480994095123485 ], [ 6.510333265340289, 62.48073000727986 ] ] ] } },
{ "type": "Feature", "properties": { }, "geometry": { "type": "Polygon", "coordinates": [ [ [ 6.509764757822323, 62.480811644331723 ], [ 6.510210685851208, 62.480994095123485 ], [ 6.509614702928604, 62.481078180684889 ], [ 6.509764757822323, 62.480811644331723 ] ] ] } },
{ "type": "Feature", "properties": { }, "geometry": { "type": "Polygon", "coordinates": [ [ [ 6.509764757822323, 62.480811644331723 ], [ 6.510333265340289, 62.48073000727986 ], [ 6.510210685851208, 62.480994095123485 ], [ 6.509764757822323, 62.480811644331723 ] ] ] } },
{ "type": "Feature", "properties": { }, "geometry": { "type": "Polygon", "coordinates": [ [ [ 6.474786064143993, 62.472861732423787 ], [ 6.475076727753925, 62.472775728337211 ], [ 6.475049141929365, 62.472965023437013 ], [ 6.474786064143993, 62.472861732423787 ] ] ] } },
{ "type": "Feature", "properties": { }, "geometry": { "type": "Polygon", "coordinates": [ [ [ 6.523763531298104, 62.481457729560418 ], [ 6.524100501737359, 62.481629610002052 ], [ 6.523766424245292, 62.48174651899626 ], [ 6.523763531298104, 62.481457729560418 ] ] ] } },
{ "type": "Feature", "properties": { }, "geometry": { "type": "Polygon", "coordinates": [ [ [ 6.523268986533036, 62.481496347601379 ], [ 6.523763531298104, 62.481457729560418 ], [ 6.523766424245292, 62.48174651899626 ], [ 6.523268986533036, 62.481496347601379 ] ] ] } },
{ "type": "Feature", "properties": { }, "geometry": { "type": "Polygon", "coordinates": [ [ [ 6.52336830528104, 62.481071393513112 ], [ 6.524286933068749, 62.481240901863274 ], [ 6.523763531298104, 62.481457729560418 ], [ 6.52336830528104, 62.481071393513112 ] ] ] } },
{ "type": "Feature", "properties": { }, "geometry": { "type": "Polygon", "coordinates": [ [ [ 6.524677195349916, 62.480939761304001 ], [ 6.524286933068749, 62.481240901863274 ], [ 6.52336830528104, 62.481071393513112 ], [ 6.524677195349916, 62.480939761304001 ] ] ] } },
{ "type": "Feature", "properties": { }, "geometry": { "type": "Polygon", "coordinates": [ [ [ 6.499898621645502, 62.483237967518377 ], [ 6.500743192480753, 62.48348548498582 ], [ 6.500139929453253, 62.483537612000767 ], [ 6.499898621645502, 62.483237967518377 ] ] ] } },
{ "type": "Feature", "properties": { }, "geometry": { "type": "Polygon", "coordinates": [ [ [ 6.502921270665729, 62.476830378661298 ], [ 6.50311973359996, 62.477209007554976 ], [ 6.502355026632354, 62.477052319765214 ], [ 6.502921270665729, 62.476830378661298 ] ] ] } },
{ "type": "Feature", "properties": { }, "geometry": { "type": "Polygon", "coordinates": [ [ [ 6.502406317898895, 62.476709741344862 ], [ 6.502921270665729, 62.476830378661298 ], [ 6.502355026632354, 62.477052319765214 ], [ 6.502406317898895, 62.476709741344862 ] ] ] } },
{ "type": "Feature", "properties": { }, "geometry": { "type": "Polygon", "coordinates": [ [ [ 6.450612654000031, 62.477781530919863 ], [ 6.450686399576996, 62.47803893340042 ], [ 6.450242620981364, 62.477972346684048 ], [ 6.450612654000031, 62.477781530919863 ] ] ] } },
{ "type": "Feature", "properties": { }, "geometry": { "type": "Polygon", "coordinates": [ [ [ 6.410921701508161, 62.47361668669199 ], [ 6.411463533700631, 62.473966624549874 ], [ 6.410885962579684, 62.474018987833688 ], [ 6.410921701508161, 62.47361668669199 ] ] ] } },
{ "type": "Feature", "properties": { }, "geometry": { "type": "Polygon", "coordinates": [ [ [ 6.410885962579684, 62.474018987833688 ], [ 6.411463533700631, 62.473966624549874 ], [ 6.411030205273389, 62.474150948991237 ], [ 6.410885962579684, 62.474018987833688 ] ] ] } },
{ "type": "Feature", "properties": { }, "geometry": { "type": "Polygon", "coordinates": [ [ [ 6.475049141929365, 62.472965023437013 ], [ 6.475172422541737, 62.473313172971658 ], [ 6.474521979089277, 62.473129226318058 ], [ 6.475049141929365, 62.472965023437013 ] ] ] } },
{ "type": "Feature", "properties": { }, "geometry": { "type": "Polygon", "coordinates": [ [ [ 6.474786064143993, 62.472861732423787 ], [ 6.475049141929365, 62.472965023437013 ], [ 6.474521979089277, 62.473129226318058 ], [ 6.474786064143993, 62.472861732423787 ] ] ] } },
{ "type": "Feature", "properties": { }, "geometry": { "type": "Polygon", "coordinates": [ [ [ 6.563896754150796, 62.482448899129224 ], [ 6.564629762538168, 62.482471324021802 ], [ 6.564629948693293, 62.482695610240711 ], [ 6.563896754150796, 62.482448899129224 ] ] ] } },
{ "type": "Feature", "properties": { }, "geometry": { "type": "Polygon", "coordinates": [ [ [ 6.563896754150796, 62.482448899129224 ], [ 6.564629948693293, 62.482695610240711 ], [ 6.563761508183793, 62.482816011361841 ], [ 6.563896754150796, 62.482448899129224 ] ] ] } },
{ "type": "Feature", "properties": { }, "geometry": { "type": "Polygon", "coordinates": [ [ [ 6.513287436001873, 62.482471475809845 ], [ 6.513511203258118, 62.482649227759261 ], [ 6.512996757128842, 62.482668839092078 ], [ 6.513287436001873, 62.482471475809845 ] ] ] } },
{ "type": "Feature", "properties": { }, "geometry": { "type": "Polygon", "coordinates": [ [ [ 6.513287436001873, 62.482471475809845 ], [ 6.513681239613724, 62.482566951847971 ], [ 6.513511203258118, 62.482649227759261 ], [ 6.513287436001873, 62.482471475809845 ] ] ] } },
{ "type": "Feature", "properties": { }, "geometry": { "type": "Polygon", "coordinates": [ [ [ 6.474120752602347, 62.472794997499641 ], [ 6.474786064143993, 62.472861732423787 ], [ 6.474521979089277, 62.473129226318058 ], [ 6.474120752602347, 62.472794997499641 ] ] ] } },
{ "type": "Feature", "properties": { }, "geometry": { "type": "Polygon", "coordinates": [ [ [ 6.512466548455456, 62.482403790488497 ], [ 6.513287436001873, 62.482471475809845 ], [ 6.512996757128842, 62.482668839092078 ], [ 6.512466548455456, 62.482403790488497 ] ] ] } },
{ "type": "Feature", "properties": { }, "geometry": { "type": "Polygon", "coordinates": [ [ [ 6.389980059958308, 62.46552533182453 ], [ 6.391213449155666, 62.466124782563227 ], [ 6.389485216575527, 62.46591203832692 ], [ 6.389980059958308, 62.46552533182453 ] ] ] } },
{ "type": "Feature", "properties": { }, "geometry": { "type": "Polygon", "coordinates": [ [ [ 6.389485216575527, 62.46591203832692 ], [ 6.391213449155666, 62.466124782563227 ], [ 6.38898241203867, 62.466644474583049 ], [ 6.389485216575527, 62.46591203832692 ] ] ] } },
{ "type": "Feature", "properties": { }, "geometry": { "type": "Polygon", "coordinates": [ [ [ 6.401804856876302, 62.466037061571413 ], [ 6.402654545808682, 62.466229540096521 ], [ 6.401861292742222, 62.466481836839314 ], [ 6.401804856876302, 62.466037061571413 ] ] ] } },
{ "type": "Feature", "properties": { }, "geometry": { "type": "Polygon", "coordinates": [ [ [ 6.401804856876302, 62.466037061571413 ], [ 6.401861292742222, 62.466481836839314 ], [ 6.400915360881622, 62.466399691858228 ], [ 6.401804856876302, 62.466037061571413 ] ] ] } },
{ "type": "Feature", "properties": { }, "geometry": { "type": "Polygon", "coordinates": [ [ [ 6.401264451060713, 62.465875337725016 ], [ 6.401804856876302, 62.466037061571413 ], [ 6.400915360881622, 62.466399691858228 ], [ 6.401264451060713, 62.465875337725016 ] ] ] } },
{ "type": "Feature", "properties": { }, "geometry": { "type": "Polygon", "coordinates": [ [ [ 6.491011421641767, 62.482617064958603 ], [ 6.491774798499214, 62.482680415316629 ], [ 6.491448425634986, 62.482913513812058 ], [ 6.491011421641767, 62.482617064958603 ] ] ] } },
{ "type": "Feature", "properties": { }, "geometry": { "type": "Polygon", "coordinates": [ [ [ 6.491011421641767, 62.482617064958603 ], [ 6.491448425634986, 62.482913513812058 ], [ 6.490793135113659, 62.482961395598316 ], [ 6.491011421641767, 62.482617064958603 ] ] ] } },
{ "type": "Feature", "properties": { }, "geometry": { "type": "Polygon", "coordinates": [ [ [ 6.495966431126798, 62.476628308878453 ], [ 6.496914468689582, 62.476700885010089 ], [ 6.496162428808848, 62.477442341087617 ], [ 6.495966431126798, 62.476628308878453 ] ] ] } },
{ "type": "Feature", "properties": { }, "geometry": { "type": "Polygon", "coordinates": [ [ [ 6.494794935694292, 62.476911118253014 ], [ 6.495966431126798, 62.476628308878453 ], [ 6.496162428808848, 62.477442341087617 ], [ 6.494794935694292, 62.476911118253014 ] ] ] } },
{ "type": "Feature", "properties": { }, "geometry": { "type": "Polygon", "coordinates": [ [ [ 6.519301343286472, 62.48102258677789 ], [ 6.51934846977214, 62.481428228148225 ], [ 6.518883428642249, 62.481379837496753 ], [ 6.519301343286472, 62.48102258677789 ] ] ] } },
{ "type": "Feature", "properties": { }, "geometry": { "type": "Polygon", "coordinates": [ [ [ 6.518883428642249, 62.481379837496753 ], [ 6.51934846977214, 62.481428228148225 ], [ 6.518962840226503, 62.481557860139787 ], [ 6.518883428642249, 62.481379837496753 ] ] ] } },
{ "type": "Feature", "properties": { }, "geometry": { "type": "Polygon", "coordinates": [ [ [ 6.493888398176268, 62.482218740209305 ], [ 6.494602334997216, 62.482328170649161 ], [ 6.493756185271366, 62.482561304992565 ], [ 6.493888398176268, 62.482218740209305 ] ] ] } },
{ "type": "Feature", "properties": { }, "geometry": { "type": "Polygon", "coordinates": [ [ [ 6.493187487869733, 62.482344917298001 ], [ 6.493888398176268, 62.482218740209305 ], [ 6.493756185271366, 62.482561304992565 ], [ 6.493187487869733, 62.482344917298001 ] ] ] } },
{ "type": "Feature", "properties": { }, "geometry": { "type": "Polygon", "coordinates": [ [ [ 6.527894267451853, 62.481284529700872 ], [ 6.529221457557314, 62.481344506516251 ], [ 6.528117759773073, 62.481718875813257 ], [ 6.527894267451853, 62.481284529700872 ] ] ] } },
{ "type": "Feature", "properties": { }, "geometry": { "type": "Polygon", "coordinates": [ [ [ 6.415752835644843, 62.476178990332357 ], [ 6.415705863067307, 62.476537092224234 ], [ 6.415418965521291, 62.476383932697374 ], [ 6.415752835644843, 62.476178990332357 ] ] ] } },
{ "type": "Feature", "properties": { }, "geometry": { "type": "Polygon", "coordinates": [ [ [ 6.435688726254285, 62.477044081846003 ], [ 6.436709138650961, 62.476909727526234 ], [ 6.43611276080083, 62.477340346463023 ], [ 6.435688726254285, 62.477044081846003 ] ] ] } },
{ "type": "Feature", "properties": { }, "geometry": { "type": "Polygon", "coordinates": [ [ [ 6.432783308089552, 62.477011994167306 ], [ 6.433818061765303, 62.47701643772735 ], [ 6.433295600573111, 62.477267764851689 ], [ 6.432783308089552, 62.477011994167306 ] ] ] } },
{ "type": "Feature", "properties": { }, "geometry": { "type": "Polygon", "coordinates": [ [ [ 6.549984996160845, 62.483842377447054 ], [ 6.550416695607798, 62.483755624230284 ], [ 6.550464050010311, 62.483972278105092 ], [ 6.549984996160845, 62.483842377447054 ] ] ] } },
{ "type": "Feature", "properties": { }, "geometry": { "type": "Polygon", "coordinates": [ [ [ 6.550895996858683, 62.483697073391397 ], [ 6.55147094167583, 62.48377696924296 ], [ 6.551118418617576, 62.483902046954022 ], [ 6.550895996858683, 62.483697073391397 ] ] ] } },
{ "type": "Feature", "properties": { }, "geometry": { "type": "Polygon", "coordinates": [ [ [ 6.414684544602068, 62.475889213300256 ], [ 6.414942572790634, 62.476012404359288 ], [ 6.414613770866366, 62.476057624871594 ], [ 6.414684544602068, 62.475889213300256 ] ] ] } },
{ "type": "Feature", "properties": { }, "geometry": { "type": "Polygon", "coordinates": [ [ [ 6.513504818177895, 62.4807757128956 ], [ 6.514472522971408, 62.480797725242979 ], [ 6.513741603876194, 62.481092003020358 ], [ 6.513504818177895, 62.4807757128956 ] ] ] } },
{ "type": "Feature", "properties": { }, "geometry": { "type": "Polygon", "coordinates": [ [ [ 6.514472522971408, 62.480797725242979 ], [ 6.514717705926412, 62.481231441569662 ], [ 6.513741603876194, 62.481092003020358 ], [ 6.514472522971408, 62.480797725242979 ] ] ] } },
{ "type": "Feature", "properties": { }, "geometry": { "type": "Polygon", "coordinates": [ [ [ 6.513504818177895, 62.4807757128956 ], [ 6.513741603876194, 62.481092003020358 ], [ 6.51308243752386, 62.481047460791459 ], [ 6.513504818177895, 62.4807757128956 ] ] ] } },
{ "type": "Feature", "properties": { }, "geometry": { "type": "Polygon", "coordinates": [ [ [ 6.562900281021089, 62.481480524315273 ], [ 6.563130745774656, 62.481770775190647 ], [ 6.562520261773341, 62.48193677173974 ], [ 6.562900281021089, 62.481480524315273 ] ] ] } },
{ "type": "Feature", "properties": { }, "geometry": { "type": "Polygon", "coordinates": [ [ [ 6.561884441723275, 62.48206249274137 ], [ 6.562520261773341, 62.48193677173974 ], [ 6.562490468991276, 62.482216529094309 ], [ 6.561884441723275, 62.48206249274137 ] ] ] } },
{ "type": "Feature", "properties": { }, "geometry": { "type": "Polygon", "coordinates": [ [ [ 6.56178046110541, 62.481542841075722 ], [ 6.562520261773341, 62.48193677173974 ], [ 6.561884441723275, 62.48206249274137 ], [ 6.56178046110541, 62.481542841075722 ] ] ] } },
{ "type": "Feature", "properties": { }, "geometry": { "type": "Polygon", "coordinates": [ [ [ 6.56178046110541, 62.481542841075722 ], [ 6.562900281021089, 62.481480524315273 ], [ 6.562520261773341, 62.48193677173974 ], [ 6.56178046110541, 62.481542841075722 ] ] ] } },
{ "type": "Feature", "properties": { }, "geometry": { "type": "Polygon", "coordinates": [ [ [ 6.561884441723275, 62.48206249274137 ], [ 6.562490468991276, 62.482216529094309 ], [ 6.561894172063534, 62.482382387336614 ], [ 6.561884441723275, 62.48206249274137 ] ] ] } },
{ "type": "Feature", "properties": { }, "geometry": { "type": "Polygon", "coordinates": [ [ [ 6.526184806154903, 62.481185578699197 ], [ 6.525909772943628, 62.481477183761797 ], [ 6.525620995542955, 62.481367708986404 ], [ 6.526184806154903, 62.481185578699197 ] ] ] } },
{ "type": "Feature", "properties": { }, "geometry": { "type": "Polygon", "coordinates": [ [ [ 6.455027672711672, 62.470421252503606 ], [ 6.455468487101582, 62.470675224235215 ], [ 6.454721336298363, 62.470744114807921 ], [ 6.455027672711672, 62.470421252503606 ] ] ] } },
{ "type": "Feature", "properties": { }, "geometry": { "type": "Polygon", "coordinates": [ [ [ 6.454569774220995, 62.470398537003177 ], [ 6.455027672711672, 62.470421252503606 ], [ 6.454721336298363, 62.470744114807921 ], [ 6.454569774220995, 62.470398537003177 ] ] ] } },
{ "type": "Feature", "properties": { }, "geometry": { "type": "Polygon", "coordinates": [ [ [ 6.483234632576176, 62.483284410951214 ], [ 6.482642889566104, 62.483692140406731 ], [ 6.482269617497148, 62.483488987276786 ], [ 6.483234632576176, 62.483284410951214 ] ] ] } },
{ "type": "Feature", "properties": { }, "geometry": { "type": "Polygon", "coordinates": [ [ [ 6.483234632576176, 62.483284410951214 ], [ 6.483824577997779, 62.48379612308667 ], [ 6.482642889566104, 62.483692140406731 ], [ 6.483234632576176, 62.483284410951214 ] ] ] } },
{ "type": "Feature", "properties": { }, "geometry": { "type": "Polygon", "coordinates": [ [ [ 6.482642889566104, 62.483692140406731 ], [ 6.483824577997779, 62.48379612308667 ], [ 6.483228074084386, 62.483929265751051 ], [ 6.482642889566104, 62.483692140406731 ] ] ] } },
{ "type": "Feature", "properties": { }, "geometry": { "type": "Polygon", "coordinates": [ [ [ 6.510333265340289, 62.48073000727986 ], [ 6.510957735078232, 62.480802508122409 ], [ 6.510526985429031, 62.480984810660175 ], [ 6.510333265340289, 62.48073000727986 ] ] ] } },
{ "type": "Feature", "properties": { }, "geometry": { "type": "Polygon", "coordinates": [ [ [ 6.50917148623907, 62.480882445528188 ], [ 6.509764757822323, 62.480811644331723 ], [ 6.509614702928604, 62.481078180684889 ], [ 6.50917148623907, 62.480882445528188 ] ] ] } },
{ "type": "Feature", "properties": { }, "geometry": { "type": "Polygon", "coordinates": [ [ [ 6.50917148623907, 62.480882445528188 ], [ 6.509614702928604, 62.481078180684889 ], [ 6.509041191955885, 62.481159456940603 ], [ 6.50917148623907, 62.480882445528188 ] ] ] } },
{ "type": "Feature", "properties": { }, "geometry": { "type": "Polygon", "coordinates": [ [ [ 6.523359773171862, 62.477681283567378 ], [ 6.524158107109613, 62.477660857819316 ], [ 6.523819371890404, 62.478176866162578 ], [ 6.523359773171862, 62.477681283567378 ] ] ] } },
{ "type": "Feature", "properties": { }, "geometry": { "type": "Polygon", "coordinates": [ [ [ 6.522429993984119, 62.477768658770607 ], [ 6.523359773171862, 62.477681283567378 ], [ 6.523819371890404, 62.478176866162578 ], [ 6.522429993984119, 62.477768658770607 ] ] ] } },
{ "type": "Feature", "properties": { }, "geometry": { "type": "Polygon", "coordinates": [ [ [ 6.450612654000031, 62.477781530919863 ], [ 6.451264955010079, 62.477872473190615 ], [ 6.450686399576996, 62.47803893340042 ], [ 6.450612654000031, 62.477781530919863 ] ] ] } },
{ "type": "Feature", "properties": { }, "geometry": { "type": "Polygon", "coordinates": [ [ [ 6.451264955010079, 62.477872473190615 ], [ 6.4510677382808, 62.47817423319303 ], [ 6.450686399576996, 62.47803893340042 ], [ 6.451264955010079, 62.477872473190615 ] ] ] } },
{ "type": "Feature", "properties": { }, "geometry": { "type": "Polygon", "coordinates": [ [ [ 6.411463533700631, 62.473966624549874 ], [ 6.411294360856302, 62.474247267371759 ], [ 6.411030205273389, 62.474150948991237 ], [ 6.411463533700631, 62.473966624549874 ] ] ] } },
{ "type": "Feature", "properties": { }, "geometry": { "type": "Polygon", "coordinates": [ [ [ 6.415752835644843, 62.476178990332357 ], [ 6.416487175929652, 62.476456223199939 ], [ 6.415705863067307, 62.476537092224234 ], [ 6.415752835644843, 62.476178990332357 ] ] ] } },
{ "type": "Feature", "properties": { }, "geometry": { "type": "Polygon", "coordinates": [ [ [ 6.415487360940952, 62.475864336980521 ], [ 6.416825386670236, 62.475803865686096 ], [ 6.415752835644843, 62.476178990332357 ], [ 6.415487360940952, 62.475864336980521 ] ] ] } },
{ "type": "Feature", "properties": { }, "geometry": { "type": "Polygon", "coordinates": [ [ [ 6.416825386670236, 62.475803865686096 ], [ 6.416487175929652, 62.476456223199939 ], [ 6.415752835644843, 62.476178990332357 ], [ 6.416825386670236, 62.475803865686096 ] ] ] } },
{ "type": "Feature", "properties": { }, "geometry": { "type": "Polygon", "coordinates": [ [ [ 6.549868450075095, 62.483444931257367 ], [ 6.550416695607798, 62.483755624230284 ], [ 6.549984996160845, 62.483842377447054 ], [ 6.549868450075095, 62.483444931257367 ] ] ] } },
{ "type": "Feature", "properties": { }, "geometry": { "type": "Polygon", "coordinates": [ [ [ 6.549022289440488, 62.48370042301471 ], [ 6.549984996160845, 62.483842377447054 ], [ 6.549609286602452, 62.484080928820532 ], [ 6.549022289440488, 62.48370042301471 ] ] ] } },
{ "type": "Feature", "properties": { }, "geometry": { "type": "Polygon", "coordinates": [ [ [ 6.549868450075095, 62.483444931257367 ], [ 6.549984996160845, 62.483842377447054 ], [ 6.549022289440488, 62.48370042301471 ], [ 6.549868450075095, 62.483444931257367 ] ] ] } },
{ "type": "Feature", "properties": { }, "geometry": { "type": "Polygon", "coordinates": [ [ [ 6.45014969897784, 62.477511466347622 ], [ 6.451268351829689, 62.477320811649697 ], [ 6.450612654000031, 62.477781530919863 ], [ 6.45014969897784, 62.477511466347622 ] ] ] } },
{ "type": "Feature", "properties": { }, "geometry": { "type": "Polygon", "coordinates": [ [ [ 6.451268351829689, 62.477320811649697 ], [ 6.451264955010079, 62.477872473190615 ], [ 6.450612654000031, 62.477781530919863 ], [ 6.451268351829689, 62.477320811649697 ] ] ] } },
{ "type": "Feature", "properties": { }, "geometry": { "type": "Polygon", "coordinates": [ [ [ 6.549868450075095, 62.483444931257367 ], [ 6.550506049278161, 62.483462980595 ], [ 6.550416695607798, 62.483755624230284 ], [ 6.549868450075095, 62.483444931257367 ] ] ] } },
{ "type": "Feature", "properties": { }, "geometry": { "type": "Polygon", "coordinates": [ [ [ 6.550506049278161, 62.483462980595 ], [ 6.550895996858683, 62.483697073391397 ], [ 6.550416695607798, 62.483755624230284 ], [ 6.550506049278161, 62.483462980595 ] ] ] } },
{ "type": "Feature", "properties": { }, "geometry": { "type": "Polygon", "coordinates": [ [ [ 6.394405487675676, 62.464912306778473 ], [ 6.394747649160516, 62.465046368173894 ], [ 6.394131251559082, 62.465169804141816 ], [ 6.394405487675676, 62.464912306778473 ] ] ] } },
{ "type": "Feature", "properties": { }, "geometry": { "type": "Polygon", "coordinates": [ [ [ 6.389741414227085, 62.468352328044276 ], [ 6.391395750462558, 62.468527045815605 ], [ 6.390571818730193, 62.468772048807494 ], [ 6.389741414227085, 62.468352328044276 ] ] ] } },
{ "type": "Feature", "properties": { }, "geometry": { "type": "Polygon", "coordinates": [ [ [ 6.391395750462558, 62.468527045815605 ], [ 6.391264081502738, 62.468976240407137 ], [ 6.390571818730193, 62.468772048807494 ], [ 6.391395750462558, 62.468527045815605 ] ] ] } },
{ "type": "Feature", "properties": { }, "geometry": { "type": "Polygon", "coordinates": [ [ [ 6.41996500633922, 62.476494947350204 ], [ 6.420941737255284, 62.476804298627471 ], [ 6.419861112589945, 62.477027741149591 ], [ 6.41996500633922, 62.476494947350204 ] ] ] } },
{ "type": "Feature", "properties": { }, "geometry": { "type": "Polygon", "coordinates": [ [ [ 6.419861112589945, 62.477027741149591 ], [ 6.420941737255284, 62.476804298627471 ], [ 6.42088617023796, 62.477351424856323 ], [ 6.419861112589945, 62.477027741149591 ] ] ] } },
{ "type": "Feature", "properties": { }, "geometry": { "type": "Polygon", "coordinates": [ [ [ 6.41996500633922, 62.476494947350204 ], [ 6.419861112589945, 62.477027741149591 ], [ 6.419096731844957, 62.476848111735585 ], [ 6.41996500633922, 62.476494947350204 ] ] ] } },
{ "type": "Feature", "properties": { }, "geometry": { "type": "Polygon", "coordinates": [ [ [ 6.469541625639784, 62.481133911463765 ], [ 6.469982767110039, 62.481728316138948 ], [ 6.469052397068048, 62.481543891299246 ], [ 6.469541625639784, 62.481133911463765 ] ] ] } },
{ "type": "Feature", "properties": { }, "geometry": { "type": "Polygon", "coordinates": [ [ [ 6.469541625639784, 62.481133911463765 ], [ 6.470589020906028, 62.481534051609479 ], [ 6.469982767110039, 62.481728316138948 ], [ 6.469541625639784, 62.481133911463765 ] ] ] } },
{ "type": "Feature", "properties": { }, "geometry": { "type": "Polygon", "coordinates": [ [ [ 6.520735271133565, 62.477645720965626 ], [ 6.521595201662741, 62.477670082560948 ], [ 6.52111429798933, 62.478042942480648 ], [ 6.520735271133565, 62.477645720965626 ] ] ] } },
{ "type": "Feature", "properties": { }, "geometry": { "type": "Polygon", "coordinates": [ [ [ 6.520735271133565, 62.477645720965626 ], [ 6.52111429798933, 62.478042942480648 ], [ 6.519794909406474, 62.477872876384303 ], [ 6.520735271133565, 62.477645720965626 ] ] ] } },
{ "type": "Feature", "properties": { }, "geometry": { "type": "Polygon", "coordinates": [ [ [ 6.539314426814442, 62.479346694005905 ], [ 6.540003716527655, 62.479509589732253 ], [ 6.539035005980513, 62.479993562466483 ], [ 6.539314426814442, 62.479346694005905 ] ] ] } },
{ "type": "Feature", "properties": { }, "geometry": { "type": "Polygon", "coordinates": [ [ [ 6.538296862996276, 62.479453997016471 ], [ 6.539314426814442, 62.479346694005905 ], [ 6.539035005980513, 62.479993562466483 ], [ 6.538296862996276, 62.479453997016471 ] ] ] } },
{ "type": "Feature", "properties": { }, "geometry": { "type": "Polygon", "coordinates": [ [ [ 6.538744884569611, 62.479017828246654 ], [ 6.539314426814442, 62.479346694005905 ], [ 6.538296862996276, 62.479453997016471 ], [ 6.538744884569611, 62.479017828246654 ] ] ] } },
{ "type": "Feature", "properties": { }, "geometry": { "type": "Polygon", "coordinates": [ [ [ 6.505122072593056, 62.481667122564119 ], [ 6.506108737099978, 62.482015606009732 ], [ 6.505569764796062, 62.482202796288796 ], [ 6.505122072593056, 62.481667122564119 ] ] ] } },
{ "type": "Feature", "properties": { }, "geometry": { "type": "Polygon", "coordinates": [ [ [ 6.505122072593056, 62.481667122564119 ], [ 6.506698068647793, 62.481716239433872 ], [ 6.506108737099978, 62.482015606009732 ], [ 6.505122072593056, 62.481667122564119 ] ] ] } },
{ "type": "Feature", "properties": { }, "geometry": { "type": "Polygon", "coordinates": [ [ [ 6.496030453693059, 62.482206283884217 ], [ 6.495913517263033, 62.482748975561876 ], [ 6.495317857957516, 62.482640719644415 ], [ 6.496030453693059, 62.482206283884217 ] ] ] } },
{ "type": "Feature", "properties": { }, "geometry": { "type": "Polygon", "coordinates": [ [ [ 6.496030453693059, 62.482206283884217 ], [ 6.497121834302221, 62.482693734015207 ], [ 6.495913517263033, 62.482748975561876 ], [ 6.496030453693059, 62.482206283884217 ] ] ] } },
{ "type": "Feature", "properties": { }, "geometry": { "type": "Polygon", "coordinates": [ [ [ 6.503563200789428, 62.482931361045388 ], [ 6.503363779194244, 62.483506221075245 ], [ 6.502678974903541, 62.483420331810038 ], [ 6.503563200789428, 62.482931361045388 ] ] ] } },
{ "type": "Feature", "properties": { }, "geometry": { "type": "Polygon", "coordinates": [ [ [ 6.502678974903541, 62.483420331810038 ], [ 6.503363779194244, 62.483506221075245 ], [ 6.503121184608857, 62.483677048722349 ], [ 6.502678974903541, 62.483420331810038 ] ] ] } },
{ "type": "Feature", "properties": { }, "geometry": { "type": "Polygon", "coordinates": [ [ [ 6.504200574804325, 62.481908041255387 ], [ 6.505569764796062, 62.482202796288796 ], [ 6.504538888059734, 62.482372080582124 ], [ 6.504200574804325, 62.481908041255387 ] ] ] } },
{ "type": "Feature", "properties": { }, "geometry": { "type": "Polygon", "coordinates": [ [ [ 6.503534117663669, 62.482288498124781 ], [ 6.504538888059734, 62.482372080582124 ], [ 6.504296411236155, 62.482602685787604 ], [ 6.503534117663669, 62.482288498124781 ] ] ] } },
{ "type": "Feature", "properties": { }, "geometry": { "type": "Polygon", "coordinates": [ [ [ 6.504200574804325, 62.481908041255387 ], [ 6.504538888059734, 62.482372080582124 ], [ 6.503534117663669, 62.482288498124781 ], [ 6.504200574804325, 62.481908041255387 ] ] ] } },
{ "type": "Feature", "properties": { }, "geometry": { "type": "Polygon", "coordinates": [ [ [ 6.503807481837098, 62.476984284627868 ], [ 6.504198472166268, 62.477398142822842 ], [ 6.50311973359996, 62.477209007554976 ], [ 6.503807481837098, 62.476984284627868 ] ] ] } },
{ "type": "Feature", "properties": { }, "geometry": { "type": "Polygon", "coordinates": [ [ [ 6.562108272412425, 62.48412852942122 ], [ 6.563160948190581, 62.484340763835348 ], [ 6.562149965081393, 62.484592683928895 ], [ 6.562108272412425, 62.48412852942122 ] ] ] } },
{ "type": "Feature", "properties": { }, "geometry": { "type": "Polygon", "coordinates": [ [ [ 6.562108272412425, 62.48412852942122 ], [ 6.562149965081393, 62.484592683928895 ], [ 6.561619589679363, 62.484534354432476 ], [ 6.562108272412425, 62.48412852942122 ] ] ] } },
{ "type": "Feature", "properties": { }, "geometry": { "type": "Polygon", "coordinates": [ [ [ 6.481741795376742, 62.483062886964341 ], [ 6.481710590843495, 62.483553795146832 ], [ 6.480334258529802, 62.483357104492377 ], [ 6.481741795376742, 62.483062886964341 ] ] ] } },
{ "type": "Feature", "properties": { }, "geometry": { "type": "Polygon", "coordinates": [ [ [ 6.481741795376742, 62.483062886964341 ], [ 6.482269617497148, 62.483488987276786 ], [ 6.481710590843495, 62.483553795146832 ], [ 6.481741795376742, 62.483062886964341 ] ] ] } },
{ "type": "Feature", "properties": { }, "geometry": { "type": "Polygon", "coordinates": [ [ [ 6.480334258529802, 62.483357104492377 ], [ 6.481710590843495, 62.483553795146832 ], [ 6.480907458232965, 62.483774520506749 ], [ 6.480334258529802, 62.483357104492377 ] ] ] } },
{ "type": "Feature", "properties": { }, "geometry": { "type": "Polygon", "coordinates": [ [ [ 6.400357537533442, 62.465648862874218 ], [ 6.401264451060713, 62.465875337725016 ], [ 6.399738440919749, 62.465942452526093 ], [ 6.400357537533442, 62.465648862874218 ] ] ] } },
{ "type": "Feature", "properties": { }, "geometry": { "type": "Polygon", "coordinates": [ [ [ 6.401477149054944, 62.470882057825875 ], [ 6.401825512150175, 62.471250289998018 ], [ 6.40122228838674, 62.471266347746415 ], [ 6.401477149054944, 62.470882057825875 ] ] ] } },
{ "type": "Feature", "properties": { }, "geometry": { "type": "Polygon", "coordinates": [ [ [ 6.401477149054944, 62.470882057825875 ], [ 6.402474637102798, 62.470899301731656 ], [ 6.401825512150175, 62.471250289998018 ], [ 6.401477149054944, 62.470882057825875 ] ] ] } },
{ "type": "Feature", "properties": { }, "geometry": { "type": "Polygon", "coordinates": [ [ [ 6.402474637102798, 62.470899301731656 ], [ 6.40281652576172, 62.471333380043589 ], [ 6.401825512150175, 62.471250289998018 ], [ 6.402474637102798, 62.470899301731656 ] ] ] } },
{ "type": "Feature", "properties": { }, "geometry": { "type": "Polygon", "coordinates": [ [ [ 6.517212433871843, 62.477306383795337 ], [ 6.51774938673362, 62.477430870852295 ], [ 6.517224630706143, 62.47760535042088 ], [ 6.517212433871843, 62.477306383795337 ] ] ] } },
{ "type": "Feature", "properties": { }, "geometry": { "type": "Polygon", "coordinates": [ [ [ 6.517212433871843, 62.477306383795337 ], [ 6.517224630706143, 62.47760535042088 ], [ 6.516579572454146, 62.477622852171876 ], [ 6.517212433871843, 62.477306383795337 ] ] ] } },
{ "type": "Feature", "properties": { }, "geometry": { "type": "Polygon", "coordinates": [ [ [ 6.531541952742203, 62.480981814664673 ], [ 6.532395866993181, 62.480898244014149 ], [ 6.532010171789576, 62.481563168860397 ], [ 6.531541952742203, 62.480981814664673 ] ] ] } },
{ "type": "Feature", "properties": { }, "geometry": { "type": "Polygon", "coordinates": [ [ [ 6.532395866993181, 62.480898244014149 ], [ 6.532948649501794, 62.481539466596317 ], [ 6.532010171789576, 62.481563168860397 ], [ 6.532395866993181, 62.480898244014149 ] ] ] } },
{ "type": "Feature", "properties": { }, "geometry": { "type": "Polygon", "coordinates": [ [ [ 6.531301356386225, 62.48159709898831 ], [ 6.532010171789576, 62.481563168860397 ], [ 6.531691687092752, 62.481702840087728 ], [ 6.531301356386225, 62.48159709898831 ] ] ] } },
{ "type": "Feature", "properties": { }, "geometry": { "type": "Polygon", "coordinates": [ [ [ 6.531316110683904, 62.481371915530332 ], [ 6.532010171789576, 62.481563168860397 ], [ 6.531301356386225, 62.48159709898831 ], [ 6.531316110683904, 62.481371915530332 ] ] ] } },
{ "type": "Feature", "properties": { }, "geometry": { "type": "Polygon", "coordinates": [ [ [ 6.531541952742203, 62.480981814664673 ], [ 6.532010171789576, 62.481563168860397 ], [ 6.531316110683904, 62.481371915530332 ], [ 6.531541952742203, 62.480981814664673 ] ] ] } },
{ "type": "Feature", "properties": { }, "geometry": { "type": "Polygon", "coordinates": [ [ [ 6.552310787515591, 62.483401579243832 ], [ 6.553055229070387, 62.48345340482792 ], [ 6.552506407521979, 62.483737922510613 ], [ 6.552310787515591, 62.483401579243832 ] ] ] } },
{ "type": "Feature", "properties": { }, "geometry": { "type": "Polygon", "coordinates": [ [ [ 6.552310787515591, 62.483401579243832 ], [ 6.552506407521979, 62.483737922510613 ], [ 6.551865339887474, 62.483682369948163 ], [ 6.552310787515591, 62.483401579243832 ] ] ] } },
{ "type": "Feature", "properties": { }, "geometry": { "type": "Polygon", "coordinates": [ [ [ 6.549776809240843, 62.479623510918778 ], [ 6.549906978936704, 62.47993797969626 ], [ 6.549229986472682, 62.479819711069617 ], [ 6.549776809240843, 62.479623510918778 ] ] ] } },
{ "type": "Feature", "properties": { }, "geometry": { "type": "Polygon", "coordinates": [ [ [ 6.551374005380499, 62.479246687953584 ], [ 6.551593502258906, 62.47990030278423 ], [ 6.550819323475912, 62.479591784817927 ], [ 6.551374005380499, 62.479246687953584 ] ] ] } },
{ "type": "Feature", "properties": { }, "geometry": { "type": "Polygon", "coordinates": [ [ [ 6.550819323475912, 62.479591784817927 ], [ 6.551593502258906, 62.47990030278423 ], [ 6.550572471351404, 62.47988299409851 ], [ 6.550819323475912, 62.479591784817927 ] ] ] } },
{ "type": "Feature", "properties": { }, "geometry": { "type": "Polygon", "coordinates": [ [ [ 6.432013449385456, 62.476960754782823 ], [ 6.432783308089552, 62.477011994167306 ], [ 6.43231592916389, 62.47729235414662 ], [ 6.432013449385456, 62.476960754782823 ] ] ] } },
{ "type": "Feature", "properties": { }, "geometry": { "type": "Polygon", "coordinates": [ [ [ 6.520340312705676, 62.480895234657545 ], [ 6.520711288865079, 62.48136199426262 ], [ 6.51999284890193, 62.481365852406732 ], [ 6.520340312705676, 62.480895234657545 ] ] ] } },
{ "type": "Feature", "properties": { }, "geometry": { "type": "Polygon", "coordinates": [ [ [ 6.520340312705676, 62.480895234657545 ], [ 6.521308582903261, 62.481122367201884 ], [ 6.520711288865079, 62.48136199426262 ], [ 6.520340312705676, 62.480895234657545 ] ] ] } },
{ "type": "Feature", "properties": { }, "geometry": { "type": "Polygon", "coordinates": [ [ [ 6.522230249835381, 62.481063662233367 ], [ 6.52336830528104, 62.481071393513112 ], [ 6.52257447516784, 62.481463595851132 ], [ 6.522230249835381, 62.481063662233367 ] ] ] } },
{ "type": "Feature", "properties": { }, "geometry": { "type": "Polygon", "coordinates": [ [ [ 6.52336830528104, 62.481071393513112 ], [ 6.523268986533036, 62.481496347601379 ], [ 6.52257447516784, 62.481463595851132 ], [ 6.52336830528104, 62.481071393513112 ] ] ] } },
{ "type": "Feature", "properties": { }, "geometry": { "type": "Polygon", "coordinates": [ [ [ 6.522230249835381, 62.481063662233367 ], [ 6.52257447516784, 62.481463595851132 ], [ 6.522014340666484, 62.481497512147811 ], [ 6.522230249835381, 62.481063662233367 ] ] ] } },
{ "type": "Feature", "properties": { }, "geometry": { "type": "Polygon", "coordinates": [ [ [ 6.409730373750294, 62.473434088844172 ], [ 6.409665031037302, 62.473859789138757 ], [ 6.409194035943557, 62.473781245282147 ], [ 6.409730373750294, 62.473434088844172 ] ] ] } },
{ "type": "Feature", "properties": { }, "geometry": { "type": "Polygon", "coordinates": [ [ [ 6.474521979089277, 62.473129226318058 ], [ 6.475172422541737, 62.473313172971658 ], [ 6.474018632870393, 62.473674172571506 ], [ 6.474521979089277, 62.473129226318058 ] ] ] } },
{ "type": "Feature", "properties": { }, "geometry": { "type": "Polygon", "coordinates": [ [ [ 6.473832552729541, 62.473087810625692 ], [ 6.474521979089277, 62.473129226318058 ], [ 6.474018632870393, 62.473674172571506 ], [ 6.473832552729541, 62.473087810625692 ] ] ] } },
{ "type": "Feature", "properties": { }, "geometry": { "type": "Polygon", "coordinates": [ [ [ 6.474120752602347, 62.472794997499641 ], [ 6.474521979089277, 62.473129226318058 ], [ 6.473832552729541, 62.473087810625692 ], [ 6.474120752602347, 62.472794997499641 ] ] ] } },
{ "type": "Feature", "properties": { }, "geometry": { "type": "Polygon", "coordinates": [ [ [ 6.489128769539294, 62.482673478112673 ], [ 6.490370700215776, 62.482717088535914 ], [ 6.490138413991556, 62.483010919569402 ], [ 6.489128769539294, 62.482673478112673 ] ] ] } },
{ "type": "Feature", "properties": { }, "geometry": { "type": "Polygon", "coordinates": [ [ [ 6.490370700215776, 62.482717088535914 ], [ 6.490793135113659, 62.482961395598316 ], [ 6.490138413991556, 62.483010919569402 ], [ 6.490370700215776, 62.482717088535914 ] ] ] } },
{ "type": "Feature", "properties": { }, "geometry": { "type": "Polygon", "coordinates": [ [ [ 6.519301343286472, 62.48102258677789 ], [ 6.51999284890193, 62.481365852406732 ], [ 6.51934846977214, 62.481428228148225 ], [ 6.519301343286472, 62.48102258677789 ] ] ] } },
{ "type": "Feature", "properties": { }, "geometry": { "type": "Polygon", "coordinates": [ [ [ 6.519301343286472, 62.48102258677789 ], [ 6.520340312705676, 62.480895234657545 ], [ 6.51999284890193, 62.481365852406732 ], [ 6.519301343286472, 62.48102258677789 ] ] ] } },
{ "type": "Feature", "properties": { }, "geometry": { "type": "Polygon", "coordinates": [ [ [ 6.492304888480592, 62.482005403991877 ], [ 6.493054522702662, 62.481706929528528 ], [ 6.493187487869733, 62.482344917298001 ], [ 6.492304888480592, 62.482005403991877 ] ] ] } },
{ "type": "Feature", "properties": { }, "geometry": { "type": "Polygon", "coordinates": [ [ [ 6.493054522702662, 62.481706929528528 ], [ 6.493888398176268, 62.482218740209305 ], [ 6.493187487869733, 62.482344917298001 ], [ 6.493054522702662, 62.481706929528528 ] ] ] } },
{ "type": "Feature", "properties": { }, "geometry": { "type": "Polygon", "coordinates": [ [ [ 6.492304888480592, 62.482005403991877 ], [ 6.493187487869733, 62.482344917298001 ], [ 6.492325401100042, 62.482462900197149 ], [ 6.492304888480592, 62.482005403991877 ] ] ] } },
{ "type": "Feature", "properties": { }, "geometry": { "type": "Polygon", "coordinates": [ [ [ 6.476162843736005, 62.472751074562552 ], [ 6.476879960261387, 62.472882045329946 ], [ 6.476246220333041, 62.4730852235989 ], [ 6.476162843736005, 62.472751074562552 ] ] ] } },
{ "type": "Feature", "properties": { }, "geometry": { "type": "Polygon", "coordinates": [ [ [ 6.415079409730696, 62.475831550249815 ], [ 6.415487360940952, 62.475864336980521 ], [ 6.414942572790634, 62.476012404359288 ], [ 6.415079409730696, 62.475831550249815 ] ] ] } },
{ "type": "Feature", "properties": { }, "geometry": { "type": "Polygon", "coordinates": [ [ [ 6.414684544602068, 62.475889213300256 ], [ 6.415079409730696, 62.475831550249815 ], [ 6.414942572790634, 62.476012404359288 ], [ 6.414684544602068, 62.475889213300256 ] ] ] } },
{ "type": "Feature", "properties": { }, "geometry": { "type": "Polygon", "coordinates": [ [ [ 6.41406072462441, 62.47521600597991 ], [ 6.414989602015129, 62.475606495283749 ], [ 6.414410288527208, 62.475773775305711 ], [ 6.41406072462441, 62.47521600597991 ] ] ] } },
{ "type": "Feature", "properties": { }, "geometry": { "type": "Polygon", "coordinates": [ [ [ 6.414989602015129, 62.475606495283749 ], [ 6.414684544602068, 62.475889213300256 ], [ 6.414410288527208, 62.475773775305711 ], [ 6.414989602015129, 62.475606495283749 ] ] ] } },
{ "type": "Feature", "properties": { }, "geometry": { "type": "Polygon", "coordinates": [ [ [ 6.548620859787311, 62.484092631252885 ], [ 6.549609286602452, 62.484080928820532 ], [ 6.549552139775176, 62.484403377445709 ], [ 6.548620859787311, 62.484092631252885 ] ] ] } },
{ "type": "Feature", "properties": { }, "geometry": { "type": "Polygon", "coordinates": [ [ [ 6.525382540053875, 62.481069288876817 ], [ 6.526184806154903, 62.481185578699197 ], [ 6.525620995542955, 62.481367708986404 ], [ 6.525382540053875, 62.481069288876817 ] ] ] } },
{ "type": "Feature", "properties": { }, "geometry": { "type": "Polygon", "coordinates": [ [ [ 6.455468487101582, 62.470675224235215 ], [ 6.455919280323194, 62.470621068051337 ], [ 6.455901297369016, 62.471018039154536 ], [ 6.455468487101582, 62.470675224235215 ] ] ] } },
{ "type": "Feature", "properties": { }, "geometry": { "type": "Polygon", "coordinates": [ [ [ 6.454721336298363, 62.470744114807921 ], [ 6.455468487101582, 62.470675224235215 ], [ 6.455901297369016, 62.471018039154536 ], [ 6.454721336298363, 62.470744114807921 ] ] ] } },
{ "type": "Feature", "properties": { }, "geometry": { "type": "Polygon", "coordinates": [ [ [ 6.510923257880463, 62.480254030682318 ], [ 6.510957735078232, 62.480802508122409 ], [ 6.510333265340289, 62.48073000727986 ], [ 6.510923257880463, 62.480254030682318 ] ] ] } },
{ "type": "Feature", "properties": { }, "geometry": { "type": "Polygon", "coordinates": [ [ [ 6.509736251457215, 62.480304502304037 ], [ 6.510333265340289, 62.48073000727986 ], [ 6.509764757822323, 62.480811644331723 ], [ 6.509736251457215, 62.480304502304037 ] ] ] } },
{ "type": "Feature", "properties": { }, "geometry": { "type": "Polygon", "coordinates": [ [ [ 6.509736251457215, 62.480304502304037 ], [ 6.510923257880463, 62.480254030682318 ], [ 6.510333265340289, 62.48073000727986 ], [ 6.509736251457215, 62.480304502304037 ] ] ] } },
{ "type": "Feature", "properties": { }, "geometry": { "type": "Polygon", "coordinates": [ [ [ 6.411463533700631, 62.473966624549874 ], [ 6.411629776993863, 62.474258475305398 ], [ 6.411294360856302, 62.474247267371759 ], [ 6.411463533700631, 62.473966624549874 ] ] ] } },
{ "type": "Feature", "properties": { }, "geometry": { "type": "Polygon", "coordinates": [ [ [ 6.411463533700631, 62.473966624549874 ], [ 6.412664529353172, 62.47397615237427 ], [ 6.411629776993863, 62.474258475305398 ], [ 6.411463533700631, 62.473966624549874 ] ] ] } },
{ "type": "Feature", "properties": { }, "geometry": { "type": "Polygon", "coordinates": [ [ [ 6.412664529353172, 62.47397615237427 ], [ 6.412558840957967, 62.474576593645061 ], [ 6.411629776993863, 62.474258475305398 ], [ 6.412664529353172, 62.47397615237427 ] ] ] } },
{ "type": "Feature", "properties": { }, "geometry": { "type": "Polygon", "coordinates": [ [ [ 6.394131251559082, 62.465169804141816 ], [ 6.394747649160516, 62.465046368173894 ], [ 6.394961744758767, 62.465415523714668 ], [ 6.394131251559082, 62.465169804141816 ] ] ] } },
{ "type": "Feature", "properties": { }, "geometry": { "type": "Polygon", "coordinates": [ [ [ 6.394131251559082, 62.465169804141816 ], [ 6.394961744758767, 62.465415523714668 ], [ 6.393904646420989, 62.465723938433499 ], [ 6.394131251559082, 62.465169804141816 ] ] ] } },
{ "type": "Feature", "properties": { }, "geometry": { "type": "Polygon", "coordinates": [ [ [ 6.393168889540281, 62.465274438845107 ], [ 6.394131251559082, 62.465169804141816 ], [ 6.393904646420989, 62.465723938433499 ], [ 6.393168889540281, 62.465274438845107 ] ] ] } },
{ "type": "Feature", "properties": { }, "geometry": { "type": "Polygon", "coordinates": [ [ [ 6.531301356386225, 62.48159709898831 ], [ 6.531691687092752, 62.481702840087728 ], [ 6.531226350308014, 62.481803484313581 ], [ 6.531301356386225, 62.48159709898831 ] ] ] } },
{ "type": "Feature", "properties": { }, "geometry": { "type": "Polygon", "coordinates": [ [ [ 6.551364283313259, 62.483458491236966 ], [ 6.551865339887474, 62.483682369948163 ], [ 6.55147094167583, 62.48377696924296 ], [ 6.551364283313259, 62.483458491236966 ] ] ] } },
{ "type": "Feature", "properties": { }, "geometry": { "type": "Polygon", "coordinates": [ [ [ 6.551364283313259, 62.483458491236966 ], [ 6.552310787515591, 62.483401579243832 ], [ 6.551865339887474, 62.483682369948163 ], [ 6.551364283313259, 62.483458491236966 ] ] ] } },
{ "type": "Feature", "properties": { }, "geometry": { "type": "Polygon", "coordinates": [ [ [ 6.52336830528104, 62.481071393513112 ], [ 6.523763531298104, 62.481457729560418 ], [ 6.523268986533036, 62.481496347601379 ], [ 6.52336830528104, 62.481071393513112 ] ] ] } },
{ "type": "Feature", "properties": { }, "geometry": { "type": "Polygon", "coordinates": [ [ [ 6.473466390801102, 62.472814294055922 ], [ 6.474120752602347, 62.472794997499641 ], [ 6.473832552729541, 62.473087810625692 ], [ 6.473466390801102, 62.472814294055922 ] ] ] } },
{ "type": "Feature", "properties": { }, "geometry": { "type": "Polygon", "coordinates": [ [ [ 6.473466390801102, 62.472814294055922 ], [ 6.473832552729541, 62.473087810625692 ], [ 6.472886995819822, 62.473169705633772 ], [ 6.473466390801102, 62.472814294055922 ] ] ] } },
{ "type": "Feature", "properties": { }, "geometry": { "type": "Polygon", "coordinates": [ [ [ 6.472718643517227, 62.472731348302894 ], [ 6.473466390801102, 62.472814294055922 ], [ 6.472886995819822, 62.473169705633772 ], [ 6.472718643517227, 62.472731348302894 ] ] ] } },
{ "type": "Feature", "properties": { }, "geometry": { "type": "Polygon", "coordinates": [ [ [ 6.492304888480592, 62.482005403991877 ], [ 6.492325401100042, 62.482462900197149 ], [ 6.491531857408328, 62.482290820378438 ], [ 6.492304888480592, 62.482005403991877 ] ] ] } },
{ "type": "Feature", "properties": { }, "geometry": { "type": "Polygon", "coordinates": [ [ [ 6.491531857408328, 62.482290820378438 ], [ 6.492325401100042, 62.482462900197149 ], [ 6.491774798499214, 62.482680415316629 ], [ 6.491531857408328, 62.482290820378438 ] ] ] } },
{ "type": "Feature", "properties": { }, "geometry": { "type": "Polygon", "coordinates": [ [ [ 6.414989602015129, 62.475606495283749 ], [ 6.416063563171606, 62.47539427194819 ], [ 6.415487360940952, 62.475864336980521 ], [ 6.414989602015129, 62.475606495283749 ] ] ] } },
{ "type": "Feature", "properties": { }, "geometry": { "type": "Polygon", "coordinates": [ [ [ 6.416063563171606, 62.47539427194819 ], [ 6.416825386670236, 62.475803865686096 ], [ 6.415487360940952, 62.475864336980521 ], [ 6.416063563171606, 62.47539427194819 ] ] ] } },
{ "type": "Feature", "properties": { }, "geometry": { "type": "Polygon", "coordinates": [ [ [ 6.414989602015129, 62.475606495283749 ], [ 6.415487360940952, 62.475864336980521 ], [ 6.415079409730696, 62.475831550249815 ], [ 6.414989602015129, 62.475606495283749 ] ] ] } },
{ "type": "Feature", "properties": { }, "geometry": { "type": "Polygon", "coordinates": [ [ [ 6.414989602015129, 62.475606495283749 ], [ 6.415079409730696, 62.475831550249815 ], [ 6.414684544602068, 62.475889213300256 ], [ 6.414989602015129, 62.475606495283749 ] ] ] } },
{ "type": "Feature", "properties": { }, "geometry": { "type": "Polygon", "coordinates": [ [ [ 6.510923257880463, 62.480254030682318 ], [ 6.511692426936468, 62.480726290428791 ], [ 6.510957735078232, 62.480802508122409 ], [ 6.510923257880463, 62.480254030682318 ] ] ] } },
{ "type": "Feature", "properties": { }, "geometry": { "type": "Polygon", "coordinates": [ [ [ 6.510957735078232, 62.480802508122409 ], [ 6.511692426936468, 62.480726290428791 ], [ 6.511152086238766, 62.480968910994207 ], [ 6.510957735078232, 62.480802508122409 ] ] ] } },
{ "type": "Feature", "properties": { }, "geometry": { "type": "Polygon", "coordinates": [ [ [ 6.410921701508161, 62.47361668669199 ], [ 6.412081608193896, 62.473496804112976 ], [ 6.411463533700631, 62.473966624549874 ], [ 6.410921701508161, 62.47361668669199 ] ] ] } },
{ "type": "Feature", "properties": { }, "geometry": { "type": "Polygon", "coordinates": [ [ [ 6.412081608193896, 62.473496804112976 ], [ 6.412664529353172, 62.47397615237427 ], [ 6.411463533700631, 62.473966624549874 ], [ 6.412081608193896, 62.473496804112976 ] ] ] } },
{ "type": "Feature", "properties": { }, "geometry": { "type": "Polygon", "coordinates": [ [ [ 6.403977896148464, 62.466159901067194 ], [ 6.405142691031888, 62.466244514236827 ], [ 6.404999649137922, 62.466786308047531 ], [ 6.403977896148464, 62.466159901067194 ] ] ] } },
{ "type": "Feature", "properties": { }, "geometry": { "type": "Polygon", "coordinates": [ [ [ 6.403977896148464, 62.466159901067194 ], [ 6.404999649137922, 62.466786308047531 ], [ 6.403421423108281, 62.466499379382164 ], [ 6.403977896148464, 62.466159901067194 ] ] ] } },
{ "type": "Feature", "properties": { }, "geometry": { "type": "Polygon", "coordinates": [ [ [ 6.403512702285989, 62.4660753234743 ], [ 6.403977896148464, 62.466159901067194 ], [ 6.403421423108281, 62.466499379382164 ], [ 6.403512702285989, 62.4660753234743 ] ] ] } },
{ "type": "Feature", "properties": { }, "geometry": { "type": "Polygon", "coordinates": [ [ [ 6.429141844253875, 62.467573873472361 ], [ 6.430117213562823, 62.467787536844284 ], [ 6.429123121833249, 62.468176077262385 ], [ 6.429141844253875, 62.467573873472361 ] ] ] } },
{ "type": "Feature", "properties": { }, "geometry": { "type": "Polygon", "coordinates": [ [ [ 6.429141844253875, 62.467573873472361 ], [ 6.429123121833249, 62.468176077262385 ], [ 6.42695515555372, 62.46808309911448 ], [ 6.429141844253875, 62.467573873472361 ] ] ] } },
{ "type": "Feature", "properties": { }, "geometry": { "type": "Polygon", "coordinates": [ [ [ 6.427852251296888, 62.467275574000944 ], [ 6.429141844253875, 62.467573873472361 ], [ 6.42695515555372, 62.46808309911448 ], [ 6.427852251296888, 62.467275574000944 ] ] ] } },
{ "type": "Feature", "properties": { }, "geometry": { "type": "Polygon", "coordinates": [ [ [ 6.438900374034302, 62.468943305228251 ], [ 6.44048971610416, 62.469347738589803 ], [ 6.439077697600275, 62.469665336268612 ], [ 6.438900374034302, 62.468943305228251 ] ] ] } },
{ "type": "Feature", "properties": { }, "geometry": { "type": "Polygon", "coordinates": [ [ [ 6.438900374034302, 62.468943305228251 ], [ 6.439077697600275, 62.469665336268612 ], [ 6.437681564639465, 62.469333032310587 ], [ 6.438900374034302, 62.468943305228251 ] ] ] } },
{ "type": "Feature", "properties": { }, "geometry": { "type": "Polygon", "coordinates": [ [ [ 6.43828080544987, 62.468705943400906 ], [ 6.438900374034302, 62.468943305228251 ], [ 6.437681564639465, 62.469333032310587 ], [ 6.43828080544987, 62.468705943400906 ] ] ] } },
{ "type": "Feature", "properties": { }, "geometry": { "type": "Polygon", "coordinates": [ [ [ 6.486022589584681, 62.482528188569177 ], [ 6.486857254035125, 62.483306379471728 ], [ 6.48585535957204, 62.483393480294708 ], [ 6.486022589584681, 62.482528188569177 ] ] ] } },
{ "type": "Feature", "properties": { }, "geometry": { "type": "Polygon", "coordinates": [ [ [ 6.484342866609039, 62.482680777866385 ], [ 6.48585535957204, 62.483393480294708 ], [ 6.484396765599268, 62.483472401406416 ], [ 6.484342866609039, 62.482680777866385 ] ] ] } },
{ "type": "Feature", "properties": { }, "geometry": { "type": "Polygon", "coordinates": [ [ [ 6.484342866609039, 62.482680777866385 ], [ 6.486022589584681, 62.482528188569177 ], [ 6.48585535957204, 62.483393480294708 ], [ 6.484342866609039, 62.482680777866385 ] ] ] } },
{ "type": "Feature", "properties": { }, "geometry": { "type": "Polygon", "coordinates": [ [ [ 6.510966311405201, 62.477024006436167 ], [ 6.511813567922387, 62.477067962330899 ], [ 6.511294779554909, 62.477438787011209 ], [ 6.510966311405201, 62.477024006436167 ] ] ] } },
{ "type": "Feature", "properties": { }, "geometry": { "type": "Polygon", "coordinates": [ [ [ 6.510966311405201, 62.477024006436167 ], [ 6.511294779554909, 62.477438787011209 ], [ 6.510340216470532, 62.47744292379658 ], [ 6.510966311405201, 62.477024006436167 ] ] ] } },
{ "type": "Feature", "properties": { }, "geometry": { "type": "Polygon", "coordinates": [ [ [ 6.510401018811392, 62.476934350618812 ], [ 6.510966311405201, 62.477024006436167 ], [ 6.510340216470532, 62.47744292379658 ], [ 6.510401018811392, 62.476934350618812 ] ] ] } },
{ "type": "Feature", "properties": { }, "geometry": { "type": "Polygon", "coordinates": [ [ [ 6.526999666147177, 62.480632079187437 ], [ 6.527894267451853, 62.481284529700872 ], [ 6.526929973327198, 62.481301021095049 ], [ 6.526999666147177, 62.480632079187437 ] ] ] } },
{ "type": "Feature", "properties": { }, "geometry": { "type": "Polygon", "coordinates": [ [ [ 6.526999666147177, 62.480632079187437 ], [ 6.526929973327198, 62.481301021095049 ], [ 6.526184806154903, 62.481185578699197 ], [ 6.526999666147177, 62.480632079187437 ] ] ] } },
{ "type": "Feature", "properties": { }, "geometry": { "type": "Polygon", "coordinates": [ [ [ 6.545234636008446, 62.482631262215747 ], [ 6.545767328900477, 62.483543567082016 ], [ 6.543934296016326, 62.48336001288105 ], [ 6.545234636008446, 62.482631262215747 ] ] ] } },
{ "type": "Feature", "properties": { }, "geometry": { "type": "Polygon", "coordinates": [ [ [ 6.543296985129284, 62.482930110911042 ], [ 6.545234636008446, 62.482631262215747 ], [ 6.543934296016326, 62.48336001288105 ], [ 6.543296985129284, 62.482930110911042 ] ] ] } },
{ "type": "Feature", "properties": { }, "geometry": { "type": "Polygon", "coordinates": [ [ [ 6.565203002709125, 62.483997444025242 ], [ 6.566893489628953, 62.484266429007889 ], [ 6.566084632346613, 62.484542831757814 ], [ 6.565203002709125, 62.483997444025242 ] ] ] } },
{ "type": "Feature", "properties": { }, "geometry": { "type": "Polygon", "coordinates": [ [ [ 6.511692426936468, 62.480726290428791 ], [ 6.511617315393291, 62.481092971612128 ], [ 6.511152086238766, 62.480968910994207 ], [ 6.511692426936468, 62.480726290428791 ] ] ] } },
{ "type": "Feature", "properties": { }, "geometry": { "type": "Polygon", "coordinates": [ [ [ 6.511692426936468, 62.480726290428791 ], [ 6.512454396069441, 62.480944693038332 ], [ 6.511617315393291, 62.481092971612128 ], [ 6.511692426936468, 62.480726290428791 ] ] ] } },
{ "type": "Feature", "properties": { }, "geometry": { "type": "Polygon", "coordinates": [ [ [ 6.454187992823853, 62.470279333600622 ], [ 6.454569774220995, 62.470398537003177 ], [ 6.453944174294212, 62.470637228619196 ], [ 6.454187992823853, 62.470279333600622 ] ] ] } },
{ "type": "Feature", "properties": { }, "geometry": { "type": "Polygon", "coordinates": [ [ [ 6.453239988418831, 62.470337701888973 ], [ 6.454187992823853, 62.470279333600622 ], [ 6.453944174294212, 62.470637228619196 ], [ 6.453239988418831, 62.470337701888973 ] ] ] } },
{ "type": "Feature", "properties": { }, "geometry": { "type": "Polygon", "coordinates": [ [ [ 6.479648962381579, 62.472669310502646 ], [ 6.480197923846791, 62.47263703744045 ], [ 6.480047054876216, 62.473103587608534 ], [ 6.479648962381579, 62.472669310502646 ] ] ] } },
{ "type": "Feature", "properties": { }, "geometry": { "type": "Polygon", "coordinates": [ [ [ 6.479648962381579, 62.472669310502646 ], [ 6.480047054876216, 62.473103587608534 ], [ 6.478285041131111, 62.47290200040657 ], [ 6.479648962381579, 62.472669310502646 ] ] ] } },
{ "type": "Feature", "properties": { }, "geometry": { "type": "Polygon", "coordinates": [ [ [ 6.400490205501498, 62.470275547379863 ], [ 6.400692806836407, 62.470600011147816 ], [ 6.399977378960661, 62.470666429233496 ], [ 6.400490205501498, 62.470275547379863 ] ] ] } },
{ "type": "Feature", "properties": { }, "geometry": { "type": "Polygon", "coordinates": [ [ [ 6.516535357850079, 62.480406466383634 ], [ 6.517714397112018, 62.48041758957099 ], [ 6.517020729648027, 62.4809037800769 ], [ 6.516535357850079, 62.480406466383634 ] ] ] } },
{ "type": "Feature", "properties": { }, "geometry": { "type": "Polygon", "coordinates": [ [ [ 6.517714397112018, 62.48041758957099 ], [ 6.517947976737751, 62.480990058708628 ], [ 6.517020729648027, 62.4809037800769 ], [ 6.517714397112018, 62.48041758957099 ] ] ] } },
{ "type": "Feature", "properties": { }, "geometry": { "type": "Polygon", "coordinates": [ [ [ 6.516535357850079, 62.480406466383634 ], [ 6.517020729648027, 62.4809037800769 ], [ 6.516188757901793, 62.480928040937528 ], [ 6.516535357850079, 62.480406466383634 ] ] ] } },
{ "type": "Feature", "properties": { }, "geometry": { "type": "Polygon", "coordinates": [ [ [ 6.530706918150069, 62.481099338892342 ], [ 6.530250387053672, 62.481558674153156 ], [ 6.529221457557314, 62.481344506516251 ], [ 6.530706918150069, 62.481099338892342 ] ] ] } },
{ "type": "Feature", "properties": { }, "geometry": { "type": "Polygon", "coordinates": [ [ [ 6.530706918150069, 62.481099338892342 ], [ 6.530918502200468, 62.481479032734427 ], [ 6.530250387053672, 62.481558674153156 ], [ 6.530706918150069, 62.481099338892342 ] ] ] } },
{ "type": "Feature", "properties": { }, "geometry": { "type": "Polygon", "coordinates": [ [ [ 6.553317770788719, 62.483669122635277 ], [ 6.553840108361656, 62.48375183763779 ], [ 6.553411533788578, 62.483912858428674 ], [ 6.553317770788719, 62.483669122635277 ] ] ] } },
{ "type": "Feature", "properties": { }, "geometry": { "type": "Polygon", "coordinates": [ [ [ 6.553840108361656, 62.48375183763779 ], [ 6.55417839545637, 62.483953700586902 ], [ 6.553411533788578, 62.483912858428674 ], [ 6.553840108361656, 62.48375183763779 ] ] ] } },
{ "type": "Feature", "properties": { }, "geometry": { "type": "Polygon", "coordinates": [ [ [ 6.562266048555593, 62.48267394477574 ], [ 6.562951600637963, 62.482885088710709 ], [ 6.561907587656297, 62.483266909036516 ], [ 6.562266048555593, 62.48267394477574 ] ] ] } },
{ "type": "Feature", "properties": { }, "geometry": { "type": "Polygon", "coordinates": [ [ [ 6.560963026398873, 62.482833178705626 ], [ 6.562266048555593, 62.48267394477574 ], [ 6.561907587656297, 62.483266909036516 ], [ 6.560963026398873, 62.482833178705626 ] ] ] } },
{ "type": "Feature", "properties": { }, "geometry": { "type": "Polygon", "coordinates": [ [ [ 6.561894172063534, 62.482382387336614 ], [ 6.562266048555593, 62.48267394477574 ], [ 6.560963026398873, 62.482833178705626 ], [ 6.561894172063534, 62.482382387336614 ] ] ] } },
{ "type": "Feature", "properties": { }, "geometry": { "type": "Polygon", "coordinates": [ [ [ 6.555564333131249, 62.483919518689355 ], [ 6.557002612681123, 62.48376624726729 ], [ 6.555949412035723, 62.484244645498073 ], [ 6.555564333131249, 62.483919518689355 ] ] ] } },
{ "type": "Feature", "properties": { }, "geometry": { "type": "Polygon", "coordinates": [ [ [ 6.557002612681123, 62.48376624726729 ], [ 6.556982791920253, 62.484244260031595 ], [ 6.555949412035723, 62.484244645498073 ], [ 6.557002612681123, 62.48376624726729 ] ] ] } },
{ "type": "Feature", "properties": { }, "geometry": { "type": "Polygon", "coordinates": [ [ [ 6.499117296565553, 62.482744620427411 ], [ 6.499898621645502, 62.483237967518377 ], [ 6.499226289170026, 62.483354153956121 ], [ 6.499117296565553, 62.482744620427411 ] ] ] } },
{ "type": "Feature", "properties": { }, "geometry": { "type": "Polygon", "coordinates": [ [ [ 6.499117296565553, 62.482744620427411 ], [ 6.501269246919438, 62.482669016931581 ], [ 6.499898621645502, 62.483237967518377 ], [ 6.499117296565553, 62.482744620427411 ] ] ] } },
{ "type": "Feature", "properties": { }, "geometry": { "type": "Polygon", "coordinates": [ [ [ 6.501269246919438, 62.482669016931581 ], [ 6.500743192480753, 62.48348548498582 ], [ 6.499898621645502, 62.483237967518377 ], [ 6.501269246919438, 62.482669016931581 ] ] ] } },
{ "type": "Feature", "properties": { }, "geometry": { "type": "Polygon", "coordinates": [ [ [ 6.501269246919438, 62.482669016931581 ], [ 6.501689622599799, 62.483158941554095 ], [ 6.500743192480753, 62.48348548498582 ], [ 6.501269246919438, 62.482669016931581 ] ] ] } },
{ "type": "Feature", "properties": { }, "geometry": { "type": "Polygon", "coordinates": [ [ [ 6.501689622599799, 62.483158941554095 ], [ 6.50179749320449, 62.483683693803428 ], [ 6.500743192480753, 62.48348548498582 ], [ 6.501689622599799, 62.483158941554095 ] ] ] } },
{ "type": "Feature", "properties": { }, "geometry": { "type": "Polygon", "coordinates": [ [ [ 6.563761508183793, 62.482816011361841 ], [ 6.564629948693293, 62.482695610240711 ], [ 6.564483043254462, 62.483199442067516 ], [ 6.563761508183793, 62.482816011361841 ] ] ] } },
{ "type": "Feature", "properties": { }, "geometry": { "type": "Polygon", "coordinates": [ [ [ 6.563761508183793, 62.482816011361841 ], [ 6.564483043254462, 62.483199442067516 ], [ 6.563621226058198, 62.48351483797223 ], [ 6.563761508183793, 62.482816011361841 ] ] ] } },
{ "type": "Feature", "properties": { }, "geometry": { "type": "Polygon", "coordinates": [ [ [ 6.562951600637963, 62.482885088710709 ], [ 6.563761508183793, 62.482816011361841 ], [ 6.563621226058198, 62.48351483797223 ], [ 6.562951600637963, 62.482885088710709 ] ] ] } },
{ "type": "Feature", "properties": { }, "geometry": { "type": "Polygon", "coordinates": [ [ [ 6.433478581664578, 62.476156203311014 ], [ 6.433818061765303, 62.47701643772735 ], [ 6.432505988115919, 62.47664012155186 ], [ 6.433478581664578, 62.476156203311014 ] ] ] } },
{ "type": "Feature", "properties": { }, "geometry": { "type": "Polygon", "coordinates": [ [ [ 6.433478581664578, 62.476156203311014 ], [ 6.434567946039236, 62.476583533117356 ], [ 6.433818061765303, 62.47701643772735 ], [ 6.433478581664578, 62.476156203311014 ] ] ] } },
{ "type": "Feature", "properties": { }, "geometry": { "type": "Polygon", "coordinates": [ [ [ 6.434567946039236, 62.476583533117356 ], [ 6.434941745786589, 62.476885054696922 ], [ 6.433818061765303, 62.47701643772735 ], [ 6.434567946039236, 62.476583533117356 ] ] ] } },
{ "type": "Feature", "properties": { }, "geometry": { "type": "Polygon", "coordinates": [ [ [ 6.434941745786589, 62.476885054696922 ], [ 6.434417395180072, 62.477133968848335 ], [ 6.433818061765303, 62.47701643772735 ], [ 6.434941745786589, 62.476885054696922 ] ] ] } },
{ "type": "Feature", "properties": { }, "geometry": { "type": "Polygon", "coordinates": [ [ [ 6.432505988115919, 62.47664012155186 ], [ 6.433818061765303, 62.47701643772735 ], [ 6.432783308089552, 62.477011994167306 ], [ 6.432505988115919, 62.47664012155186 ] ] ] } },
{ "type": "Feature", "properties": { }, "geometry": { "type": "Polygon", "coordinates": [ [ [ 6.483234632576176, 62.483284410951214 ], [ 6.484396765599268, 62.483472401406416 ], [ 6.483824577997779, 62.48379612308667 ], [ 6.483234632576176, 62.483284410951214 ] ] ] } },
{ "type": "Feature", "properties": { }, "geometry": { "type": "Polygon", "coordinates": [ [ [ 6.484342866609039, 62.482680777866385 ], [ 6.484396765599268, 62.483472401406416 ], [ 6.483234632576176, 62.483284410951214 ], [ 6.484342866609039, 62.482680777866385 ] ] ] } },
{ "type": "Feature", "properties": { }, "geometry": { "type": "Polygon", "coordinates": [ [ [ 6.416825386670236, 62.475803865686096 ], [ 6.418086295438562, 62.476233165098698 ], [ 6.416487175929652, 62.476456223199939 ], [ 6.416825386670236, 62.475803865686096 ] ] ] } },
{ "type": "Feature", "properties": { }, "geometry": { "type": "Polygon", "coordinates": [ [ [ 6.418086295438562, 62.476233165098698 ], [ 6.417369370143063, 62.47661192103957 ], [ 6.416487175929652, 62.476456223199939 ], [ 6.418086295438562, 62.476233165098698 ] ] ] } },
{ "type": "Feature", "properties": { }, "geometry": { "type": "Polygon", "coordinates": [ [ [ 6.550506049278161, 62.483462980595 ], [ 6.551364283313259, 62.483458491236966 ], [ 6.550895996858683, 62.483697073391397 ], [ 6.550506049278161, 62.483462980595 ] ] ] } },
{ "type": "Feature", "properties": { }, "geometry": { "type": "Polygon", "coordinates": [ [ [ 6.551364283313259, 62.483458491236966 ], [ 6.55147094167583, 62.48377696924296 ], [ 6.550895996858683, 62.483697073391397 ], [ 6.551364283313259, 62.483458491236966 ] ] ] } },
{ "type": "Feature", "properties": { }, "geometry": { "type": "Polygon", "coordinates": [ [ [ 6.389166761951866, 62.467752619041178 ], [ 6.391783653380129, 62.467711635176556 ], [ 6.389741414227085, 62.468352328044276 ], [ 6.389166761951866, 62.467752619041178 ] ] ] } },
{ "type": "Feature", "properties": { }, "geometry": { "type": "Polygon", "coordinates": [ [ [ 6.391783653380129, 62.467711635176556 ], [ 6.391395750462558, 62.468527045815605 ], [ 6.389741414227085, 62.468352328044276 ], [ 6.391783653380129, 62.467711635176556 ] ] ] } },
{ "type": "Feature", "properties": { }, "geometry": { "type": "Polygon", "coordinates": [ [ [ 6.534101994766443, 62.480792486664363 ], [ 6.535425094114819, 62.480752320026717 ], [ 6.534583606927888, 62.481364113956047 ], [ 6.534101994766443, 62.480792486664363 ] ] ] } },
{ "type": "Feature", "properties": { }, "geometry": { "type": "Polygon", "coordinates": [ [ [ 6.535425094114819, 62.480752320026717 ], [ 6.535398535081203, 62.481477401654828 ], [ 6.534583606927888, 62.481364113956047 ], [ 6.535425094114819, 62.480752320026717 ] ] ] } },
{ "type": "Feature", "properties": { }, "geometry": { "type": "Polygon", "coordinates": [ [ [ 6.534101994766443, 62.480792486664363 ], [ 6.534583606927888, 62.481364113956047 ], [ 6.533833875014241, 62.481393341518718 ], [ 6.534101994766443, 62.480792486664363 ] ] ] } },
{ "type": "Feature", "properties": { }, "geometry": { "type": "Polygon", "coordinates": [ [ [ 6.538303299251988, 62.478717236558623 ], [ 6.538744884569611, 62.479017828246654 ], [ 6.537372533088457, 62.479229765273516 ], [ 6.538303299251988, 62.478717236558623 ] ] ] } },
{ "type": "Feature", "properties": { }, "geometry": { "type": "Polygon", "coordinates": [ [ [ 6.538303299251988, 62.478717236558623 ], [ 6.53902800547152, 62.478857411714998 ], [ 6.538744884569611, 62.479017828246654 ], [ 6.538303299251988, 62.478717236558623 ] ] ] } },
{ "type": "Feature", "properties": { }, "geometry": { "type": "Polygon", "coordinates": [ [ [ 6.538744884569611, 62.479017828246654 ], [ 6.538296862996276, 62.479453997016471 ], [ 6.537372533088457, 62.479229765273516 ], [ 6.538744884569611, 62.479017828246654 ] ] ] } },
{ "type": "Feature", "properties": { }, "geometry": { "type": "Polygon", "coordinates": [ [ [ 6.502678974903541, 62.483420331810038 ], [ 6.503121184608857, 62.483677048722349 ], [ 6.502668076639932, 62.483748566111323 ], [ 6.502678974903541, 62.483420331810038 ] ] ] } },
{ "type": "Feature", "properties": { }, "geometry": { "type": "Polygon", "coordinates": [ [ [ 6.549229986472682, 62.479819711069617 ], [ 6.549906978936704, 62.47993797969626 ], [ 6.549115380032904, 62.48043417084957 ], [ 6.549229986472682, 62.479819711069617 ] ] ] } },
{ "type": "Feature", "properties": { }, "geometry": { "type": "Polygon", "coordinates": [ [ [ 6.54804115396716, 62.480068024828064 ], [ 6.549229986472682, 62.479819711069617 ], [ 6.549115380032904, 62.48043417084957 ], [ 6.54804115396716, 62.480068024828064 ] ] ] } },
{ "type": "Feature", "properties": { }, "geometry": { "type": "Polygon", "coordinates": [ [ [ 6.548774364861406, 62.479568862413323 ], [ 6.549229986472682, 62.479819711069617 ], [ 6.54804115396716, 62.480068024828064 ], [ 6.548774364861406, 62.479568862413323 ] ] ] } },
{ "type": "Feature", "properties": { }, "geometry": { "type": "Polygon", "coordinates": [ [ [ 6.432505988115919, 62.47664012155186 ], [ 6.432783308089552, 62.477011994167306 ], [ 6.432013449385456, 62.476960754782823 ], [ 6.432505988115919, 62.47664012155186 ] ] ] } },
{ "type": "Feature", "properties": { }, "geometry": { "type": "Polygon", "coordinates": [ [ [ 6.522230249835381, 62.481063662233367 ], [ 6.522014340666484, 62.481497512147811 ], [ 6.521558203123901, 62.481361352935068 ], [ 6.522230249835381, 62.481063662233367 ] ] ] } },
{ "type": "Feature", "properties": { }, "geometry": { "type": "Polygon", "coordinates": [ [ [ 6.409730373750294, 62.473434088844172 ], [ 6.409194035943557, 62.473781245282147 ], [ 6.408561811934024, 62.473597973486235 ], [ 6.409730373750294, 62.473434088844172 ] ] ] } },
{ "type": "Feature", "properties": { }, "geometry": { "type": "Polygon", "coordinates": [ [ [ 6.476246220333041, 62.4730852235989 ], [ 6.476879960261387, 62.472882045329946 ], [ 6.477341311477751, 62.473503599631684 ], [ 6.476246220333041, 62.4730852235989 ] ] ] } },
{ "type": "Feature", "properties": { }, "geometry": { "type": "Polygon", "coordinates": [ [ [ 6.476246220333041, 62.4730852235989 ], [ 6.477341311477751, 62.473503599631684 ], [ 6.476157318136047, 62.473651253481755 ], [ 6.476246220333041, 62.4730852235989 ] ] ] } },
{ "type": "Feature", "properties": { }, "geometry": { "type": "Polygon", "coordinates": [ [ [ 6.475172422541737, 62.473313172971658 ], [ 6.476246220333041, 62.4730852235989 ], [ 6.476157318136047, 62.473651253481755 ], [ 6.475172422541737, 62.473313172971658 ] ] ] } },
{ "type": "Feature", "properties": { }, "geometry": { "type": "Polygon", "coordinates": [ [ [ 6.525277695866215, 62.480715584809538 ], [ 6.526047847631279, 62.480737236927098 ], [ 6.525382540053875, 62.481069288876817 ], [ 6.525277695866215, 62.480715584809538 ] ] ] } },
{ "type": "Feature", "properties": { }, "geometry": { "type": "Polygon", "coordinates": [ [ [ 6.526047847631279, 62.480737236927098 ], [ 6.526184806154903, 62.481185578699197 ], [ 6.525382540053875, 62.481069288876817 ], [ 6.526047847631279, 62.480737236927098 ] ] ] } },
{ "type": "Feature", "properties": { }, "geometry": { "type": "Polygon", "coordinates": [ [ [ 6.525277695866215, 62.480715584809538 ], [ 6.525382540053875, 62.481069288876817 ], [ 6.524677195349916, 62.480939761304001 ], [ 6.525277695866215, 62.480715584809538 ] ] ] } },
{ "type": "Feature", "properties": { }, "geometry": { "type": "Polygon", "coordinates": [ [ [ 6.456943788555733, 62.471226799809465 ], [ 6.457827544031763, 62.47135365185396 ], [ 6.456899816536337, 62.472015364922989 ], [ 6.456943788555733, 62.471226799809465 ] ] ] } },
{ "type": "Feature", "properties": { }, "geometry": { "type": "Polygon", "coordinates": [ [ [ 6.456943788555733, 62.471226799809465 ], [ 6.456899816536337, 62.472015364922989 ], [ 6.455967094036686, 62.471609674077378 ], [ 6.456943788555733, 62.471226799809465 ] ] ] } },
{ "type": "Feature", "properties": { }, "geometry": { "type": "Polygon", "coordinates": [ [ [ 6.455901297369016, 62.471018039154536 ], [ 6.456943788555733, 62.471226799809465 ], [ 6.455967094036686, 62.471609674077378 ], [ 6.455901297369016, 62.471018039154536 ] ] ] } },
{ "type": "Feature", "properties": { }, "geometry": { "type": "Polygon", "coordinates": [ [ [ 6.531316110683904, 62.481371915530332 ], [ 6.531301356386225, 62.48159709898831 ], [ 6.530918502200468, 62.481479032734427 ], [ 6.531316110683904, 62.481371915530332 ] ] ] } },
{ "type": "Feature", "properties": { }, "geometry": { "type": "Polygon", "coordinates": [ [ [ 6.530706918150069, 62.481099338892342 ], [ 6.531316110683904, 62.481371915530332 ], [ 6.530918502200468, 62.481479032734427 ], [ 6.530706918150069, 62.481099338892342 ] ] ] } },
{ "type": "Feature", "properties": { }, "geometry": { "type": "Polygon", "coordinates": [ [ [ 6.530706918150069, 62.481099338892342 ], [ 6.531541952742203, 62.480981814664673 ], [ 6.531316110683904, 62.481371915530332 ], [ 6.530706918150069, 62.481099338892342 ] ] ] } },
{ "type": "Feature", "properties": { }, "geometry": { "type": "Polygon", "coordinates": [ [ [ 6.41406072462441, 62.47521600597991 ], [ 6.416063563171606, 62.47539427194819 ], [ 6.414989602015129, 62.475606495283749 ], [ 6.41406072462441, 62.47521600597991 ] ] ] } },
{ "type": "Feature", "properties": { }, "geometry": { "type": "Polygon", "coordinates": [ [ [ 6.402654545808682, 62.466229540096521 ], [ 6.403512702285989, 62.4660753234743 ], [ 6.403421423108281, 62.466499379382164 ], [ 6.402654545808682, 62.466229540096521 ] ] ] } },
{ "type": "Feature", "properties": { }, "geometry": { "type": "Polygon", "coordinates": [ [ [ 6.526047847631279, 62.480737236927098 ], [ 6.526999666147177, 62.480632079187437 ], [ 6.526184806154903, 62.481185578699197 ], [ 6.526047847631279, 62.480737236927098 ] ] ] } },
{ "type": "Feature", "properties": { }, "geometry": { "type": "Polygon", "coordinates": [ [ [ 6.454569774220995, 62.470398537003177 ], [ 6.454721336298363, 62.470744114807921 ], [ 6.453944174294212, 62.470637228619196 ], [ 6.454569774220995, 62.470398537003177 ] ] ] } },
{ "type": "Feature", "properties": { }, "geometry": { "type": "Polygon", "coordinates": [ [ [ 6.405037161592855, 62.471932354182584 ], [ 6.406622671410477, 62.472286107504949 ], [ 6.404847605313816, 62.472529850819576 ], [ 6.405037161592855, 62.471932354182584 ] ] ] } },
{ "type": "Feature", "properties": { }, "geometry": { "type": "Polygon", "coordinates": [ [ [ 6.404847605313816, 62.472529850819576 ], [ 6.406622671410477, 62.472286107504949 ], [ 6.405732230143756, 62.472833636427552 ], [ 6.404847605313816, 62.472529850819576 ] ] ] } },
{ "type": "Feature", "properties": { }, "geometry": { "type": "Polygon", "coordinates": [ [ [ 6.516535357850079, 62.480406466383634 ], [ 6.516188757901793, 62.480928040937528 ], [ 6.515361472730836, 62.480775943356186 ], [ 6.516535357850079, 62.480406466383634 ] ] ] } },
{ "type": "Feature", "properties": { }, "geometry": { "type": "Polygon", "coordinates": [ [ [ 6.515361472730836, 62.480775943356186 ], [ 6.516188757901793, 62.480928040937528 ], [ 6.515548517663422, 62.481178651304212 ], [ 6.515361472730836, 62.480775943356186 ] ] ] } },
{ "type": "Feature", "properties": { }, "geometry": { "type": "Polygon", "coordinates": [ [ [ 6.560663676754543, 62.482230415668504 ], [ 6.561894172063534, 62.482382387336614 ], [ 6.560963026398873, 62.482833178705626 ], [ 6.560663676754543, 62.482230415668504 ] ] ] } },
{ "type": "Feature", "properties": { }, "geometry": { "type": "Polygon", "coordinates": [ [ [ 6.561884441723275, 62.48206249274137 ], [ 6.561894172063534, 62.482382387336614 ], [ 6.560663676754543, 62.482230415668504 ], [ 6.561884441723275, 62.48206249274137 ] ] ] } },
{ "type": "Feature", "properties": { }, "geometry": { "type": "Polygon", "coordinates": [ [ [ 6.542568852568506, 62.482347427337722 ], [ 6.543296985129284, 62.482930110911042 ], [ 6.541836840730374, 62.482904512048528 ], [ 6.542568852568506, 62.482347427337722 ] ] ] } },
{ "type": "Feature", "properties": { }, "geometry": { "type": "Polygon", "coordinates": [ [ [ 6.541315580247772, 62.482645429074886 ], [ 6.541836840730374, 62.482904512048528 ], [ 6.541370941827455, 62.482998464615584 ], [ 6.541315580247772, 62.482645429074886 ] ] ] } },
{ "type": "Feature", "properties": { }, "geometry": { "type": "Polygon", "coordinates": [ [ [ 6.542568852568506, 62.482347427337722 ], [ 6.541836840730374, 62.482904512048528 ], [ 6.541315580247772, 62.482645429074886 ], [ 6.542568852568506, 62.482347427337722 ] ] ] } },
{ "type": "Feature", "properties": { }, "geometry": { "type": "Polygon", "coordinates": [ [ [ 6.555377091737058, 62.482944062927267 ], [ 6.555564333131249, 62.483919518689355 ], [ 6.554667924525895, 62.483616484855951 ], [ 6.555377091737058, 62.482944062927267 ] ] ] } },
{ "type": "Feature", "properties": { }, "geometry": { "type": "Polygon", "coordinates": [ [ [ 6.555377091737058, 62.482944062927267 ], [ 6.557002612681123, 62.48376624726729 ], [ 6.555564333131249, 62.483919518689355 ], [ 6.555377091737058, 62.482944062927267 ] ] ] } },
{ "type": "Feature", "properties": { }, "geometry": { "type": "Polygon", "coordinates": [ [ [ 6.498202890776625, 62.482894681137473 ], [ 6.499117296565553, 62.482744620427411 ], [ 6.499226289170026, 62.483354153956121 ], [ 6.498202890776625, 62.482894681137473 ] ] ] } },
{ "type": "Feature", "properties": { }, "geometry": { "type": "Polygon", "coordinates": [ [ [ 6.549906978936704, 62.47993797969626 ], [ 6.550572471351404, 62.47988299409851 ], [ 6.55045038219141, 62.480456379107494 ], [ 6.549906978936704, 62.47993797969626 ] ] ] } },
{ "type": "Feature", "properties": { }, "geometry": { "type": "Polygon", "coordinates": [ [ [ 6.549906978936704, 62.47993797969626 ], [ 6.55045038219141, 62.480456379107494 ], [ 6.549115380032904, 62.48043417084957 ], [ 6.549906978936704, 62.47993797969626 ] ] ] } },
{ "type": "Feature", "properties": { }, "geometry": { "type": "Polygon", "coordinates": [ [ [ 6.521547917877848, 62.48034846923855 ], [ 6.522230249835381, 62.481063662233367 ], [ 6.521308582903261, 62.481122367201884 ], [ 6.521547917877848, 62.48034846923855 ] ] ] } },
{ "type": "Feature", "properties": { }, "geometry": { "type": "Polygon", "coordinates": [ [ [ 6.521308582903261, 62.481122367201884 ], [ 6.522230249835381, 62.481063662233367 ], [ 6.521558203123901, 62.481361352935068 ], [ 6.521308582903261, 62.481122367201884 ] ] ] } },
{ "type": "Feature", "properties": { }, "geometry": { "type": "Polygon", "coordinates": [ [ [ 6.521547917877848, 62.48034846923855 ], [ 6.521308582903261, 62.481122367201884 ], [ 6.520340312705676, 62.480895234657545 ], [ 6.521547917877848, 62.48034846923855 ] ] ] } },
{ "type": "Feature", "properties": { }, "geometry": { "type": "Polygon", "coordinates": [ [ [ 6.510923257880463, 62.480254030682318 ], [ 6.513162132946691, 62.480480923854707 ], [ 6.511692426936468, 62.480726290428791 ], [ 6.510923257880463, 62.480254030682318 ] ] ] } },
{ "type": "Feature", "properties": { }, "geometry": { "type": "Polygon", "coordinates": [ [ [ 6.513162132946691, 62.480480923854707 ], [ 6.512454396069441, 62.480944693038332 ], [ 6.511692426936468, 62.480726290428791 ], [ 6.513162132946691, 62.480480923854707 ] ] ] } },
{ "type": "Feature", "properties": { }, "geometry": { "type": "Polygon", "coordinates": [ [ [ 6.387846484644765, 62.466855023818169 ], [ 6.38898241203867, 62.466644474583049 ], [ 6.388740669634357, 62.467126913769889 ], [ 6.387846484644765, 62.466855023818169 ] ] ] } },
{ "type": "Feature", "properties": { }, "geometry": { "type": "Polygon", "coordinates": [ [ [ 6.387846484644765, 62.466855023818169 ], [ 6.388740669634357, 62.467126913769889 ], [ 6.387700940087015, 62.467243567214851 ], [ 6.387846484644765, 62.466855023818169 ] ] ] } },
{ "type": "Feature", "properties": { }, "geometry": { "type": "Polygon", "coordinates": [ [ [ 6.443608108922479, 62.476214426529239 ], [ 6.444061837210827, 62.476849195919179 ], [ 6.443278221651675, 62.476865360677486 ], [ 6.443608108922479, 62.476214426529239 ] ] ] } },
{ "type": "Feature", "properties": { }, "geometry": { "type": "Polygon", "coordinates": [ [ [ 6.443608108922479, 62.476214426529239 ], [ 6.445525850073428, 62.47669619204909 ], [ 6.444061837210827, 62.476849195919179 ], [ 6.443608108922479, 62.476214426529239 ] ] ] } },
{ "type": "Feature", "properties": { }, "geometry": { "type": "Polygon", "coordinates": [ [ [ 6.437168409150543, 62.47631010133361 ], [ 6.439452798468844, 62.476460912627395 ], [ 6.438010306807944, 62.476813021100398 ], [ 6.437168409150543, 62.47631010133361 ] ] ] } },
{ "type": "Feature", "properties": { }, "geometry": { "type": "Polygon", "coordinates": [ [ [ 6.437168409150543, 62.47631010133361 ], [ 6.438010306807944, 62.476813021100398 ], [ 6.436709138650961, 62.476909727526234 ], [ 6.437168409150543, 62.47631010133361 ] ] ] } },
{ "type": "Feature", "properties": { }, "geometry": { "type": "Polygon", "coordinates": [ [ [ 6.452420507536538, 62.477637624319946 ], [ 6.453813546778528, 62.477736601712564 ], [ 6.452807789315405, 62.478193487146413 ], [ 6.452420507536538, 62.477637624319946 ] ] ] } },
{ "type": "Feature", "properties": { }, "geometry": { "type": "Polygon", "coordinates": [ [ [ 6.453813546778528, 62.477736601712564 ], [ 6.454177330625779, 62.478366697037437 ], [ 6.452807789315405, 62.478193487146413 ], [ 6.453813546778528, 62.477736601712564 ] ] ] } },
{ "type": "Feature", "properties": { }, "geometry": { "type": "Polygon", "coordinates": [ [ [ 6.452420507536538, 62.477637624319946 ], [ 6.452807789315405, 62.478193487146413 ], [ 6.451822597422372, 62.478151965385798 ], [ 6.452420507536538, 62.477637624319946 ] ] ] } },
{ "type": "Feature", "properties": { }, "geometry": { "type": "Polygon", "coordinates": [ [ [ 6.533668471537687, 62.477567455480589 ], [ 6.535123789878226, 62.477509545362416 ], [ 6.535843474655819, 62.47806319110277 ], [ 6.533668471537687, 62.477567455480589 ] ] ] } },
{ "type": "Feature", "properties": { }, "geometry": { "type": "Polygon", "coordinates": [ [ [ 6.562261471550821, 62.481208138785284 ], [ 6.563129277409715, 62.481190025097405 ], [ 6.562900281021089, 62.481480524315273 ], [ 6.562261471550821, 62.481208138785284 ] ] ] } },
{ "type": "Feature", "properties": { }, "geometry": { "type": "Polygon", "coordinates": [ [ [ 6.562656754628885, 62.480802950544032 ], [ 6.563129277409715, 62.481190025097405 ], [ 6.562261471550821, 62.481208138785284 ], [ 6.562656754628885, 62.480802950544032 ] ] ] } },
{ "type": "Feature", "properties": { }, "geometry": { "type": "Polygon", "coordinates": [ [ [ 6.562656754628885, 62.480802950544032 ], [ 6.563442355748585, 62.480547035673581 ], [ 6.563129277409715, 62.481190025097405 ], [ 6.562656754628885, 62.480802950544032 ] ] ] } },
{ "type": "Feature", "properties": { }, "geometry": { "type": "Polygon", "coordinates": [ [ [ 6.566861891345478, 62.482623961064057 ], [ 6.567171938824972, 62.483111188340899 ], [ 6.56631089432108, 62.482914460356845 ], [ 6.566861891345478, 62.482623961064057 ] ] ] } },
{ "type": "Feature", "properties": { }, "geometry": { "type": "Polygon", "coordinates": [ [ [ 6.566076282952528, 62.482543517369685 ], [ 6.566861891345478, 62.482623961064057 ], [ 6.56631089432108, 62.482914460356845 ], [ 6.566076282952528, 62.482543517369685 ] ] ] } },
{ "type": "Feature", "properties": { }, "geometry": { "type": "Polygon", "coordinates": [ [ [ 6.535425094114819, 62.480752320026717 ], [ 6.538278265524124, 62.481002844579372 ], [ 6.536663667339505, 62.481766476934538 ], [ 6.535425094114819, 62.480752320026717 ] ] ] } },
{ "type": "Feature", "properties": { }, "geometry": { "type": "Polygon", "coordinates": [ [ [ 6.538278265524124, 62.481002844579372 ], [ 6.538023122170425, 62.48206459869013 ], [ 6.536663667339505, 62.481766476934538 ], [ 6.538278265524124, 62.481002844579372 ] ] ] } },
{ "type": "Feature", "properties": { }, "geometry": { "type": "Polygon", "coordinates": [ [ [ 6.535425094114819, 62.480752320026717 ], [ 6.536663667339505, 62.481766476934538 ], [ 6.535398535081203, 62.481477401654828 ], [ 6.535425094114819, 62.480752320026717 ] ] ] } },
{ "type": "Feature", "properties": { }, "geometry": { "type": "Polygon", "coordinates": [ [ [ 6.560654945836482, 62.48430468270243 ], [ 6.561619589679363, 62.484534354432476 ], [ 6.56116869809529, 62.484676118329112 ], [ 6.560654945836482, 62.48430468270243 ] ] ] } },
{ "type": "Feature", "properties": { }, "geometry": { "type": "Polygon", "coordinates": [ [ [ 6.434941745786589, 62.476885054696922 ], [ 6.435034342216367, 62.477230022514568 ], [ 6.434417395180072, 62.477133968848335 ], [ 6.434941745786589, 62.476885054696922 ] ] ] } },
{ "type": "Feature", "properties": { }, "geometry": { "type": "Polygon", "coordinates": [ [ [ 6.434941745786589, 62.476885054696922 ], [ 6.435688726254285, 62.477044081846003 ], [ 6.435034342216367, 62.477230022514568 ], [ 6.434941745786589, 62.476885054696922 ] ] ] } },
{ "type": "Feature", "properties": { }, "geometry": { "type": "Polygon", "coordinates": [ [ [ 6.448457152064061, 62.469828437662734 ], [ 6.449063885848688, 62.469729716382886 ], [ 6.449080488385609, 62.470200414032988 ], [ 6.448457152064061, 62.469828437662734 ] ] ] } },
{ "type": "Feature", "properties": { }, "geometry": { "type": "Polygon", "coordinates": [ [ [ 6.448457152064061, 62.469828437662734 ], [ 6.449080488385609, 62.470200414032988 ], [ 6.448165784298359, 62.470230935543434 ], [ 6.448457152064061, 62.469828437662734 ] ] ] } },
{ "type": "Feature", "properties": { }, "geometry": { "type": "Polygon", "coordinates": [ [ [ 6.447563709605981, 62.46991073637264 ], [ 6.448457152064061, 62.469828437662734 ], [ 6.448165784298359, 62.470230935543434 ], [ 6.447563709605981, 62.46991073637264 ] ] ] } },
{ "type": "Feature", "properties": { }, "geometry": { "type": "Polygon", "coordinates": [ [ [ 6.472168466587205, 62.481659658610603 ], [ 6.472307513759077, 62.482073197492738 ], [ 6.471625376836822, 62.481984067415397 ], [ 6.472168466587205, 62.481659658610603 ] ] ] } },
{ "type": "Feature", "properties": { }, "geometry": { "type": "Polygon", "coordinates": [ [ [ 6.564045426953538, 62.480136570959445 ], [ 6.564539641694686, 62.480163321853667 ], [ 6.56424532746676, 62.480347416535828 ], [ 6.564045426953538, 62.480136570959445 ] ] ] } },
{ "type": "Feature", "properties": { }, "geometry": { "type": "Polygon", "coordinates": [ [ [ 6.502406317898895, 62.476709741344862 ], [ 6.502355026632354, 62.477052319765214 ], [ 6.501613656301846, 62.477037579413334 ], [ 6.502406317898895, 62.476709741344862 ] ] ] } },
{ "type": "Feature", "properties": { }, "geometry": { "type": "Polygon", "coordinates": [ [ [ 6.491531857408328, 62.482290820378438 ], [ 6.491774798499214, 62.482680415316629 ], [ 6.491011421641767, 62.482617064958603 ], [ 6.491531857408328, 62.482290820378438 ] ] ] } },
{ "type": "Feature", "properties": { }, "geometry": { "type": "Polygon", "coordinates": [ [ [ 6.508048462118199, 62.48093514344545 ], [ 6.50917148623907, 62.480882445528188 ], [ 6.509041191955885, 62.481159456940603 ], [ 6.508048462118199, 62.48093514344545 ] ] ] } },
{ "type": "Feature", "properties": { }, "geometry": { "type": "Polygon", "coordinates": [ [ [ 6.524158107109613, 62.477660857819316 ], [ 6.52483612212278, 62.477533843586642 ], [ 6.524983685357228, 62.478153557556737 ], [ 6.524158107109613, 62.477660857819316 ] ] ] } },
{ "type": "Feature", "properties": { }, "geometry": { "type": "Polygon", "coordinates": [ [ [ 6.524158107109613, 62.477660857819316 ], [ 6.524983685357228, 62.478153557556737 ], [ 6.523819371890404, 62.478176866162578 ], [ 6.524158107109613, 62.477660857819316 ] ] ] } },
{ "type": "Feature", "properties": { }, "geometry": { "type": "Polygon", "coordinates": [ [ [ 6.451264955010079, 62.477872473190615 ], [ 6.451822597422372, 62.478151965385798 ], [ 6.4510677382808, 62.47817423319303 ], [ 6.451264955010079, 62.477872473190615 ] ] ] } },
{ "type": "Feature", "properties": { }, "geometry": { "type": "Polygon", "coordinates": [ [ [ 6.549022289440488, 62.48370042301471 ], [ 6.549609286602452, 62.484080928820532 ], [ 6.548620859787311, 62.484092631252885 ], [ 6.549022289440488, 62.48370042301471 ] ] ] } },
{ "type": "Feature", "properties": { }, "geometry": { "type": "Polygon", "coordinates": [ [ [ 6.546863602733009, 62.483166566764432 ], [ 6.547878360021827, 62.483589611389704 ], [ 6.546799768889236, 62.483797853605175 ], [ 6.546863602733009, 62.483166566764432 ] ] ] } },
{ "type": "Feature", "properties": { }, "geometry": { "type": "Polygon", "coordinates": [ [ [ 6.546799768889236, 62.483797853605175 ], [ 6.547878360021827, 62.483589611389704 ], [ 6.547505123407556, 62.484102030612732 ], [ 6.546799768889236, 62.483797853605175 ] ] ] } },
{ "type": "Feature", "properties": { }, "geometry": { "type": "Polygon", "coordinates": [ [ [ 6.546863602733009, 62.483166566764432 ], [ 6.546799768889236, 62.483797853605175 ], [ 6.545767328900477, 62.483543567082016 ], [ 6.546863602733009, 62.483166566764432 ] ] ] } },
{ "type": "Feature", "properties": { }, "geometry": { "type": "Polygon", "coordinates": [ [ [ 6.469541625639784, 62.481133911463765 ], [ 6.471140948984594, 62.480959802427591 ], [ 6.470589020906028, 62.481534051609479 ], [ 6.469541625639784, 62.481133911463765 ] ] ] } },
{ "type": "Feature", "properties": { }, "geometry": { "type": "Polygon", "coordinates": [ [ [ 6.504200574804325, 62.481908041255387 ], [ 6.505122072593056, 62.481667122564119 ], [ 6.505569764796062, 62.482202796288796 ], [ 6.504200574804325, 62.481908041255387 ] ] ] } },
{ "type": "Feature", "properties": { }, "geometry": { "type": "Polygon", "coordinates": [ [ [ 6.50311973359996, 62.477209007554976 ], [ 6.504198472166268, 62.477398142822842 ], [ 6.503224863054795, 62.477833952590224 ], [ 6.50311973359996, 62.477209007554976 ] ] ] } },
{ "type": "Feature", "properties": { }, "geometry": { "type": "Polygon", "coordinates": [ [ [ 6.50311973359996, 62.477209007554976 ], [ 6.503224863054795, 62.477833952590224 ], [ 6.501927874369379, 62.477653141903232 ], [ 6.50311973359996, 62.477209007554976 ] ] ] } },
{ "type": "Feature", "properties": { }, "geometry": { "type": "Polygon", "coordinates": [ [ [ 6.502355026632354, 62.477052319765214 ], [ 6.50311973359996, 62.477209007554976 ], [ 6.501927874369379, 62.477653141903232 ], [ 6.502355026632354, 62.477052319765214 ] ] ] } },
{ "type": "Feature", "properties": { }, "geometry": { "type": "Polygon", "coordinates": [ [ [ 6.51774938673362, 62.477430870852295 ], [ 6.518608544575103, 62.477753313481998 ], [ 6.517872970841746, 62.47776669127429 ], [ 6.51774938673362, 62.477430870852295 ] ] ] } },
{ "type": "Feature", "properties": { }, "geometry": { "type": "Polygon", "coordinates": [ [ [ 6.51774938673362, 62.477430870852295 ], [ 6.517872970841746, 62.47776669127429 ], [ 6.517224630706143, 62.47760535042088 ], [ 6.51774938673362, 62.477430870852295 ] ] ] } },
{ "type": "Feature", "properties": { }, "geometry": { "type": "Polygon", "coordinates": [ [ [ 6.475172422541737, 62.473313172971658 ], [ 6.476157318136047, 62.473651253481755 ], [ 6.474018632870393, 62.473674172571506 ], [ 6.475172422541737, 62.473313172971658 ] ] ] } },
{ "type": "Feature", "properties": { }, "geometry": { "type": "Polygon", "coordinates": [ [ [ 6.519571620995649, 62.480523620947146 ], [ 6.520340312705676, 62.480895234657545 ], [ 6.519301343286472, 62.48102258677789 ], [ 6.519571620995649, 62.480523620947146 ] ] ] } },
{ "type": "Feature", "properties": { }, "geometry": { "type": "Polygon", "coordinates": [ [ [ 6.519571620995649, 62.480523620947146 ], [ 6.519301343286472, 62.48102258677789 ], [ 6.518646802341326, 62.48080908007784 ], [ 6.519571620995649, 62.480523620947146 ] ] ] } },
{ "type": "Feature", "properties": { }, "geometry": { "type": "Polygon", "coordinates": [ [ [ 6.455919280323194, 62.470621068051337 ], [ 6.456562296472145, 62.470687971319379 ], [ 6.455901297369016, 62.471018039154536 ], [ 6.455919280323194, 62.470621068051337 ] ] ] } },
{ "type": "Feature", "properties": { }, "geometry": { "type": "Polygon", "coordinates": [ [ [ 6.394961744758767, 62.465415523714668 ], [ 6.395625999645687, 62.465502168849333 ], [ 6.394962084097495, 62.46600398760274 ], [ 6.394961744758767, 62.465415523714668 ] ] ] } },
{ "type": "Feature", "properties": { }, "geometry": { "type": "Polygon", "coordinates": [ [ [ 6.394961744758767, 62.465415523714668 ], [ 6.394962084097495, 62.46600398760274 ], [ 6.393904646420989, 62.465723938433499 ], [ 6.394961744758767, 62.465415523714668 ] ] ] } },
{ "type": "Feature", "properties": { }, "geometry": { "type": "Polygon", "coordinates": [ [ [ 6.393168889540281, 62.465274438845107 ], [ 6.393904646420989, 62.465723938433499 ], [ 6.392016571574146, 62.465613557538731 ], [ 6.393168889540281, 62.465274438845107 ] ] ] } },
{ "type": "Feature", "properties": { }, "geometry": { "type": "Polygon", "coordinates": [ [ [ 6.392123782214204, 62.464983380841936 ], [ 6.393168889540281, 62.465274438845107 ], [ 6.392016571574146, 62.465613557538731 ], [ 6.392123782214204, 62.464983380841936 ] ] ] } },
{ "type": "Feature", "properties": { }, "geometry": { "type": "Polygon", "coordinates": [ [ [ 6.411042491176659, 62.47260509129957 ], [ 6.412081608193896, 62.473496804112976 ], [ 6.410921701508161, 62.47361668669199 ], [ 6.411042491176659, 62.47260509129957 ] ] ] } },
{ "type": "Feature", "properties": { }, "geometry": { "type": "Polygon", "coordinates": [ [ [ 6.411042491176659, 62.47260509129957 ], [ 6.410921701508161, 62.47361668669199 ], [ 6.409730373750294, 62.473434088844172 ], [ 6.411042491176659, 62.47260509129957 ] ] ] } },
{ "type": "Feature", "properties": { }, "geometry": { "type": "Polygon", "coordinates": [ [ [ 6.430117213562823, 62.467787536844284 ], [ 6.430871598826123, 62.467838032525812 ], [ 6.430301028420844, 62.468431845744909 ], [ 6.430117213562823, 62.467787536844284 ] ] ] } },
{ "type": "Feature", "properties": { }, "geometry": { "type": "Polygon", "coordinates": [ [ [ 6.430117213562823, 62.467787536844284 ], [ 6.430301028420844, 62.468431845744909 ], [ 6.429123121833249, 62.468176077262385 ], [ 6.430117213562823, 62.467787536844284 ] ] ] } },
{ "type": "Feature", "properties": { }, "geometry": { "type": "Polygon", "coordinates": [ [ [ 6.44048971610416, 62.469347738589803 ], [ 6.441310398558255, 62.469443311506701 ], [ 6.440534032162383, 62.470068954582288 ], [ 6.44048971610416, 62.469347738589803 ] ] ] } },
{ "type": "Feature", "properties": { }, "geometry": { "type": "Polygon", "coordinates": [ [ [ 6.439077697600275, 62.469665336268612 ], [ 6.44048971610416, 62.469347738589803 ], [ 6.440534032162383, 62.470068954582288 ], [ 6.439077697600275, 62.469665336268612 ] ] ] } },
{ "type": "Feature", "properties": { }, "geometry": { "type": "Polygon", "coordinates": [ [ [ 6.509662791658627, 62.477170512923358 ], [ 6.510401018811392, 62.476934350618812 ], [ 6.510340216470532, 62.47744292379658 ], [ 6.509662791658627, 62.477170512923358 ] ] ] } },
{ "type": "Feature", "properties": { }, "geometry": { "type": "Polygon", "coordinates": [ [ [ 6.517714397112018, 62.48041758957099 ], [ 6.518646802341326, 62.48080908007784 ], [ 6.517947976737751, 62.480990058708628 ], [ 6.517714397112018, 62.48041758957099 ] ] ] } },
{ "type": "Feature", "properties": { }, "geometry": { "type": "Polygon", "coordinates": [ [ [ 6.450743670472585, 62.470111114542959 ], [ 6.452136181343589, 62.470085070039552 ], [ 6.451422988904135, 62.470664888930514 ], [ 6.450743670472585, 62.470111114542959 ] ] ] } },
{ "type": "Feature", "properties": { }, "geometry": { "type": "Polygon", "coordinates": [ [ [ 6.450743670472585, 62.470111114542959 ], [ 6.451422988904135, 62.470664888930514 ], [ 6.450047245331077, 62.470658707267134 ], [ 6.450743670472585, 62.470111114542959 ] ] ] } },
{ "type": "Feature", "properties": { }, "geometry": { "type": "Polygon", "coordinates": [ [ [ 6.450022863334919, 62.47002337758429 ], [ 6.450743670472585, 62.470111114542959 ], [ 6.450047245331077, 62.470658707267134 ], [ 6.450022863334919, 62.47002337758429 ] ] ] } },
{ "type": "Feature", "properties": { }, "geometry": { "type": "Polygon", "coordinates": [ [ [ 6.480197923846791, 62.47263703744045 ], [ 6.48096595935918, 62.472810862629402 ], [ 6.480047054876216, 62.473103587608534 ], [ 6.480197923846791, 62.47263703744045 ] ] ] } },
{ "type": "Feature", "properties": { }, "geometry": { "type": "Polygon", "coordinates": [ [ [ 6.564629762538168, 62.482471324021802 ], [ 6.565296136694731, 62.482452406136524 ], [ 6.564629948693293, 62.482695610240711 ], [ 6.564629762538168, 62.482471324021802 ] ] ] } },
{ "type": "Feature", "properties": { }, "geometry": { "type": "Polygon", "coordinates": [ [ [ 6.565296136694731, 62.482452406136524 ], [ 6.565479504584406, 62.482876856426643 ], [ 6.564629948693293, 62.482695610240711 ], [ 6.565296136694731, 62.482452406136524 ] ] ] } },
{ "type": "Feature", "properties": { }, "geometry": { "type": "Polygon", "coordinates": [ [ [ 6.564629948693293, 62.482695610240711 ], [ 6.565479504584406, 62.482876856426643 ], [ 6.564483043254462, 62.483199442067516 ], [ 6.564629948693293, 62.482695610240711 ] ] ] } },
{ "type": "Feature", "properties": { }, "geometry": { "type": "Polygon", "coordinates": [ [ [ 6.532395866993181, 62.480898244014149 ], [ 6.534101994766443, 62.480792486664363 ], [ 6.533833875014241, 62.481393341518718 ], [ 6.532395866993181, 62.480898244014149 ] ] ] } },
{ "type": "Feature", "properties": { }, "geometry": { "type": "Polygon", "coordinates": [ [ [ 6.532395866993181, 62.480898244014149 ], [ 6.533833875014241, 62.481393341518718 ], [ 6.532948649501794, 62.481539466596317 ], [ 6.532395866993181, 62.480898244014149 ] ] ] } },
{ "type": "Feature", "properties": { }, "geometry": { "type": "Polygon", "coordinates": [ [ [ 6.538303299251988, 62.478717236558623 ], [ 6.538783153812661, 62.478657242640075 ], [ 6.53902800547152, 62.478857411714998 ], [ 6.538303299251988, 62.478717236558623 ] ] ] } },
{ "type": "Feature", "properties": { }, "geometry": { "type": "Polygon", "coordinates": [ [ [ 6.502678974903541, 62.483420331810038 ], [ 6.502668076639932, 62.483748566111323 ], [ 6.50179749320449, 62.483683693803428 ], [ 6.502678974903541, 62.483420331810038 ] ] ] } },
{ "type": "Feature", "properties": { }, "geometry": { "type": "Polygon", "coordinates": [ [ [ 6.408788124208423, 62.472969268365809 ], [ 6.408561811934024, 62.473597973486235 ], [ 6.407570473274576, 62.473266985190691 ], [ 6.408788124208423, 62.472969268365809 ] ] ] } },
{ "type": "Feature", "properties": { }, "geometry": { "type": "Polygon", "coordinates": [ [ [ 6.408788124208423, 62.472969268365809 ], [ 6.409730373750294, 62.473434088844172 ], [ 6.408561811934024, 62.473597973486235 ], [ 6.408788124208423, 62.472969268365809 ] ] ] } },
{ "type": "Feature", "properties": { }, "geometry": { "type": "Polygon", "coordinates": [ [ [ 6.524118601261449, 62.480335105736941 ], [ 6.525277695866215, 62.480715584809538 ], [ 6.524677195349916, 62.480939761304001 ], [ 6.524118601261449, 62.480335105736941 ] ] ] } },
{ "type": "Feature", "properties": { }, "geometry": { "type": "Polygon", "coordinates": [ [ [ 6.524118601261449, 62.480335105736941 ], [ 6.524677195349916, 62.480939761304001 ], [ 6.52336830528104, 62.481071393513112 ], [ 6.524118601261449, 62.480335105736941 ] ] ] } },
{ "type": "Feature", "properties": { }, "geometry": { "type": "Polygon", "coordinates": [ [ [ 6.550256404550812, 62.482931006859992 ], [ 6.55169449871422, 62.482920802619681 ], [ 6.551364283313259, 62.483458491236966 ], [ 6.550256404550812, 62.482931006859992 ] ] ] } },
{ "type": "Feature", "properties": { }, "geometry": { "type": "Polygon", "coordinates": [ [ [ 6.55169449871422, 62.482920802619681 ], [ 6.552310787515591, 62.483401579243832 ], [ 6.551364283313259, 62.483458491236966 ], [ 6.55169449871422, 62.482920802619681 ] ] ] } },
{ "type": "Feature", "properties": { }, "geometry": { "type": "Polygon", "coordinates": [ [ [ 6.550256404550812, 62.482931006859992 ], [ 6.551364283313259, 62.483458491236966 ], [ 6.550506049278161, 62.483462980595 ], [ 6.550256404550812, 62.482931006859992 ] ] ] } },
{ "type": "Feature", "properties": { }, "geometry": { "type": "Polygon", "coordinates": [ [ [ 6.522816759245483, 62.48051656932509 ], [ 6.524118601261449, 62.480335105736941 ], [ 6.52336830528104, 62.481071393513112 ], [ 6.522816759245483, 62.48051656932509 ] ] ] } },
{ "type": "Feature", "properties": { }, "geometry": { "type": "Polygon", "coordinates": [ [ [ 6.522816759245483, 62.48051656932509 ], [ 6.52336830528104, 62.481071393513112 ], [ 6.522230249835381, 62.481063662233367 ], [ 6.522816759245483, 62.48051656932509 ] ] ] } },
{ "type": "Feature", "properties": { }, "geometry": { "type": "Polygon", "coordinates": [ [ [ 6.403421423108281, 62.466499379382164 ], [ 6.404999649137922, 62.466786308047531 ], [ 6.40336391952668, 62.467640766851126 ], [ 6.403421423108281, 62.466499379382164 ] ] ] } },
{ "type": "Feature", "properties": { }, "geometry": { "type": "Polygon", "coordinates": [ [ [ 6.401861292742222, 62.466481836839314 ], [ 6.403421423108281, 62.466499379382164 ], [ 6.40336391952668, 62.467640766851126 ], [ 6.401861292742222, 62.466481836839314 ] ] ] } },
{ "type": "Feature", "properties": { }, "geometry": { "type": "Polygon", "coordinates": [ [ [ 6.402654545808682, 62.466229540096521 ], [ 6.403421423108281, 62.466499379382164 ], [ 6.401861292742222, 62.466481836839314 ], [ 6.402654545808682, 62.466229540096521 ] ] ] } },
{ "type": "Feature", "properties": { }, "geometry": { "type": "Polygon", "coordinates": [ [ [ 6.454721336298363, 62.470744114807921 ], [ 6.455901297369016, 62.471018039154536 ], [ 6.453923385325939, 62.471328361644247 ], [ 6.454721336298363, 62.470744114807921 ] ] ] } },
{ "type": "Feature", "properties": { }, "geometry": { "type": "Polygon", "coordinates": [ [ [ 6.453944174294212, 62.470637228619196 ], [ 6.454721336298363, 62.470744114807921 ], [ 6.453923385325939, 62.471328361644247 ], [ 6.453944174294212, 62.470637228619196 ] ] ] } },
{ "type": "Feature", "properties": { }, "geometry": { "type": "Polygon", "coordinates": [ [ [ 6.516579572454146, 62.477622852171876 ], [ 6.517224630706143, 62.47760535042088 ], [ 6.516969147797246, 62.478143272641567 ], [ 6.516579572454146, 62.477622852171876 ] ] ] } },
{ "type": "Feature", "properties": { }, "geometry": { "type": "Polygon", "coordinates": [ [ [ 6.516579572454146, 62.477622852171876 ], [ 6.516969147797246, 62.478143272641567 ], [ 6.51476102920749, 62.478081330346036 ], [ 6.516579572454146, 62.477622852171876 ] ] ] } },
{ "type": "Feature", "properties": { }, "geometry": { "type": "Polygon", "coordinates": [ [ [ 6.515793853356368, 62.4772506915251 ], [ 6.516579572454146, 62.477622852171876 ], [ 6.51476102920749, 62.478081330346036 ], [ 6.515793853356368, 62.4772506915251 ] ] ] } },
{ "type": "Feature", "properties": { }, "geometry": { "type": "Polygon", "coordinates": [ [ [ 6.540590979341458, 62.48275896992623 ], [ 6.541315580247772, 62.482645429074886 ], [ 6.541370941827455, 62.482998464615584 ], [ 6.540590979341458, 62.48275896992623 ] ] ] } },
{ "type": "Feature", "properties": { }, "geometry": { "type": "Polygon", "coordinates": [ [ [ 6.552881574042028, 62.482816911905047 ], [ 6.554013022324212, 62.483345929274797 ], [ 6.553055229070387, 62.48345340482792 ], [ 6.552881574042028, 62.482816911905047 ] ] ] } },
{ "type": "Feature", "properties": { }, "geometry": { "type": "Polygon", "coordinates": [ [ [ 6.553055229070387, 62.48345340482792 ], [ 6.554013022324212, 62.483345929274797 ], [ 6.553317770788719, 62.483669122635277 ], [ 6.553055229070387, 62.48345340482792 ] ] ] } },
{ "type": "Feature", "properties": { }, "geometry": { "type": "Polygon", "coordinates": [ [ [ 6.552881574042028, 62.482816911905047 ], [ 6.553055229070387, 62.48345340482792 ], [ 6.552310787515591, 62.483401579243832 ], [ 6.552881574042028, 62.482816911905047 ] ] ] } },
{ "type": "Feature", "properties": { }, "geometry": { "type": "Polygon", "coordinates": [ [ [ 6.513162132946691, 62.480480923854707 ], [ 6.513504818177895, 62.4807757128956 ], [ 6.512454396069441, 62.480944693038332 ], [ 6.513162132946691, 62.480480923854707 ] ] ] } },
{ "type": "Feature", "properties": { }, "geometry": { "type": "Polygon", "coordinates": [ [ [ 6.513504818177895, 62.4807757128956 ], [ 6.51308243752386, 62.481047460791459 ], [ 6.512454396069441, 62.480944693038332 ], [ 6.513504818177895, 62.4807757128956 ] ] ] } },
{ "type": "Feature", "properties": { }, "geometry": { "type": "Polygon", "coordinates": [ [ [ 6.456097057547288, 62.477791800561221 ], [ 6.455852676961435, 62.478843893545502 ], [ 6.454177330625779, 62.478366697037437 ], [ 6.456097057547288, 62.477791800561221 ] ] ] } },
{ "type": "Feature", "properties": { }, "geometry": { "type": "Polygon", "coordinates": [ [ [ 6.454177330625779, 62.478366697037437 ], [ 6.455852676961435, 62.478843893545502 ], [ 6.45470115931071, 62.479013503795187 ], [ 6.454177330625779, 62.478366697037437 ] ] ] } },
{ "type": "Feature", "properties": { }, "geometry": { "type": "Polygon", "coordinates": [ [ [ 6.453813546778528, 62.477736601712564 ], [ 6.456097057547288, 62.477791800561221 ], [ 6.454177330625779, 62.478366697037437 ], [ 6.453813546778528, 62.477736601712564 ] ] ] } },
{ "type": "Feature", "properties": { }, "geometry": { "type": "Polygon", "coordinates": [ [ [ 6.560654945836482, 62.48430468270243 ], [ 6.562108272412425, 62.48412852942122 ], [ 6.561619589679363, 62.484534354432476 ], [ 6.560654945836482, 62.48430468270243 ] ] ] } },
{ "type": "Feature", "properties": { }, "geometry": { "type": "Polygon", "coordinates": [ [ [ 6.47370352717017, 62.481298973317081 ], [ 6.472802036180619, 62.481977644026315 ], [ 6.472168466587205, 62.481659658610603 ], [ 6.47370352717017, 62.481298973317081 ] ] ] } },
{ "type": "Feature", "properties": { }, "geometry": { "type": "Polygon", "coordinates": [ [ [ 6.472168466587205, 62.481659658610603 ], [ 6.472802036180619, 62.481977644026315 ], [ 6.472307513759077, 62.482073197492738 ], [ 6.472168466587205, 62.481659658610603 ] ] ] } },
{ "type": "Feature", "properties": { }, "geometry": { "type": "Polygon", "coordinates": [ [ [ 6.471908944908365, 62.481229814999132 ], [ 6.47370352717017, 62.481298973317081 ], [ 6.472168466587205, 62.481659658610603 ], [ 6.471908944908365, 62.481229814999132 ] ] ] } },
{ "type": "Feature", "properties": { }, "geometry": { "type": "Polygon", "coordinates": [ [ [ 6.507297453792789, 62.481337726990098 ], [ 6.508153473541528, 62.481692617654474 ], [ 6.50751639235034, 62.481859804043296 ], [ 6.507297453792789, 62.481337726990098 ] ] ] } },
{ "type": "Feature", "properties": { }, "geometry": { "type": "Polygon", "coordinates": [ [ [ 6.564045426953538, 62.480136570959445 ], [ 6.56424532746676, 62.480347416535828 ], [ 6.563708513075118, 62.480330673849082 ], [ 6.564045426953538, 62.480136570959445 ] ] ] } },
{ "type": "Feature", "properties": { }, "geometry": { "type": "Polygon", "coordinates": [ [ [ 6.496914468689582, 62.476700885010089 ], [ 6.498010081946124, 62.476549227225554 ], [ 6.497856107741707, 62.47723436140879 ], [ 6.496914468689582, 62.476700885010089 ] ] ] } },
{ "type": "Feature", "properties": { }, "geometry": { "type": "Polygon", "coordinates": [ [ [ 6.496914468689582, 62.476700885010089 ], [ 6.497856107741707, 62.47723436140879 ], [ 6.496162428808848, 62.477442341087617 ], [ 6.496914468689582, 62.476700885010089 ] ] ] } },
{ "type": "Feature", "properties": { }, "geometry": { "type": "Polygon", "coordinates": [ [ [ 6.451268351829689, 62.477320811649697 ], [ 6.452420507536538, 62.477637624319946 ], [ 6.451264955010079, 62.477872473190615 ], [ 6.451268351829689, 62.477320811649697 ] ] ] } },
{ "type": "Feature", "properties": { }, "geometry": { "type": "Polygon", "coordinates": [ [ [ 6.451264955010079, 62.477872473190615 ], [ 6.452420507536538, 62.477637624319946 ], [ 6.451822597422372, 62.478151965385798 ], [ 6.451264955010079, 62.477872473190615 ] ] ] } },
{ "type": "Feature", "properties": { }, "geometry": { "type": "Polygon", "coordinates": [ [ [ 6.550256404550812, 62.482931006859992 ], [ 6.550506049278161, 62.483462980595 ], [ 6.549868450075095, 62.483444931257367 ], [ 6.550256404550812, 62.482931006859992 ] ] ] } },
{ "type": "Feature", "properties": { }, "geometry": { "type": "Polygon", "coordinates": [ [ [ 6.548560351496961, 62.482945229373051 ], [ 6.549868450075095, 62.483444931257367 ], [ 6.549022289440488, 62.48370042301471 ], [ 6.548560351496961, 62.482945229373051 ] ] ] } },
{ "type": "Feature", "properties": { }, "geometry": { "type": "Polygon", "coordinates": [ [ [ 6.548560351496961, 62.482945229373051 ], [ 6.550256404550812, 62.482931006859992 ], [ 6.549868450075095, 62.483444931257367 ], [ 6.548560351496961, 62.482945229373051 ] ] ] } },
{ "type": "Feature", "properties": { }, "geometry": { "type": "Polygon", "coordinates": [ [ [ 6.455901297369016, 62.471018039154536 ], [ 6.455967094036686, 62.471609674077378 ], [ 6.453923385325939, 62.471328361644247 ], [ 6.455901297369016, 62.471018039154536 ] ] ] } },
{ "type": "Feature", "properties": { }, "geometry": { "type": "Polygon", "coordinates": [ [ [ 6.395625999645687, 62.465502168849333 ], [ 6.396538304096167, 62.465690172789323 ], [ 6.394962084097495, 62.46600398760274 ], [ 6.395625999645687, 62.465502168849333 ] ] ] } },
{ "type": "Feature", "properties": { }, "geometry": { "type": "Polygon", "coordinates": [ [ [ 6.408788124208423, 62.472969268365809 ], [ 6.411042491176659, 62.47260509129957 ], [ 6.409730373750294, 62.473434088844172 ], [ 6.408788124208423, 62.472969268365809 ] ] ] } },
{ "type": "Feature", "properties": { }, "geometry": { "type": "Polygon", "coordinates": [ [ [ 6.536916476666517, 62.478526569950951 ], [ 6.538303299251988, 62.478717236558623 ], [ 6.537372533088457, 62.479229765273516 ], [ 6.536916476666517, 62.478526569950951 ] ] ] } },
{ "type": "Feature", "properties": { }, "geometry": { "type": "Polygon", "coordinates": [ [ [ 6.501689622599799, 62.483158941554095 ], [ 6.502678974903541, 62.483420331810038 ], [ 6.50179749320449, 62.483683693803428 ], [ 6.501689622599799, 62.483158941554095 ] ] ] } },
{ "type": "Feature", "properties": { }, "geometry": { "type": "Polygon", "coordinates": [ [ [ 6.502450746327152, 62.482735562600084 ], [ 6.502678974903541, 62.483420331810038 ], [ 6.501689622599799, 62.483158941554095 ], [ 6.502450746327152, 62.482735562600084 ] ] ] } },
{ "type": "Feature", "properties": { }, "geometry": { "type": "Polygon", "coordinates": [ [ [ 6.502450746327152, 62.482735562600084 ], [ 6.503563200789428, 62.482931361045388 ], [ 6.502678974903541, 62.483420331810038 ], [ 6.502450746327152, 62.482735562600084 ] ] ] } },
{ "type": "Feature", "properties": { }, "geometry": { "type": "Polygon", "coordinates": [ [ [ 6.453944174294212, 62.470637228619196 ], [ 6.453923385325939, 62.471328361644247 ], [ 6.452625425366858, 62.470974357558141 ], [ 6.453944174294212, 62.470637228619196 ] ] ] } },
{ "type": "Feature", "properties": { }, "geometry": { "type": "Polygon", "coordinates": [ [ [ 6.453239988418831, 62.470337701888973 ], [ 6.453944174294212, 62.470637228619196 ], [ 6.452625425366858, 62.470974357558141 ], [ 6.453239988418831, 62.470337701888973 ] ] ] } },
{ "type": "Feature", "properties": { }, "geometry": { "type": "Polygon", "coordinates": [ [ [ 6.528711399877753, 62.480587106875973 ], [ 6.530674187199218, 62.480355638202937 ], [ 6.530706918150069, 62.481099338892342 ], [ 6.528711399877753, 62.480587106875973 ] ] ] } },
{ "type": "Feature", "properties": { }, "geometry": { "type": "Polygon", "coordinates": [ [ [ 6.530674187199218, 62.480355638202937 ], [ 6.531541952742203, 62.480981814664673 ], [ 6.530706918150069, 62.481099338892342 ], [ 6.530674187199218, 62.480355638202937 ] ] ] } },
{ "type": "Feature", "properties": { }, "geometry": { "type": "Polygon", "coordinates": [ [ [ 6.528711399877753, 62.480587106875973 ], [ 6.530706918150069, 62.481099338892342 ], [ 6.529221457557314, 62.481344506516251 ], [ 6.528711399877753, 62.480587106875973 ] ] ] } },
{ "type": "Feature", "properties": { }, "geometry": { "type": "Polygon", "coordinates": [ [ [ 6.540518266633058, 62.482107877410208 ], [ 6.540590979341458, 62.48275896992623 ], [ 6.539364104577715, 62.482551360624669 ], [ 6.540518266633058, 62.482107877410208 ] ] ] } },
{ "type": "Feature", "properties": { }, "geometry": { "type": "Polygon", "coordinates": [ [ [ 6.540518266633058, 62.482107877410208 ], [ 6.541315580247772, 62.482645429074886 ], [ 6.540590979341458, 62.48275896992623 ], [ 6.540518266633058, 62.482107877410208 ] ] ] } },
{ "type": "Feature", "properties": { }, "geometry": { "type": "Polygon", "coordinates": [ [ [ 6.551374005380499, 62.479246687953584 ], [ 6.552404177936344, 62.479612555466254 ], [ 6.551593502258906, 62.47990030278423 ], [ 6.551374005380499, 62.479246687953584 ] ] ] } },
{ "type": "Feature", "properties": { }, "geometry": { "type": "Polygon", "coordinates": [ [ [ 6.560364933054462, 62.483549028901578 ], [ 6.562108272412425, 62.48412852942122 ], [ 6.560654945836482, 62.48430468270243 ], [ 6.560364933054462, 62.483549028901578 ] ] ] } },
{ "type": "Feature", "properties": { }, "geometry": { "type": "Polygon", "coordinates": [ [ [ 6.560364933054462, 62.483549028901578 ], [ 6.560654945836482, 62.48430468270243 ], [ 6.558617732266952, 62.484019667586416 ], [ 6.560364933054462, 62.483549028901578 ] ] ] } },
{ "type": "Feature", "properties": { }, "geometry": { "type": "Polygon", "coordinates": [ [ [ 6.47370352717017, 62.481298973317081 ], [ 6.474270244741035, 62.482093705631236 ], [ 6.472802036180619, 62.481977644026315 ], [ 6.47370352717017, 62.481298973317081 ] ] ] } },
{ "type": "Feature", "properties": { }, "geometry": { "type": "Polygon", "coordinates": [ [ [ 6.507297453792789, 62.481337726990098 ], [ 6.50751639235034, 62.481859804043296 ], [ 6.506698068647793, 62.481716239433872 ], [ 6.507297453792789, 62.481337726990098 ] ] ] } },
{ "type": "Feature", "properties": { }, "geometry": { "type": "Polygon", "coordinates": [ [ [ 6.563814272582465, 62.479909029651807 ], [ 6.564045426953538, 62.480136570959445 ], [ 6.563708513075118, 62.480330673849082 ], [ 6.563814272582465, 62.479909029651807 ] ] ] } },
{ "type": "Feature", "properties": { }, "geometry": { "type": "Polygon", "coordinates": [ [ [ 6.562746531597336, 62.480220531993922 ], [ 6.563442355748585, 62.480547035673581 ], [ 6.562656754628885, 62.480802950544032 ], [ 6.562746531597336, 62.480220531993922 ] ] ] } },
{ "type": "Feature", "properties": { }, "geometry": { "type": "Polygon", "coordinates": [ [ [ 6.562746531597336, 62.480220531993922 ], [ 6.563708513075118, 62.480330673849082 ], [ 6.563442355748585, 62.480547035673581 ], [ 6.562746531597336, 62.480220531993922 ] ] ] } },
{ "type": "Feature", "properties": { }, "geometry": { "type": "Polygon", "coordinates": [ [ [ 6.565296136694731, 62.482452406136524 ], [ 6.566076282952528, 62.482543517369685 ], [ 6.565479504584406, 62.482876856426643 ], [ 6.565296136694731, 62.482452406136524 ] ] ] } },
{ "type": "Feature", "properties": { }, "geometry": { "type": "Polygon", "coordinates": [ [ [ 6.540518266633058, 62.482107877410208 ], [ 6.542568852568506, 62.482347427337722 ], [ 6.541315580247772, 62.482645429074886 ], [ 6.540518266633058, 62.482107877410208 ] ] ] } },
{ "type": "Feature", "properties": { }, "geometry": { "type": "Polygon", "coordinates": [ [ [ 6.563814272582465, 62.479909029651807 ], [ 6.563708513075118, 62.480330673849082 ], [ 6.562746531597336, 62.480220531993922 ], [ 6.563814272582465, 62.479909029651807 ] ] ] } },
{ "type": "Feature", "properties": { }, "geometry": { "type": "Polygon", "coordinates": [ [ [ 6.563023064786087, 62.479625439597591 ], [ 6.563814272582465, 62.479909029651807 ], [ 6.562746531597336, 62.480220531993922 ], [ 6.563023064786087, 62.479625439597591 ] ] ] } },
{ "type": "Feature", "properties": { }, "geometry": { "type": "Polygon", "coordinates": [ [ [ 6.475540820581669, 62.481509445578389 ], [ 6.475117335156087, 62.48231478993219 ], [ 6.474270244741035, 62.482093705631236 ], [ 6.475540820581669, 62.481509445578389 ] ] ] } },
{ "type": "Feature", "properties": { }, "geometry": { "type": "Polygon", "coordinates": [ [ [ 6.475540820581669, 62.481509445578389 ], [ 6.476768084947906, 62.48238589379212 ], [ 6.475117335156087, 62.48231478993219 ], [ 6.475540820581669, 62.481509445578389 ] ] ] } },
{ "type": "Feature", "properties": { }, "geometry": { "type": "Polygon", "coordinates": [ [ [ 6.399158941535029, 62.465632022943424 ], [ 6.399738440919749, 62.465942452526093 ], [ 6.398312643214318, 62.465791743773302 ], [ 6.399158941535029, 62.465632022943424 ] ] ] } },
{ "type": "Feature", "properties": { }, "geometry": { "type": "Polygon", "coordinates": [ [ [ 6.400692806836407, 62.470600011147816 ], [ 6.401477149054944, 62.470882057825875 ], [ 6.400689143317811, 62.471051054709655 ], [ 6.400692806836407, 62.470600011147816 ] ] ] } },
{ "type": "Feature", "properties": { }, "geometry": { "type": "Polygon", "coordinates": [ [ [ 6.400689143317811, 62.471051054709655 ], [ 6.401477149054944, 62.470882057825875 ], [ 6.40122228838674, 62.471266347746415 ], [ 6.400689143317811, 62.471051054709655 ] ] ] } },
{ "type": "Feature", "properties": { }, "geometry": { "type": "Polygon", "coordinates": [ [ [ 6.449994046732645, 62.476880628584944 ], [ 6.45014969897784, 62.477511466347622 ], [ 6.449414439906961, 62.47745612932485 ], [ 6.449994046732645, 62.476880628584944 ] ] ] } },
{ "type": "Feature", "properties": { }, "geometry": { "type": "Polygon", "coordinates": [ [ [ 6.44836774944407, 62.477132614649079 ], [ 6.449994046732645, 62.476880628584944 ], [ 6.449414439906961, 62.47745612932485 ], [ 6.44836774944407, 62.477132614649079 ] ] ] } },
{ "type": "Feature", "properties": { }, "geometry": { "type": "Polygon", "coordinates": [ [ [ 6.392123782214204, 62.464983380841936 ], [ 6.392016571574146, 62.465613557538731 ], [ 6.389980059958308, 62.46552533182453 ], [ 6.392123782214204, 62.464983380841936 ] ] ] } },
{ "type": "Feature", "properties": { }, "geometry": { "type": "Polygon", "coordinates": [ [ [ 6.389980059958308, 62.46552533182453 ], [ 6.392016571574146, 62.465613557538731 ], [ 6.391213449155666, 62.466124782563227 ], [ 6.389980059958308, 62.46552533182453 ] ] ] } },
{ "type": "Feature", "properties": { }, "geometry": { "type": "Polygon", "coordinates": [ [ [ 6.399738440919749, 62.465942452526093 ], [ 6.401264451060713, 62.465875337725016 ], [ 6.400915360881622, 62.466399691858228 ], [ 6.399738440919749, 62.465942452526093 ] ] ] } },
{ "type": "Feature", "properties": { }, "geometry": { "type": "Polygon", "coordinates": [ [ [ 6.494664625226148, 62.481687871596044 ], [ 6.494602334997216, 62.482328170649161 ], [ 6.493888398176268, 62.482218740209305 ], [ 6.494664625226148, 62.481687871596044 ] ] ] } },
{ "type": "Feature", "properties": { }, "geometry": { "type": "Polygon", "coordinates": [ [ [ 6.494664625226148, 62.481687871596044 ], [ 6.496030453693059, 62.482206283884217 ], [ 6.494602334997216, 62.482328170649161 ], [ 6.494664625226148, 62.481687871596044 ] ] ] } },
{ "type": "Feature", "properties": { }, "geometry": { "type": "Polygon", "coordinates": [ [ [ 6.494602334997216, 62.482328170649161 ], [ 6.496030453693059, 62.482206283884217 ], [ 6.495317857957516, 62.482640719644415 ], [ 6.494602334997216, 62.482328170649161 ] ] ] } },
{ "type": "Feature", "properties": { }, "geometry": { "type": "Polygon", "coordinates": [ [ [ 6.435827166990535, 62.476449589834886 ], [ 6.437168409150543, 62.47631010133361 ], [ 6.436709138650961, 62.476909727526234 ], [ 6.435827166990535, 62.476449589834886 ] ] ] } },
{ "type": "Feature", "properties": { }, "geometry": { "type": "Polygon", "coordinates": [ [ [ 6.435827166990535, 62.476449589834886 ], [ 6.436709138650961, 62.476909727526234 ], [ 6.435688726254285, 62.477044081846003 ], [ 6.435827166990535, 62.476449589834886 ] ] ] } },
{ "type": "Feature", "properties": { }, "geometry": { "type": "Polygon", "coordinates": [ [ [ 6.514472522971408, 62.480797725242979 ], [ 6.515361472730836, 62.480775943356186 ], [ 6.514717705926412, 62.481231441569662 ], [ 6.514472522971408, 62.480797725242979 ] ] ] } },
{ "type": "Feature", "properties": { }, "geometry": { "type": "Polygon", "coordinates": [ [ [ 6.515361472730836, 62.480775943356186 ], [ 6.515548517663422, 62.481178651304212 ], [ 6.514717705926412, 62.481231441569662 ], [ 6.515361472730836, 62.480775943356186 ] ] ] } },
{ "type": "Feature", "properties": { }, "geometry": { "type": "Polygon", "coordinates": [ [ [ 6.522429993984119, 62.477768658770607 ], [ 6.523819371890404, 62.478176866162578 ], [ 6.521634964932788, 62.478404186880354 ], [ 6.522429993984119, 62.477768658770607 ] ] ] } },
{ "type": "Feature", "properties": { }, "geometry": { "type": "Polygon", "coordinates": [ [ [ 6.52111429798933, 62.478042942480648 ], [ 6.522429993984119, 62.477768658770607 ], [ 6.521634964932788, 62.478404186880354 ], [ 6.52111429798933, 62.478042942480648 ] ] ] } },
{ "type": "Feature", "properties": { }, "geometry": { "type": "Polygon", "coordinates": [ [ [ 6.521595201662741, 62.477670082560948 ], [ 6.522429993984119, 62.477768658770607 ], [ 6.52111429798933, 62.478042942480648 ], [ 6.521595201662741, 62.477670082560948 ] ] ] } },
{ "type": "Feature", "properties": { }, "geometry": { "type": "Polygon", "coordinates": [ [ [ 6.467302091575567, 62.48061364347209 ], [ 6.468507710574565, 62.481137249073598 ], [ 6.467599880978091, 62.481366222277174 ], [ 6.467302091575567, 62.48061364347209 ] ] ] } },
{ "type": "Feature", "properties": { }, "geometry": { "type": "Polygon", "coordinates": [ [ [ 6.468507710574565, 62.481137249073598 ], [ 6.469052397068048, 62.481543891299246 ], [ 6.467599880978091, 62.481366222277174 ], [ 6.468507710574565, 62.481137249073598 ] ] ] } },
{ "type": "Feature", "properties": { }, "geometry": { "type": "Polygon", "coordinates": [ [ [ 6.467302091575567, 62.48061364347209 ], [ 6.467599880978091, 62.481366222277174 ], [ 6.466382998871363, 62.481259648543407 ], [ 6.467302091575567, 62.48061364347209 ] ] ] } },
{ "type": "Feature", "properties": { }, "geometry": { "type": "Polygon", "coordinates": [ [ [ 6.519794909406474, 62.477872876384303 ], [ 6.52111429798933, 62.478042942480648 ], [ 6.520048289261436, 62.478632915439086 ], [ 6.519794909406474, 62.477872876384303 ] ] ] } },
{ "type": "Feature", "properties": { }, "geometry": { "type": "Polygon", "coordinates": [ [ [ 6.519794909406474, 62.477872876384303 ], [ 6.520048289261436, 62.478632915439086 ], [ 6.518292006072121, 62.478363424897445 ], [ 6.519794909406474, 62.477872876384303 ] ] ] } },
{ "type": "Feature", "properties": { }, "geometry": { "type": "Polygon", "coordinates": [ [ [ 6.518608544575103, 62.477753313481998 ], [ 6.519794909406474, 62.477872876384303 ], [ 6.518292006072121, 62.478363424897445 ], [ 6.518608544575103, 62.477753313481998 ] ] ] } },
{ "type": "Feature", "properties": { }, "geometry": { "type": "Polygon", "coordinates": [ [ [ 6.496030453693059, 62.482206283884217 ], [ 6.498181903446149, 62.482195854679631 ], [ 6.497121834302221, 62.482693734015207 ], [ 6.496030453693059, 62.482206283884217 ] ] ] } },
{ "type": "Feature", "properties": { }, "geometry": { "type": "Polygon", "coordinates": [ [ [ 6.498181903446149, 62.482195854679631 ], [ 6.498202890776625, 62.482894681137473 ], [ 6.497121834302221, 62.482693734015207 ], [ 6.498181903446149, 62.482195854679631 ] ] ] } },
{ "type": "Feature", "properties": { }, "geometry": { "type": "Polygon", "coordinates": [ [ [ 6.503534117663669, 62.482288498124781 ], [ 6.504296411236155, 62.482602685787604 ], [ 6.503563200789428, 62.482931361045388 ], [ 6.503534117663669, 62.482288498124781 ] ] ] } },
{ "type": "Feature", "properties": { }, "geometry": { "type": "Polygon", "coordinates": [ [ [ 6.481741795376742, 62.483062886964341 ], [ 6.483234632576176, 62.483284410951214 ], [ 6.482269617497148, 62.483488987276786 ], [ 6.481741795376742, 62.483062886964341 ] ] ] } },
{ "type": "Feature", "properties": { }, "geometry": { "type": "Polygon", "coordinates": [ [ [ 6.480790605893855, 62.481745070220185 ], [ 6.47970206230972, 62.482958342697565 ], [ 6.478492288064074, 62.482516341875872 ], [ 6.480790605893855, 62.481745070220185 ] ] ] } },
{ "type": "Feature", "properties": { }, "geometry": { "type": "Polygon", "coordinates": [ [ [ 6.480790605893855, 62.481745070220185 ], [ 6.481741795376742, 62.483062886964341 ], [ 6.47970206230972, 62.482958342697565 ], [ 6.480790605893855, 62.481745070220185 ] ] ] } },
{ "type": "Feature", "properties": { }, "geometry": { "type": "Polygon", "coordinates": [ [ [ 6.47970206230972, 62.482958342697565 ], [ 6.481741795376742, 62.483062886964341 ], [ 6.480334258529802, 62.483357104492377 ], [ 6.47970206230972, 62.482958342697565 ] ] ] } },
{ "type": "Feature", "properties": { }, "geometry": { "type": "Polygon", "coordinates": [ [ [ 6.402474637102798, 62.470899301731656 ], [ 6.40430805281107, 62.470835802767816 ], [ 6.40281652576172, 62.471333380043589 ], [ 6.402474637102798, 62.470899301731656 ] ] ] } },
{ "type": "Feature", "properties": { }, "geometry": { "type": "Polygon", "coordinates": [ [ [ 6.40430805281107, 62.470835802767816 ], [ 6.403713851681058, 62.471662142207045 ], [ 6.40281652576172, 62.471333380043589 ], [ 6.40430805281107, 62.470835802767816 ] ] ] } },
{ "type": "Feature", "properties": { }, "geometry": { "type": "Polygon", "coordinates": [ [ [ 6.490370700215776, 62.482717088535914 ], [ 6.491011421641767, 62.482617064958603 ], [ 6.490793135113659, 62.482961395598316 ], [ 6.490370700215776, 62.482717088535914 ] ] ] } },
{ "type": "Feature", "properties": { }, "geometry": { "type": "Polygon", "coordinates": [ [ [ 6.509736251457215, 62.480304502304037 ], [ 6.509764757822323, 62.480811644331723 ], [ 6.509310004591718, 62.480563373946801 ], [ 6.509736251457215, 62.480304502304037 ] ] ] } },
{ "type": "Feature", "properties": { }, "geometry": { "type": "Polygon", "coordinates": [ [ [ 6.509310004591718, 62.480563373946801 ], [ 6.509764757822323, 62.480811644331723 ], [ 6.50917148623907, 62.480882445528188 ], [ 6.509310004591718, 62.480563373946801 ] ] ] } },
{ "type": "Feature", "properties": { }, "geometry": { "type": "Polygon", "coordinates": [ [ [ 6.471502871237305, 62.472788231587892 ], [ 6.472718643517227, 62.472731348302894 ], [ 6.472886995819822, 62.473169705633772 ], [ 6.471502871237305, 62.472788231587892 ] ] ] } },
{ "type": "Feature", "properties": { }, "geometry": { "type": "Polygon", "coordinates": [ [ [ 6.542568852568506, 62.482347427337722 ], [ 6.545234636008446, 62.482631262215747 ], [ 6.543296985129284, 62.482930110911042 ], [ 6.542568852568506, 62.482347427337722 ] ] ] } },
{ "type": "Feature", "properties": { }, "geometry": { "type": "Polygon", "coordinates": [ [ [ 6.566571291770303, 62.483746320473983 ], [ 6.566893489628953, 62.484266429007889 ], [ 6.565203002709125, 62.483997444025242 ], [ 6.566571291770303, 62.483746320473983 ] ] ] } },
{ "type": "Feature", "properties": { }, "geometry": { "type": "Polygon", "coordinates": [ [ [ 6.565794186212643, 62.483373737214215 ], [ 6.566571291770303, 62.483746320473983 ], [ 6.565203002709125, 62.483997444025242 ], [ 6.565794186212643, 62.483373737214215 ] ] ] } },
{ "type": "Feature", "properties": { }, "geometry": { "type": "Polygon", "coordinates": [ [ [ 6.565794186212643, 62.483373737214215 ], [ 6.567171938824972, 62.483111188340899 ], [ 6.566571291770303, 62.483746320473983 ], [ 6.565794186212643, 62.483373737214215 ] ] ] } },
{ "type": "Feature", "properties": { }, "geometry": { "type": "Polygon", "coordinates": [ [ [ 6.553840108361656, 62.48375183763779 ], [ 6.554667924525895, 62.483616484855951 ], [ 6.55417839545637, 62.483953700586902 ], [ 6.553840108361656, 62.48375183763779 ] ] ] } },
{ "type": "Feature", "properties": { }, "geometry": { "type": "Polygon", "coordinates": [ [ [ 6.418086295438562, 62.476233165098698 ], [ 6.4191453438972, 62.47611772814907 ], [ 6.41827919485668, 62.476728708744709 ], [ 6.418086295438562, 62.476233165098698 ] ] ] } },
{ "type": "Feature", "properties": { }, "geometry": { "type": "Polygon", "coordinates": [ [ [ 6.4191453438972, 62.47611772814907 ], [ 6.419096731844957, 62.476848111735585 ], [ 6.41827919485668, 62.476728708744709 ], [ 6.4191453438972, 62.47611772814907 ] ] ] } },
{ "type": "Feature", "properties": { }, "geometry": { "type": "Polygon", "coordinates": [ [ [ 6.418086295438562, 62.476233165098698 ], [ 6.41827919485668, 62.476728708744709 ], [ 6.417369370143063, 62.47661192103957 ], [ 6.418086295438562, 62.476233165098698 ] ] ] } },
{ "type": "Feature", "properties": { }, "geometry": { "type": "Polygon", "coordinates": [ [ [ 6.478285041131111, 62.47290200040657 ], [ 6.480047054876216, 62.473103587608534 ], [ 6.479362241421998, 62.474102075474072 ], [ 6.478285041131111, 62.47290200040657 ] ] ] } },
{ "type": "Feature", "properties": { }, "geometry": { "type": "Polygon", "coordinates": [ [ [ 6.478285041131111, 62.47290200040657 ], [ 6.479362241421998, 62.474102075474072 ], [ 6.477341311477751, 62.473503599631684 ], [ 6.478285041131111, 62.47290200040657 ] ] ] } },
{ "type": "Feature", "properties": { }, "geometry": { "type": "Polygon", "coordinates": [ [ [ 6.476879960261387, 62.472882045329946 ], [ 6.478285041131111, 62.47290200040657 ], [ 6.477341311477751, 62.473503599631684 ], [ 6.476879960261387, 62.472882045329946 ] ] ] } },
{ "type": "Feature", "properties": { }, "geometry": { "type": "Polygon", "coordinates": [ [ [ 6.477558413120059, 62.472581311143699 ], [ 6.478285041131111, 62.47290200040657 ], [ 6.476879960261387, 62.472882045329946 ], [ 6.477558413120059, 62.472581311143699 ] ] ] } },
{ "type": "Feature", "properties": { }, "geometry": { "type": "Polygon", "coordinates": [ [ [ 6.56178046110541, 62.481542841075722 ], [ 6.561884441723275, 62.48206249274137 ], [ 6.560663676754543, 62.482230415668504 ], [ 6.56178046110541, 62.481542841075722 ] ] ] } },
{ "type": "Feature", "properties": { }, "geometry": { "type": "Polygon", "coordinates": [ [ [ 6.442263561444616, 62.476411859126181 ], [ 6.443608108922479, 62.476214426529239 ], [ 6.443278221651675, 62.476865360677486 ], [ 6.442263561444616, 62.476411859126181 ] ] ] } },
{ "type": "Feature", "properties": { }, "geometry": { "type": "Polygon", "coordinates": [ [ [ 6.562261471550821, 62.481208138785284 ], [ 6.562900281021089, 62.481480524315273 ], [ 6.56178046110541, 62.481542841075722 ], [ 6.562261471550821, 62.481208138785284 ] ] ] } },
{ "type": "Feature", "properties": { }, "geometry": { "type": "Polygon", "coordinates": [ [ [ 6.435827166990535, 62.476449589834886 ], [ 6.435688726254285, 62.477044081846003 ], [ 6.434941745786589, 62.476885054696922 ], [ 6.435827166990535, 62.476449589834886 ] ] ] } },
{ "type": "Feature", "properties": { }, "geometry": { "type": "Polygon", "coordinates": [ [ [ 6.50855526899559, 62.480659194198161 ], [ 6.50917148623907, 62.480882445528188 ], [ 6.508048462118199, 62.48093514344545 ], [ 6.50855526899559, 62.480659194198161 ] ] ] } },
{ "type": "Feature", "properties": { }, "geometry": { "type": "Polygon", "coordinates": [ [ [ 6.507244672423938, 62.480381452540897 ], [ 6.508048462118199, 62.48093514344545 ], [ 6.507297453792789, 62.481337726990098 ], [ 6.507244672423938, 62.480381452540897 ] ] ] } },
{ "type": "Feature", "properties": { }, "geometry": { "type": "Polygon", "coordinates": [ [ [ 6.507244672423938, 62.480381452540897 ], [ 6.50855526899559, 62.480659194198161 ], [ 6.508048462118199, 62.48093514344545 ], [ 6.507244672423938, 62.480381452540897 ] ] ] } },
{ "type": "Feature", "properties": { }, "geometry": { "type": "Polygon", "coordinates": [ [ [ 6.505245836933151, 62.477022623124206 ], [ 6.505700910640757, 62.477445525259206 ], [ 6.504198472166268, 62.477398142822842 ], [ 6.505245836933151, 62.477022623124206 ] ] ] } },
{ "type": "Feature", "properties": { }, "geometry": { "type": "Polygon", "coordinates": [ [ [ 6.504198472166268, 62.477398142822842 ], [ 6.505700910640757, 62.477445525259206 ], [ 6.504894461213174, 62.478231611269365 ], [ 6.504198472166268, 62.477398142822842 ] ] ] } },
{ "type": "Feature", "properties": { }, "geometry": { "type": "Polygon", "coordinates": [ [ [ 6.504198472166268, 62.477398142822842 ], [ 6.504894461213174, 62.478231611269365 ], [ 6.503224863054795, 62.477833952590224 ], [ 6.504198472166268, 62.477398142822842 ] ] ] } },
{ "type": "Feature", "properties": { }, "geometry": { "type": "Polygon", "coordinates": [ [ [ 6.501613656301846, 62.477037579413334 ], [ 6.502355026632354, 62.477052319765214 ], [ 6.501927874369379, 62.477653141903232 ], [ 6.501613656301846, 62.477037579413334 ] ] ] } },
{ "type": "Feature", "properties": { }, "geometry": { "type": "Polygon", "coordinates": [ [ [ 6.501613656301846, 62.477037579413334 ], [ 6.501927874369379, 62.477653141903232 ], [ 6.500566531459614, 62.477476995297138 ], [ 6.501613656301846, 62.477037579413334 ] ] ] } },
{ "type": "Feature", "properties": { }, "geometry": { "type": "Polygon", "coordinates": [ [ [ 6.510340216470532, 62.47744292379658 ], [ 6.511294779554909, 62.477438787011209 ], [ 6.510833345160112, 62.478223932811439 ], [ 6.510340216470532, 62.47744292379658 ] ] ] } },
{ "type": "Feature", "properties": { }, "geometry": { "type": "Polygon", "coordinates": [ [ [ 6.510340216470532, 62.47744292379658 ], [ 6.510833345160112, 62.478223932811439 ], [ 6.509642821702795, 62.478163625784525 ], [ 6.510340216470532, 62.47744292379658 ] ] ] } },
{ "type": "Feature", "properties": { }, "geometry": { "type": "Polygon", "coordinates": [ [ [ 6.509413905266413, 62.477619637057565 ], [ 6.510340216470532, 62.47744292379658 ], [ 6.509642821702795, 62.478163625784525 ], [ 6.509413905266413, 62.477619637057565 ] ] ] } },
{ "type": "Feature", "properties": { }, "geometry": { "type": "Polygon", "coordinates": [ [ [ 6.509662791658627, 62.477170512923358 ], [ 6.510340216470532, 62.47744292379658 ], [ 6.509413905266413, 62.477619637057565 ], [ 6.509662791658627, 62.477170512923358 ] ] ] } },
{ "type": "Feature", "properties": { }, "geometry": { "type": "Polygon", "coordinates": [ [ [ 6.517714397112018, 62.48041758957099 ], [ 6.519571620995649, 62.480523620947146 ], [ 6.518646802341326, 62.48080908007784 ], [ 6.517714397112018, 62.48041758957099 ] ] ] } },
{ "type": "Feature", "properties": { }, "geometry": { "type": "Polygon", "coordinates": [ [ [ 6.48096595935918, 62.472810862629402 ], [ 6.482072203051369, 62.472857048466302 ], [ 6.481506339518703, 62.473766332760079 ], [ 6.48096595935918, 62.472810862629402 ] ] ] } },
{ "type": "Feature", "properties": { }, "geometry": { "type": "Polygon", "coordinates": [ [ [ 6.480047054876216, 62.473103587608534 ], [ 6.48096595935918, 62.472810862629402 ], [ 6.481506339518703, 62.473766332760079 ], [ 6.480047054876216, 62.473103587608534 ] ] ] } },
{ "type": "Feature", "properties": { }, "geometry": { "type": "Polygon", "coordinates": [ [ [ 6.406622671410477, 62.472286107504949 ], [ 6.407594944806511, 62.47267338465624 ], [ 6.406481620700275, 62.47296829349623 ], [ 6.406622671410477, 62.472286107504949 ] ] ] } },
{ "type": "Feature", "properties": { }, "geometry": { "type": "Polygon", "coordinates": [ [ [ 6.407594944806511, 62.47267338465624 ], [ 6.407570473274576, 62.473266985190691 ], [ 6.406481620700275, 62.47296829349623 ], [ 6.407594944806511, 62.47267338465624 ] ] ] } },
{ "type": "Feature", "properties": { }, "geometry": { "type": "Polygon", "coordinates": [ [ [ 6.406622671410477, 62.472286107504949 ], [ 6.406481620700275, 62.47296829349623 ], [ 6.405732230143756, 62.472833636427552 ], [ 6.406622671410477, 62.472286107504949 ] ] ] } },
{ "type": "Feature", "properties": { }, "geometry": { "type": "Polygon", "coordinates": [ [ [ 6.400644074781517, 62.469633504315894 ], [ 6.400490205501498, 62.470275547379863 ], [ 6.399788090517688, 62.470143703393113 ], [ 6.400644074781517, 62.469633504315894 ] ] ] } },
{ "type": "Feature", "properties": { }, "geometry": { "type": "Polygon", "coordinates": [ [ [ 6.400644074781517, 62.469633504315894 ], [ 6.401834142883803, 62.470271530456202 ], [ 6.400490205501498, 62.470275547379863 ], [ 6.400644074781517, 62.469633504315894 ] ] ] } },
{ "type": "Feature", "properties": { }, "geometry": { "type": "Polygon", "coordinates": [ [ [ 6.400490205501498, 62.470275547379863 ], [ 6.401834142883803, 62.470271530456202 ], [ 6.400692806836407, 62.470600011147816 ], [ 6.400490205501498, 62.470275547379863 ] ] ] } },
{ "type": "Feature", "properties": { }, "geometry": { "type": "Polygon", "coordinates": [ [ [ 6.517224630706143, 62.47760535042088 ], [ 6.517872970841746, 62.47776669127429 ], [ 6.516969147797246, 62.478143272641567 ], [ 6.517224630706143, 62.47760535042088 ] ] ] } },
{ "type": "Feature", "properties": { }, "geometry": { "type": "Polygon", "coordinates": [ [ [ 6.554013022324212, 62.483345929274797 ], [ 6.553840108361656, 62.48375183763779 ], [ 6.553317770788719, 62.483669122635277 ], [ 6.554013022324212, 62.483345929274797 ] ] ] } },
{ "type": "Feature", "properties": { }, "geometry": { "type": "Polygon", "coordinates": [ [ [ 6.560364933054462, 62.483549028901578 ], [ 6.561907587656297, 62.483266909036516 ], [ 6.562108272412425, 62.48412852942122 ], [ 6.560364933054462, 62.483549028901578 ] ] ] } },
{ "type": "Feature", "properties": { }, "geometry": { "type": "Polygon", "coordinates": [ [ [ 6.561907587656297, 62.483266909036516 ], [ 6.563621226058198, 62.48351483797223 ], [ 6.562108272412425, 62.48412852942122 ], [ 6.561907587656297, 62.483266909036516 ] ] ] } },
{ "type": "Feature", "properties": { }, "geometry": { "type": "Polygon", "coordinates": [ [ [ 6.563621226058198, 62.48351483797223 ], [ 6.563160948190581, 62.484340763835348 ], [ 6.562108272412425, 62.48412852942122 ], [ 6.563621226058198, 62.48351483797223 ] ] ] } },
{ "type": "Feature", "properties": { }, "geometry": { "type": "Polygon", "coordinates": [ [ [ 6.561715342066591, 62.479071701604788 ], [ 6.562825778261904, 62.479256960615608 ], [ 6.561969544141182, 62.479550665327764 ], [ 6.561715342066591, 62.479071701604788 ] ] ] } },
{ "type": "Feature", "properties": { }, "geometry": { "type": "Polygon", "coordinates": [ [ [ 6.561715342066591, 62.479071701604788 ], [ 6.561969544141182, 62.479550665327764 ], [ 6.560503774146663, 62.479463305203794 ], [ 6.561715342066591, 62.479071701604788 ] ] ] } },
{ "type": "Feature", "properties": { }, "geometry": { "type": "Polygon", "coordinates": [ [ [ 6.561969544141182, 62.479550665327764 ], [ 6.563023064786087, 62.479625439597591 ], [ 6.562746531597336, 62.480220531993922 ], [ 6.561969544141182, 62.479550665327764 ] ] ] } },
{ "type": "Feature", "properties": { }, "geometry": { "type": "Polygon", "coordinates": [ [ [ 6.562825778261904, 62.479256960615608 ], [ 6.563023064786087, 62.479625439597591 ], [ 6.561969544141182, 62.479550665327764 ], [ 6.562825778261904, 62.479256960615608 ] ] ] } },
{ "type": "Feature", "properties": { }, "geometry": { "type": "Polygon", "coordinates": [ [ [ 6.47370352717017, 62.481298973317081 ], [ 6.475540820581669, 62.481509445578389 ], [ 6.474270244741035, 62.482093705631236 ], [ 6.47370352717017, 62.481298973317081 ] ] ] } },
{ "type": "Feature", "properties": { }, "geometry": { "type": "Polygon", "coordinates": [ [ [ 6.449994046732645, 62.476880628584944 ], [ 6.451268351829689, 62.477320811649697 ], [ 6.45014969897784, 62.477511466347622 ], [ 6.449994046732645, 62.476880628584944 ] ] ] } },
{ "type": "Feature", "properties": { }, "geometry": { "type": "Polygon", "coordinates": [ [ [ 6.517872970841746, 62.47776669127429 ], [ 6.518608544575103, 62.477753313481998 ], [ 6.518292006072121, 62.478363424897445 ], [ 6.517872970841746, 62.47776669127429 ] ] ] } },
{ "type": "Feature", "properties": { }, "geometry": { "type": "Polygon", "coordinates": [ [ [ 6.503534117663669, 62.482288498124781 ], [ 6.503563200789428, 62.482931361045388 ], [ 6.502450746327152, 62.482735562600084 ], [ 6.503534117663669, 62.482288498124781 ] ] ] } },
{ "type": "Feature", "properties": { }, "geometry": { "type": "Polygon", "coordinates": [ [ [ 6.484342866609039, 62.482680777866385 ], [ 6.483234632576176, 62.483284410951214 ], [ 6.481741795376742, 62.483062886964341 ], [ 6.484342866609039, 62.482680777866385 ] ] ] } },
{ "type": "Feature", "properties": { }, "geometry": { "type": "Polygon", "coordinates": [ [ [ 6.480790605893855, 62.481745070220185 ], [ 6.484342866609039, 62.482680777866385 ], [ 6.481741795376742, 62.483062886964341 ], [ 6.480790605893855, 62.481745070220185 ] ] ] } },
{ "type": "Feature", "properties": { }, "geometry": { "type": "Polygon", "coordinates": [ [ [ 6.401834142883803, 62.470271530456202 ], [ 6.401477149054944, 62.470882057825875 ], [ 6.400692806836407, 62.470600011147816 ], [ 6.401834142883803, 62.470271530456202 ] ] ] } },
{ "type": "Feature", "properties": { }, "geometry": { "type": "Polygon", "coordinates": [ [ [ 6.401834142883803, 62.470271530456202 ], [ 6.402474637102798, 62.470899301731656 ], [ 6.401477149054944, 62.470882057825875 ], [ 6.401834142883803, 62.470271530456202 ] ] ] } },
{ "type": "Feature", "properties": { }, "geometry": { "type": "Polygon", "coordinates": [ [ [ 6.490307836497248, 62.482141552522599 ], [ 6.491531857408328, 62.482290820378438 ], [ 6.491011421641767, 62.482617064958603 ], [ 6.490307836497248, 62.482141552522599 ] ] ] } },
{ "type": "Feature", "properties": { }, "geometry": { "type": "Polygon", "coordinates": [ [ [ 6.490307836497248, 62.482141552522599 ], [ 6.491011421641767, 62.482617064958603 ], [ 6.490370700215776, 62.482717088535914 ], [ 6.490307836497248, 62.482141552522599 ] ] ] } },
{ "type": "Feature", "properties": { }, "geometry": { "type": "Polygon", "coordinates": [ [ [ 6.50855526899559, 62.480659194198161 ], [ 6.509310004591718, 62.480563373946801 ], [ 6.50917148623907, 62.480882445528188 ], [ 6.50855526899559, 62.480659194198161 ] ] ] } },
{ "type": "Feature", "properties": { }, "geometry": { "type": "Polygon", "coordinates": [ [ [ 6.521547917877848, 62.48034846923855 ], [ 6.522816759245483, 62.48051656932509 ], [ 6.522230249835381, 62.481063662233367 ], [ 6.521547917877848, 62.48034846923855 ] ] ] } },
{ "type": "Feature", "properties": { }, "geometry": { "type": "Polygon", "coordinates": [ [ [ 6.50953256820579, 62.479770418803724 ], [ 6.509736251457215, 62.480304502304037 ], [ 6.50864361677769, 62.480123870593637 ], [ 6.50953256820579, 62.479770418803724 ] ] ] } },
{ "type": "Feature", "properties": { }, "geometry": { "type": "Polygon", "coordinates": [ [ [ 6.50953256820579, 62.479770418803724 ], [ 6.510923257880463, 62.480254030682318 ], [ 6.509736251457215, 62.480304502304037 ], [ 6.50953256820579, 62.479770418803724 ] ] ] } },
{ "type": "Feature", "properties": { }, "geometry": { "type": "Polygon", "coordinates": [ [ [ 6.50864361677769, 62.480123870593637 ], [ 6.509736251457215, 62.480304502304037 ], [ 6.509310004591718, 62.480563373946801 ], [ 6.50864361677769, 62.480123870593637 ] ] ] } },
{ "type": "Feature", "properties": { }, "geometry": { "type": "Polygon", "coordinates": [ [ [ 6.480047054876216, 62.473103587608534 ], [ 6.481506339518703, 62.473766332760079 ], [ 6.479362241421998, 62.474102075474072 ], [ 6.480047054876216, 62.473103587608534 ] ] ] } },
{ "type": "Feature", "properties": { }, "geometry": { "type": "Polygon", "coordinates": [ [ [ 6.400644074781517, 62.469633504315894 ], [ 6.399788090517688, 62.470143703393113 ], [ 6.398930331246442, 62.469898037558963 ], [ 6.400644074781517, 62.469633504315894 ] ] ] } },
{ "type": "Feature", "properties": { }, "geometry": { "type": "Polygon", "coordinates": [ [ [ 6.555377091737058, 62.482944062927267 ], [ 6.554667924525895, 62.483616484855951 ], [ 6.554013022324212, 62.483345929274797 ], [ 6.555377091737058, 62.482944062927267 ] ] ] } },
{ "type": "Feature", "properties": { }, "geometry": { "type": "Polygon", "coordinates": [ [ [ 6.554013022324212, 62.483345929274797 ], [ 6.554667924525895, 62.483616484855951 ], [ 6.553840108361656, 62.48375183763779 ], [ 6.554013022324212, 62.483345929274797 ] ] ] } },
{ "type": "Feature", "properties": { }, "geometry": { "type": "Polygon", "coordinates": [ [ [ 6.552881574042028, 62.482816911905047 ], [ 6.555377091737058, 62.482944062927267 ], [ 6.554013022324212, 62.483345929274797 ], [ 6.552881574042028, 62.482816911905047 ] ] ] } },
{ "type": "Feature", "properties": { }, "geometry": { "type": "Polygon", "coordinates": [ [ [ 6.562746531597336, 62.480220531993922 ], [ 6.562656754628885, 62.480802950544032 ], [ 6.561676055735219, 62.480841988685498 ], [ 6.562746531597336, 62.480220531993922 ] ] ] } },
{ "type": "Feature", "properties": { }, "geometry": { "type": "Polygon", "coordinates": [ [ [ 6.560675026099402, 62.480142558123248 ], [ 6.562746531597336, 62.480220531993922 ], [ 6.561676055735219, 62.480841988685498 ], [ 6.560675026099402, 62.480142558123248 ] ] ] } },
{ "type": "Feature", "properties": { }, "geometry": { "type": "Polygon", "coordinates": [ [ [ 6.561969544141182, 62.479550665327764 ], [ 6.562746531597336, 62.480220531993922 ], [ 6.560675026099402, 62.480142558123248 ], [ 6.561969544141182, 62.479550665327764 ] ] ] } },
{ "type": "Feature", "properties": { }, "geometry": { "type": "Polygon", "coordinates": [ [ [ 6.502006160103087, 62.482146736675517 ], [ 6.503534117663669, 62.482288498124781 ], [ 6.502450746327152, 62.482735562600084 ], [ 6.502006160103087, 62.482146736675517 ] ] ] } },
{ "type": "Feature", "properties": { }, "geometry": { "type": "Polygon", "coordinates": [ [ [ 6.502409715651987, 62.481551619459466 ], [ 6.503534117663669, 62.482288498124781 ], [ 6.502006160103087, 62.482146736675517 ], [ 6.502409715651987, 62.481551619459466 ] ] ] } },
{ "type": "Feature", "properties": { }, "geometry": { "type": "Polygon", "coordinates": [ [ [ 6.502409715651987, 62.481551619459466 ], [ 6.504200574804325, 62.481908041255387 ], [ 6.503534117663669, 62.482288498124781 ], [ 6.502409715651987, 62.481551619459466 ] ] ] } },
{ "type": "Feature", "properties": { }, "geometry": { "type": "Polygon", "coordinates": [ [ [ 6.50864361677769, 62.480123870593637 ], [ 6.509310004591718, 62.480563373946801 ], [ 6.50855526899559, 62.480659194198161 ], [ 6.50864361677769, 62.480123870593637 ] ] ] } },
{ "type": "Feature", "properties": { }, "geometry": { "type": "Polygon", "coordinates": [ [ [ 6.391395750462558, 62.468527045815605 ], [ 6.392373375608356, 62.46850069514668 ], [ 6.391264081502738, 62.468976240407137 ], [ 6.391395750462558, 62.468527045815605 ] ] ] } },
{ "type": "Feature", "properties": { }, "geometry": { "type": "Polygon", "coordinates": [ [ [ 6.540003716527655, 62.479509589732253 ], [ 6.541197642384601, 62.479870063469939 ], [ 6.539035005980513, 62.479993562466483 ], [ 6.540003716527655, 62.479509589732253 ] ] ] } },
{ "type": "Feature", "properties": { }, "geometry": { "type": "Polygon", "coordinates": [ [ [ 6.412664529353172, 62.47397615237427 ], [ 6.414290340915908, 62.474402976188394 ], [ 6.412558840957967, 62.474576593645061 ], [ 6.412664529353172, 62.47397615237427 ] ] ] } },
{ "type": "Feature", "properties": { }, "geometry": { "type": "Polygon", "coordinates": [ [ [ 6.412558840957967, 62.474576593645061 ], [ 6.414290340915908, 62.474402976188394 ], [ 6.413090875914778, 62.475006427230163 ], [ 6.412558840957967, 62.474576593645061 ] ] ] } },
{ "type": "Feature", "properties": { }, "geometry": { "type": "Polygon", "coordinates": [ [ [ 6.412558840957967, 62.474576593645061 ], [ 6.413090875914778, 62.475006427230163 ], [ 6.41209943516942, 62.474819745382561 ], [ 6.412558840957967, 62.474576593645061 ] ] ] } },
{ "type": "Feature", "properties": { }, "geometry": { "type": "Polygon", "coordinates": [ [ [ 6.437175978699555, 62.468854614167711 ], [ 6.43828080544987, 62.468705943400906 ], [ 6.437681564639465, 62.469333032310587 ], [ 6.437175978699555, 62.468854614167711 ] ] ] } },
{ "type": "Feature", "properties": { }, "geometry": { "type": "Polygon", "coordinates": [ [ [ 6.487121472375611, 62.482760792913012 ], [ 6.487841744138302, 62.483209737985554 ], [ 6.486857254035125, 62.483306379471728 ], [ 6.487121472375611, 62.482760792913012 ] ] ] } },
{ "type": "Feature", "properties": { }, "geometry": { "type": "Polygon", "coordinates": [ [ [ 6.486022589584681, 62.482528188569177 ], [ 6.487121472375611, 62.482760792913012 ], [ 6.486857254035125, 62.483306379471728 ], [ 6.486022589584681, 62.482528188569177 ] ] ] } },
{ "type": "Feature", "properties": { }, "geometry": { "type": "Polygon", "coordinates": [ [ [ 6.511813567922387, 62.477067962330899 ], [ 6.513078255687521, 62.477260309146175 ], [ 6.511294779554909, 62.477438787011209 ], [ 6.511813567922387, 62.477067962330899 ] ] ] } },
{ "type": "Feature", "properties": { }, "geometry": { "type": "Polygon", "coordinates": [ [ [ 6.526999666147177, 62.480632079187437 ], [ 6.528711399877753, 62.480587106875973 ], [ 6.527894267451853, 62.481284529700872 ], [ 6.526999666147177, 62.480632079187437 ] ] ] } },
{ "type": "Feature", "properties": { }, "geometry": { "type": "Polygon", "coordinates": [ [ [ 6.528711399877753, 62.480587106875973 ], [ 6.529221457557314, 62.481344506516251 ], [ 6.527894267451853, 62.481284529700872 ], [ 6.528711399877753, 62.480587106875973 ] ] ] } },
{ "type": "Feature", "properties": { }, "geometry": { "type": "Polygon", "coordinates": [ [ [ 6.562951600637963, 62.482885088710709 ], [ 6.563621226058198, 62.48351483797223 ], [ 6.561907587656297, 62.483266909036516 ], [ 6.562951600637963, 62.482885088710709 ] ] ] } },
{ "type": "Feature", "properties": { }, "geometry": { "type": "Polygon", "coordinates": [ [ [ 6.418013389641471, 62.474974059102692 ], [ 6.416825386670236, 62.475803865686096 ], [ 6.416063563171606, 62.47539427194819 ], [ 6.418013389641471, 62.474974059102692 ] ] ] } },
{ "type": "Feature", "properties": { }, "geometry": { "type": "Polygon", "coordinates": [ [ [ 6.418013389641471, 62.474974059102692 ], [ 6.418323065991677, 62.475600223501587 ], [ 6.416825386670236, 62.475803865686096 ], [ 6.418013389641471, 62.474974059102692 ] ] ] } },
{ "type": "Feature", "properties": { }, "geometry": { "type": "Polygon", "coordinates": [ [ [ 6.416825386670236, 62.475803865686096 ], [ 6.418323065991677, 62.475600223501587 ], [ 6.418086295438562, 62.476233165098698 ], [ 6.416825386670236, 62.475803865686096 ] ] ] } },
{ "type": "Feature", "properties": { }, "geometry": { "type": "Polygon", "coordinates": [ [ [ 6.432084065263375, 62.476298603997819 ], [ 6.432505988115919, 62.47664012155186 ], [ 6.431276196501936, 62.476846087649832 ], [ 6.432084065263375, 62.476298603997819 ] ] ] } },
{ "type": "Feature", "properties": { }, "geometry": { "type": "Polygon", "coordinates": [ [ [ 6.432505988115919, 62.47664012155186 ], [ 6.432013449385456, 62.476960754782823 ], [ 6.431276196501936, 62.476846087649832 ], [ 6.432505988115919, 62.47664012155186 ] ] ] } },
{ "type": "Feature", "properties": { }, "geometry": { "type": "Polygon", "coordinates": [ [ [ 6.429582974915451, 62.475909575723428 ], [ 6.431276196501936, 62.476846087649832 ], [ 6.428728197400784, 62.476592834416984 ], [ 6.429582974915451, 62.475909575723428 ] ] ] } },
{ "type": "Feature", "properties": { }, "geometry": { "type": "Polygon", "coordinates": [ [ [ 6.429582974915451, 62.475909575723428 ], [ 6.432084065263375, 62.476298603997819 ], [ 6.431276196501936, 62.476846087649832 ], [ 6.429582974915451, 62.475909575723428 ] ] ] } },
{ "type": "Feature", "properties": { }, "geometry": { "type": "Polygon", "coordinates": [ [ [ 6.457827544031763, 62.47135365185396 ], [ 6.458835565348207, 62.471328640964188 ], [ 6.45840763650732, 62.471998058476082 ], [ 6.457827544031763, 62.47135365185396 ] ] ] } },
{ "type": "Feature", "properties": { }, "geometry": { "type": "Polygon", "coordinates": [ [ [ 6.457827544031763, 62.47135365185396 ], [ 6.45840763650732, 62.471998058476082 ], [ 6.456899816536337, 62.472015364922989 ], [ 6.457827544031763, 62.47135365185396 ] ] ] } },
{ "type": "Feature", "properties": { }, "geometry": { "type": "Polygon", "coordinates": [ [ [ 6.414290340915908, 62.474402976188394 ], [ 6.41406072462441, 62.47521600597991 ], [ 6.413090875914778, 62.475006427230163 ], [ 6.414290340915908, 62.474402976188394 ] ] ] } },
{ "type": "Feature", "properties": { }, "geometry": { "type": "Polygon", "coordinates": [ [ [ 6.414290340915908, 62.474402976188394 ], [ 6.416063563171606, 62.47539427194819 ], [ 6.41406072462441, 62.47521600597991 ], [ 6.414290340915908, 62.474402976188394 ] ] ] } },
{ "type": "Feature", "properties": { }, "geometry": { "type": "Polygon", "coordinates": [ [ [ 6.550572471351404, 62.47988299409851 ], [ 6.551593502258906, 62.47990030278423 ], [ 6.55045038219141, 62.480456379107494 ], [ 6.550572471351404, 62.47988299409851 ] ] ] } },
{ "type": "Feature", "properties": { }, "geometry": { "type": "Polygon", "coordinates": [ [ [ 6.387700940087015, 62.467243567214851 ], [ 6.388740669634357, 62.467126913769889 ], [ 6.389166761951866, 62.467752619041178 ], [ 6.387700940087015, 62.467243567214851 ] ] ] } },
{ "type": "Feature", "properties": { }, "geometry": { "type": "Polygon", "coordinates": [ [ [ 6.447563709605981, 62.46991073637264 ], [ 6.448165784298359, 62.470230935543434 ], [ 6.446911630541981, 62.470454806898168 ], [ 6.447563709605981, 62.46991073637264 ] ] ] } },
{ "type": "Feature", "properties": { }, "geometry": { "type": "Polygon", "coordinates": [ [ [ 6.446590929578651, 62.469850589154241 ], [ 6.447563709605981, 62.46991073637264 ], [ 6.446911630541981, 62.470454806898168 ], [ 6.446590929578651, 62.469850589154241 ] ] ] } },
{ "type": "Feature", "properties": { }, "geometry": { "type": "Polygon", "coordinates": [ [ [ 6.469012512781791, 62.480329408551597 ], [ 6.470840261529129, 62.480092640386204 ], [ 6.471140948984594, 62.480959802427591 ], [ 6.469012512781791, 62.480329408551597 ] ] ] } },
{ "type": "Feature", "properties": { }, "geometry": { "type": "Polygon", "coordinates": [ [ [ 6.470840261529129, 62.480092640386204 ], [ 6.472559398289811, 62.48046485649644 ], [ 6.471140948984594, 62.480959802427591 ], [ 6.470840261529129, 62.480092640386204 ] ] ] } },
{ "type": "Feature", "properties": { }, "geometry": { "type": "Polygon", "coordinates": [ [ [ 6.472559398289811, 62.48046485649644 ], [ 6.471908944908365, 62.481229814999132 ], [ 6.471140948984594, 62.480959802427591 ], [ 6.472559398289811, 62.48046485649644 ] ] ] } },
{ "type": "Feature", "properties": { }, "geometry": { "type": "Polygon", "coordinates": [ [ [ 6.469012512781791, 62.480329408551597 ], [ 6.471140948984594, 62.480959802427591 ], [ 6.469541625639784, 62.481133911463765 ], [ 6.469012512781791, 62.480329408551597 ] ] ] } },
{ "type": "Feature", "properties": { }, "geometry": { "type": "Polygon", "coordinates": [ [ [ 6.519571620995649, 62.480523620947146 ], [ 6.521547917877848, 62.48034846923855 ], [ 6.520340312705676, 62.480895234657545 ], [ 6.519571620995649, 62.480523620947146 ] ] ] } },
{ "type": "Feature", "properties": { }, "geometry": { "type": "Polygon", "coordinates": [ [ [ 6.449080488385609, 62.470200414032988 ], [ 6.450022863334919, 62.47002337758429 ], [ 6.450047245331077, 62.470658707267134 ], [ 6.449080488385609, 62.470200414032988 ] ] ] } },
{ "type": "Feature", "properties": { }, "geometry": { "type": "Polygon", "coordinates": [ [ [ 6.452136181343589, 62.470085070039552 ], [ 6.453239988418831, 62.470337701888973 ], [ 6.451422988904135, 62.470664888930514 ], [ 6.452136181343589, 62.470085070039552 ] ] ] } },
{ "type": "Feature", "properties": { }, "geometry": { "type": "Polygon", "coordinates": [ [ [ 6.40816607370843, 62.465781362947133 ], [ 6.410804361653087, 62.465832859928604 ], [ 6.407912219548733, 62.466572728538964 ], [ 6.40816607370843, 62.465781362947133 ] ] ] } },
{ "type": "Feature", "properties": { }, "geometry": { "type": "Polygon", "coordinates": [ [ [ 6.406639954884209, 62.466031271286951 ], [ 6.40816607370843, 62.465781362947133 ], [ 6.407912219548733, 62.466572728538964 ], [ 6.406639954884209, 62.466031271286951 ] ] ] } },
{ "type": "Feature", "properties": { }, "geometry": { "type": "Polygon", "coordinates": [ [ [ 6.55169449871422, 62.482920802619681 ], [ 6.552881574042028, 62.482816911905047 ], [ 6.552310787515591, 62.483401579243832 ], [ 6.55169449871422, 62.482920802619681 ] ] ] } },
{ "type": "Feature", "properties": { }, "geometry": { "type": "Polygon", "coordinates": [ [ [ 6.547878360021827, 62.483589611389704 ], [ 6.549022289440488, 62.48370042301471 ], [ 6.548620859787311, 62.484092631252885 ], [ 6.547878360021827, 62.483589611389704 ] ] ] } },
{ "type": "Feature", "properties": { }, "geometry": { "type": "Polygon", "coordinates": [ [ [ 6.548560351496961, 62.482945229373051 ], [ 6.549022289440488, 62.48370042301471 ], [ 6.547878360021827, 62.483589611389704 ], [ 6.548560351496961, 62.482945229373051 ] ] ] } },
{ "type": "Feature", "properties": { }, "geometry": { "type": "Polygon", "coordinates": [ [ [ 6.549115380032904, 62.48043417084957 ], [ 6.55045038219141, 62.480456379107494 ], [ 6.54970167809849, 62.481490357630491 ], [ 6.549115380032904, 62.48043417084957 ] ] ] } },
{ "type": "Feature", "properties": { }, "geometry": { "type": "Polygon", "coordinates": [ [ [ 6.547594373598019, 62.480869131433948 ], [ 6.549115380032904, 62.48043417084957 ], [ 6.54970167809849, 62.481490357630491 ], [ 6.547594373598019, 62.480869131433948 ] ] ] } },
{ "type": "Feature", "properties": { }, "geometry": { "type": "Polygon", "coordinates": [ [ [ 6.54804115396716, 62.480068024828064 ], [ 6.549115380032904, 62.48043417084957 ], [ 6.547594373598019, 62.480869131433948 ], [ 6.54804115396716, 62.480068024828064 ] ] ] } },
{ "type": "Feature", "properties": { }, "geometry": { "type": "Polygon", "coordinates": [ [ [ 6.396538304096167, 62.465690172789323 ], [ 6.398312643214318, 62.465791743773302 ], [ 6.396506494099619, 62.466661181995143 ], [ 6.396538304096167, 62.465690172789323 ] ] ] } },
{ "type": "Feature", "properties": { }, "geometry": { "type": "Polygon", "coordinates": [ [ [ 6.394962084097495, 62.46600398760274 ], [ 6.396538304096167, 62.465690172789323 ], [ 6.396506494099619, 62.466661181995143 ], [ 6.394962084097495, 62.46600398760274 ] ] ] } },
{ "type": "Feature", "properties": { }, "geometry": { "type": "Polygon", "coordinates": [ [ [ 6.394962084097495, 62.46600398760274 ], [ 6.396506494099619, 62.466661181995143 ], [ 6.393360952873964, 62.466731766898036 ], [ 6.394962084097495, 62.46600398760274 ] ] ] } },
{ "type": "Feature", "properties": { }, "geometry": { "type": "Polygon", "coordinates": [ [ [ 6.393904646420989, 62.465723938433499 ], [ 6.394962084097495, 62.46600398760274 ], [ 6.393360952873964, 62.466731766898036 ], [ 6.393904646420989, 62.465723938433499 ] ] ] } },
{ "type": "Feature", "properties": { }, "geometry": { "type": "Polygon", "coordinates": [ [ [ 6.472886995819822, 62.473169705633772 ], [ 6.473832552729541, 62.473087810625692 ], [ 6.474018632870393, 62.473674172571506 ], [ 6.472886995819822, 62.473169705633772 ] ] ] } },
{ "type": "Feature", "properties": { }, "geometry": { "type": "Polygon", "coordinates": [ [ [ 6.552676473820897, 62.479242395819469 ], [ 6.553958417504479, 62.479650831809522 ], [ 6.552404177936344, 62.479612555466254 ], [ 6.552676473820897, 62.479242395819469 ] ] ] } },
{ "type": "Feature", "properties": { }, "geometry": { "type": "Polygon", "coordinates": [ [ [ 6.552404177936344, 62.479612555466254 ], [ 6.553958417504479, 62.479650831809522 ], [ 6.553091163226415, 62.480415335449855 ], [ 6.552404177936344, 62.479612555466254 ] ] ] } },
{ "type": "Feature", "properties": { }, "geometry": { "type": "Polygon", "coordinates": [ [ [ 6.551593502258906, 62.47990030278423 ], [ 6.552404177936344, 62.479612555466254 ], [ 6.553091163226415, 62.480415335449855 ], [ 6.551593502258906, 62.47990030278423 ] ] ] } },
{ "type": "Feature", "properties": { }, "geometry": { "type": "Polygon", "coordinates": [ [ [ 6.560963026398873, 62.482833178705626 ], [ 6.561907587656297, 62.483266909036516 ], [ 6.560364933054462, 62.483549028901578 ], [ 6.560963026398873, 62.482833178705626 ] ] ] } },
{ "type": "Feature", "properties": { }, "geometry": { "type": "Polygon", "coordinates": [ [ [ 6.558503908047436, 62.482777307802117 ], [ 6.560963026398873, 62.482833178705626 ], [ 6.560364933054462, 62.483549028901578 ], [ 6.558503908047436, 62.482777307802117 ] ] ] } },
{ "type": "Feature", "properties": { }, "geometry": { "type": "Polygon", "coordinates": [ [ [ 6.560663676754543, 62.482230415668504 ], [ 6.560963026398873, 62.482833178705626 ], [ 6.558503908047436, 62.482777307802117 ], [ 6.560663676754543, 62.482230415668504 ] ] ] } },
{ "type": "Feature", "properties": { }, "geometry": { "type": "Polygon", "coordinates": [ [ [ 6.566076282952528, 62.482543517369685 ], [ 6.56631089432108, 62.482914460356845 ], [ 6.565479504584406, 62.482876856426643 ], [ 6.566076282952528, 62.482543517369685 ] ] ] } },
{ "type": "Feature", "properties": { }, "geometry": { "type": "Polygon", "coordinates": [ [ [ 6.398312643214318, 62.465791743773302 ], [ 6.399738440919749, 62.465942452526093 ], [ 6.398458371345316, 62.467017023040313 ], [ 6.398312643214318, 62.465791743773302 ] ] ] } },
{ "type": "Feature", "properties": { }, "geometry": { "type": "Polygon", "coordinates": [ [ [ 6.398312643214318, 62.465791743773302 ], [ 6.398458371345316, 62.467017023040313 ], [ 6.396506494099619, 62.466661181995143 ], [ 6.398312643214318, 62.465791743773302 ] ] ] } },
{ "type": "Feature", "properties": { }, "geometry": { "type": "Polygon", "coordinates": [ [ [ 6.399738440919749, 62.465942452526093 ], [ 6.400915360881622, 62.466399691858228 ], [ 6.398458371345316, 62.467017023040313 ], [ 6.399738440919749, 62.465942452526093 ] ] ] } },
{ "type": "Feature", "properties": { }, "geometry": { "type": "Polygon", "coordinates": [ [ [ 6.493054522702662, 62.481706929528528 ], [ 6.494664625226148, 62.481687871596044 ], [ 6.493888398176268, 62.482218740209305 ], [ 6.493054522702662, 62.481706929528528 ] ] ] } },
{ "type": "Feature", "properties": { }, "geometry": { "type": "Polygon", "coordinates": [ [ [ 6.469012512781791, 62.480329408551597 ], [ 6.469541625639784, 62.481133911463765 ], [ 6.468507710574565, 62.481137249073598 ], [ 6.469012512781791, 62.480329408551597 ] ] ] } },
{ "type": "Feature", "properties": { }, "geometry": { "type": "Polygon", "coordinates": [ [ [ 6.468507710574565, 62.481137249073598 ], [ 6.469541625639784, 62.481133911463765 ], [ 6.469052397068048, 62.481543891299246 ], [ 6.468507710574565, 62.481137249073598 ] ] ] } },
{ "type": "Feature", "properties": { }, "geometry": { "type": "Polygon", "coordinates": [ [ [ 6.465709747878546, 62.480407526429573 ], [ 6.466382998871363, 62.481259648543407 ], [ 6.465156700841745, 62.481179457311669 ], [ 6.465709747878546, 62.480407526429573 ] ] ] } },
{ "type": "Feature", "properties": { }, "geometry": { "type": "Polygon", "coordinates": [ [ [ 6.464366475308229, 62.480931968068482 ], [ 6.465156700841745, 62.481179457311669 ], [ 6.464511519772495, 62.481368363852766 ], [ 6.464366475308229, 62.480931968068482 ] ] ] } },
{ "type": "Feature", "properties": { }, "geometry": { "type": "Polygon", "coordinates": [ [ [ 6.465709747878546, 62.480407526429573 ], [ 6.465156700841745, 62.481179457311669 ], [ 6.464366475308229, 62.480931968068482 ], [ 6.465709747878546, 62.480407526429573 ] ] ] } },
{ "type": "Feature", "properties": { }, "geometry": { "type": "Polygon", "coordinates": [ [ [ 6.500079996705868, 62.48193734858949 ], [ 6.501269246919438, 62.482669016931581 ], [ 6.499117296565553, 62.482744620427411 ], [ 6.500079996705868, 62.48193734858949 ] ] ] } },
{ "type": "Feature", "properties": { }, "geometry": { "type": "Polygon", "coordinates": [ [ [ 6.498181903446149, 62.482195854679631 ], [ 6.499117296565553, 62.482744620427411 ], [ 6.498202890776625, 62.482894681137473 ], [ 6.498181903446149, 62.482195854679631 ] ] ] } },
{ "type": "Feature", "properties": { }, "geometry": { "type": "Polygon", "coordinates": [ [ [ 6.498181903446149, 62.482195854679631 ], [ 6.500079996705868, 62.48193734858949 ], [ 6.499117296565553, 62.482744620427411 ], [ 6.498181903446149, 62.482195854679631 ] ] ] } },
{ "type": "Feature", "properties": { }, "geometry": { "type": "Polygon", "coordinates": [ [ [ 6.40430805281107, 62.470835802767816 ], [ 6.405037161592855, 62.471932354182584 ], [ 6.403713851681058, 62.471662142207045 ], [ 6.40430805281107, 62.470835802767816 ] ] ] } },
{ "type": "Feature", "properties": { }, "geometry": { "type": "Polygon", "coordinates": [ [ [ 6.40430805281107, 62.470835802767816 ], [ 6.406653849700861, 62.471318102072104 ], [ 6.405037161592855, 62.471932354182584 ], [ 6.40430805281107, 62.470835802767816 ] ] ] } },
{ "type": "Feature", "properties": { }, "geometry": { "type": "Polygon", "coordinates": [ [ [ 6.406653849700861, 62.471318102072104 ], [ 6.406622671410477, 62.472286107504949 ], [ 6.405037161592855, 62.471932354182584 ], [ 6.406653849700861, 62.471318102072104 ] ] ] } },
{ "type": "Feature", "properties": { }, "geometry": { "type": "Polygon", "coordinates": [ [ [ 6.403713851681058, 62.471662142207045 ], [ 6.405037161592855, 62.471932354182584 ], [ 6.404195320913335, 62.472000410057241 ], [ 6.403713851681058, 62.471662142207045 ] ] ] } },
{ "type": "Feature", "properties": { }, "geometry": { "type": "Polygon", "coordinates": [ [ [ 6.4191453438972, 62.47611772814907 ], [ 6.41996500633922, 62.476494947350204 ], [ 6.419096731844957, 62.476848111735585 ], [ 6.4191453438972, 62.47611772814907 ] ] ] } },
{ "type": "Feature", "properties": { }, "geometry": { "type": "Polygon", "coordinates": [ [ [ 6.561676055735219, 62.480841988685498 ], [ 6.562261471550821, 62.481208138785284 ], [ 6.56178046110541, 62.481542841075722 ], [ 6.561676055735219, 62.480841988685498 ] ] ] } },
{ "type": "Feature", "properties": { }, "geometry": { "type": "Polygon", "coordinates": [ [ [ 6.560738657716424, 62.480980939156311 ], [ 6.56178046110541, 62.481542841075722 ], [ 6.560663676754543, 62.482230415668504 ], [ 6.560738657716424, 62.480980939156311 ] ] ] } },
{ "type": "Feature", "properties": { }, "geometry": { "type": "Polygon", "coordinates": [ [ [ 6.560738657716424, 62.480980939156311 ], [ 6.561676055735219, 62.480841988685498 ], [ 6.56178046110541, 62.481542841075722 ], [ 6.560738657716424, 62.480980939156311 ] ] ] } },
{ "type": "Feature", "properties": { }, "geometry": { "type": "Polygon", "coordinates": [ [ [ 6.50598407337217, 62.481183316268407 ], [ 6.507297453792789, 62.481337726990098 ], [ 6.506698068647793, 62.481716239433872 ], [ 6.50598407337217, 62.481183316268407 ] ] ] } },
{ "type": "Feature", "properties": { }, "geometry": { "type": "Polygon", "coordinates": [ [ [ 6.507244672423938, 62.480381452540897 ], [ 6.507297453792789, 62.481337726990098 ], [ 6.50598407337217, 62.481183316268407 ], [ 6.507244672423938, 62.480381452540897 ] ] ] } },
{ "type": "Feature", "properties": { }, "geometry": { "type": "Polygon", "coordinates": [ [ [ 6.517872970841746, 62.47776669127429 ], [ 6.518292006072121, 62.478363424897445 ], [ 6.516969147797246, 62.478143272641567 ], [ 6.517872970841746, 62.47776669127429 ] ] ] } },
{ "type": "Feature", "properties": { }, "geometry": { "type": "Polygon", "coordinates": [ [ [ 6.516969147797246, 62.478143272641567 ], [ 6.518292006072121, 62.478363424897445 ], [ 6.517214016850398, 62.478789332145354 ], [ 6.516969147797246, 62.478143272641567 ] ] ] } },
{ "type": "Feature", "properties": { }, "geometry": { "type": "Polygon", "coordinates": [ [ [ 6.516969147797246, 62.478143272641567 ], [ 6.517214016850398, 62.478789332145354 ], [ 6.515270257194428, 62.479087917165813 ], [ 6.516969147797246, 62.478143272641567 ] ] ] } },
{ "type": "Feature", "properties": { }, "geometry": { "type": "Polygon", "coordinates": [ [ [ 6.51476102920749, 62.478081330346036 ], [ 6.516969147797246, 62.478143272641567 ], [ 6.515270257194428, 62.479087917165813 ], [ 6.51476102920749, 62.478081330346036 ] ] ] } },
{ "type": "Feature", "properties": { }, "geometry": { "type": "Polygon", "coordinates": [ [ [ 6.513300279573981, 62.479347139543435 ], [ 6.514462845294045, 62.480347221834315 ], [ 6.513162132946691, 62.480480923854707 ], [ 6.513300279573981, 62.479347139543435 ] ] ] } },
{ "type": "Feature", "properties": { }, "geometry": { "type": "Polygon", "coordinates": [ [ [ 6.513162132946691, 62.480480923854707 ], [ 6.514462845294045, 62.480347221834315 ], [ 6.513504818177895, 62.4807757128956 ], [ 6.513162132946691, 62.480480923854707 ] ] ] } },
{ "type": "Feature", "properties": { }, "geometry": { "type": "Polygon", "coordinates": [ [ [ 6.513300279573981, 62.479347139543435 ], [ 6.513162132946691, 62.480480923854707 ], [ 6.510923257880463, 62.480254030682318 ], [ 6.513300279573981, 62.479347139543435 ] ] ] } },
{ "type": "Feature", "properties": { }, "geometry": { "type": "Polygon", "coordinates": [ [ [ 6.563621226058198, 62.48351483797223 ], [ 6.565203002709125, 62.483997444025242 ], [ 6.563160948190581, 62.484340763835348 ], [ 6.563621226058198, 62.48351483797223 ] ] ] } },
{ "type": "Feature", "properties": { }, "geometry": { "type": "Polygon", "coordinates": [ [ [ 6.449994046732645, 62.476880628584944 ], [ 6.451461817736235, 62.476585753056625 ], [ 6.451268351829689, 62.477320811649697 ], [ 6.449994046732645, 62.476880628584944 ] ] ] } },
{ "type": "Feature", "properties": { }, "geometry": { "type": "Polygon", "coordinates": [ [ [ 6.451461817736235, 62.476585753056625 ], [ 6.453058016565079, 62.476534042948522 ], [ 6.451268351829689, 62.477320811649697 ], [ 6.451461817736235, 62.476585753056625 ] ] ] } },
{ "type": "Feature", "properties": { }, "geometry": { "type": "Polygon", "coordinates": [ [ [ 6.453058016565079, 62.476534042948522 ], [ 6.452420507536538, 62.477637624319946 ], [ 6.451268351829689, 62.477320811649697 ], [ 6.453058016565079, 62.476534042948522 ] ] ] } },
{ "type": "Feature", "properties": { }, "geometry": { "type": "Polygon", "coordinates": [ [ [ 6.491196915223601, 62.481729784101432 ], [ 6.491531857408328, 62.482290820378438 ], [ 6.490307836497248, 62.482141552522599 ], [ 6.491196915223601, 62.481729784101432 ] ] ] } },
{ "type": "Feature", "properties": { }, "geometry": { "type": "Polygon", "coordinates": [ [ [ 6.491196915223601, 62.481729784101432 ], [ 6.492304888480592, 62.482005403991877 ], [ 6.491531857408328, 62.482290820378438 ], [ 6.491196915223601, 62.481729784101432 ] ] ] } },
{ "type": "Feature", "properties": { }, "geometry": { "type": "Polygon", "coordinates": [ [ [ 6.490307836497248, 62.482141552522599 ], [ 6.490370700215776, 62.482717088535914 ], [ 6.489128769539294, 62.482673478112673 ], [ 6.490307836497248, 62.482141552522599 ] ] ] } },
{ "type": "Feature", "properties": { }, "geometry": { "type": "Polygon", "coordinates": [ [ [ 6.510136398985305, 62.479305598719044 ], [ 6.510923257880463, 62.480254030682318 ], [ 6.50953256820579, 62.479770418803724 ], [ 6.510136398985305, 62.479305598719044 ] ] ] } },
{ "type": "Feature", "properties": { }, "geometry": { "type": "Polygon", "coordinates": [ [ [ 6.510136398985305, 62.479305598719044 ], [ 6.511738521099725, 62.478997222738556 ], [ 6.510923257880463, 62.480254030682318 ], [ 6.510136398985305, 62.479305598719044 ] ] ] } },
{ "type": "Feature", "properties": { }, "geometry": { "type": "Polygon", "coordinates": [ [ [ 6.511738521099725, 62.478997222738556 ], [ 6.513300279573981, 62.479347139543435 ], [ 6.510923257880463, 62.480254030682318 ], [ 6.511738521099725, 62.478997222738556 ] ] ] } },
{ "type": "Feature", "properties": { }, "geometry": { "type": "Polygon", "coordinates": [ [ [ 6.398952544001594, 62.469187898714338 ], [ 6.400644074781517, 62.469633504315894 ], [ 6.398930331246442, 62.469898037558963 ], [ 6.398952544001594, 62.469187898714338 ] ] ] } },
{ "type": "Feature", "properties": { }, "geometry": { "type": "Polygon", "coordinates": [ [ [ 6.398952544001594, 62.469187898714338 ], [ 6.398930331246442, 62.469898037558963 ], [ 6.397696835425908, 62.469596002253716 ], [ 6.398952544001594, 62.469187898714338 ] ] ] } },
{ "type": "Feature", "properties": { }, "geometry": { "type": "Polygon", "coordinates": [ [ [ 6.403462854625352, 62.469063774274794 ], [ 6.401834142883803, 62.470271530456202 ], [ 6.400644074781517, 62.469633504315894 ], [ 6.403462854625352, 62.469063774274794 ] ] ] } },
{ "type": "Feature", "properties": { }, "geometry": { "type": "Polygon", "coordinates": [ [ [ 6.403462854625352, 62.469063774274794 ], [ 6.40430805281107, 62.470835802767816 ], [ 6.401834142883803, 62.470271530456202 ], [ 6.403462854625352, 62.469063774274794 ] ] ] } },
{ "type": "Feature", "properties": { }, "geometry": { "type": "Polygon", "coordinates": [ [ [ 6.401834142883803, 62.470271530456202 ], [ 6.40430805281107, 62.470835802767816 ], [ 6.402474637102798, 62.470899301731656 ], [ 6.401834142883803, 62.470271530456202 ] ] ] } },
{ "type": "Feature", "properties": { }, "geometry": { "type": "Polygon", "coordinates": [ [ [ 6.50598407337217, 62.481183316268407 ], [ 6.506698068647793, 62.481716239433872 ], [ 6.505122072593056, 62.481667122564119 ], [ 6.50598407337217, 62.481183316268407 ] ] ] } },
{ "type": "Feature", "properties": { }, "geometry": { "type": "Polygon", "coordinates": [ [ [ 6.503860830585377, 62.481132066434974 ], [ 6.505122072593056, 62.481667122564119 ], [ 6.504200574804325, 62.481908041255387 ], [ 6.503860830585377, 62.481132066434974 ] ] ] } },
{ "type": "Feature", "properties": { }, "geometry": { "type": "Polygon", "coordinates": [ [ [ 6.503860830585377, 62.481132066434974 ], [ 6.50598407337217, 62.481183316268407 ], [ 6.505122072593056, 62.481667122564119 ], [ 6.503860830585377, 62.481132066434974 ] ] ] } },
{ "type": "Feature", "properties": { }, "geometry": { "type": "Polygon", "coordinates": [ [ [ 6.50864361677769, 62.480123870593637 ], [ 6.50855526899559, 62.480659194198161 ], [ 6.507244672423938, 62.480381452540897 ], [ 6.50864361677769, 62.480123870593637 ] ] ] } },
{ "type": "Feature", "properties": { }, "geometry": { "type": "Polygon", "coordinates": [ [ [ 6.456097057547288, 62.477791800561221 ], [ 6.457380149369148, 62.478387738226971 ], [ 6.455852676961435, 62.478843893545502 ], [ 6.456097057547288, 62.477791800561221 ] ] ] } },
{ "type": "Feature", "properties": { }, "geometry": { "type": "Polygon", "coordinates": [ [ [ 6.457380149369148, 62.478387738226971 ], [ 6.457165918015881, 62.479223117372634 ], [ 6.455852676961435, 62.478843893545502 ], [ 6.457380149369148, 62.478387738226971 ] ] ] } },
{ "type": "Feature", "properties": { }, "geometry": { "type": "Polygon", "coordinates": [ [ [ 6.497078321882535, 62.480970810535993 ], [ 6.496030453693059, 62.482206283884217 ], [ 6.494664625226148, 62.481687871596044 ], [ 6.497078321882535, 62.480970810535993 ] ] ] } },
{ "type": "Feature", "properties": { }, "geometry": { "type": "Polygon", "coordinates": [ [ [ 6.497078321882535, 62.480970810535993 ], [ 6.498181903446149, 62.482195854679631 ], [ 6.496030453693059, 62.482206283884217 ], [ 6.497078321882535, 62.480970810535993 ] ] ] } },
{ "type": "Feature", "properties": { }, "geometry": { "type": "Polygon", "coordinates": [ [ [ 6.414209067402276, 62.473258206930296 ], [ 6.414290340915908, 62.474402976188394 ], [ 6.412664529353172, 62.47397615237427 ], [ 6.414209067402276, 62.473258206930296 ] ] ] } },
{ "type": "Feature", "properties": { }, "geometry": { "type": "Polygon", "coordinates": [ [ [ 6.412081608193896, 62.473496804112976 ], [ 6.414209067402276, 62.473258206930296 ], [ 6.412664529353172, 62.47397615237427 ], [ 6.412081608193896, 62.473496804112976 ] ] ] } },
{ "type": "Feature", "properties": { }, "geometry": { "type": "Polygon", "coordinates": [ [ [ 6.421108105500632, 62.46798483519872 ], [ 6.422552052985584, 62.467904247571731 ], [ 6.422138703674102, 62.469129464270949 ], [ 6.421108105500632, 62.46798483519872 ] ] ] } },
{ "type": "Feature", "properties": { }, "geometry": { "type": "Polygon", "coordinates": [ [ [ 6.421108105500632, 62.46798483519872 ], [ 6.422138703674102, 62.469129464270949 ], [ 6.420113793000371, 62.468848387707801 ], [ 6.421108105500632, 62.46798483519872 ] ] ] } },
{ "type": "Feature", "properties": { }, "geometry": { "type": "Polygon", "coordinates": [ [ [ 6.41943402448987, 62.467921804757502 ], [ 6.421108105500632, 62.46798483519872 ], [ 6.420113793000371, 62.468848387707801 ], [ 6.41943402448987, 62.467921804757502 ] ] ] } },
{ "type": "Feature", "properties": { }, "geometry": { "type": "Polygon", "coordinates": [ [ [ 6.433478581664578, 62.476156203311014 ], [ 6.434889740633531, 62.475896798082083 ], [ 6.434567946039236, 62.476583533117356 ], [ 6.433478581664578, 62.476156203311014 ] ] ] } },
{ "type": "Feature", "properties": { }, "geometry": { "type": "Polygon", "coordinates": [ [ [ 6.434889740633531, 62.475896798082083 ], [ 6.435827166990535, 62.476449589834886 ], [ 6.434567946039236, 62.476583533117356 ], [ 6.434889740633531, 62.475896798082083 ] ] ] } },
{ "type": "Feature", "properties": { }, "geometry": { "type": "Polygon", "coordinates": [ [ [ 6.434567946039236, 62.476583533117356 ], [ 6.435827166990535, 62.476449589834886 ], [ 6.434941745786589, 62.476885054696922 ], [ 6.434567946039236, 62.476583533117356 ] ] ] } },
{ "type": "Feature", "properties": { }, "geometry": { "type": "Polygon", "coordinates": [ [ [ 6.524983685357228, 62.478153557556737 ], [ 6.527054125349374, 62.478143374953419 ], [ 6.524490822718332, 62.479120335292599 ], [ 6.524983685357228, 62.478153557556737 ] ] ] } },
{ "type": "Feature", "properties": { }, "geometry": { "type": "Polygon", "coordinates": [ [ [ 6.523819371890404, 62.478176866162578 ], [ 6.524983685357228, 62.478153557556737 ], [ 6.524490822718332, 62.479120335292599 ], [ 6.523819371890404, 62.478176866162578 ] ] ] } },
{ "type": "Feature", "properties": { }, "geometry": { "type": "Polygon", "coordinates": [ [ [ 6.449080488385609, 62.470200414032988 ], [ 6.450047245331077, 62.470658707267134 ], [ 6.448716117840291, 62.470812696782609 ], [ 6.449080488385609, 62.470200414032988 ] ] ] } },
{ "type": "Feature", "properties": { }, "geometry": { "type": "Polygon", "coordinates": [ [ [ 6.448165784298359, 62.470230935543434 ], [ 6.449080488385609, 62.470200414032988 ], [ 6.448716117840291, 62.470812696782609 ], [ 6.448165784298359, 62.470230935543434 ] ] ] } },
{ "type": "Feature", "properties": { }, "geometry": { "type": "Polygon", "coordinates": [ [ [ 6.551593502258906, 62.47990030278423 ], [ 6.553091163226415, 62.480415335449855 ], [ 6.55045038219141, 62.480456379107494 ], [ 6.551593502258906, 62.47990030278423 ] ] ] } },
{ "type": "Feature", "properties": { }, "geometry": { "type": "Polygon", "coordinates": [ [ [ 6.55045038219141, 62.480456379107494 ], [ 6.553091163226415, 62.480415335449855 ], [ 6.551889999108049, 62.481895217281661 ], [ 6.55045038219141, 62.480456379107494 ] ] ] } },
{ "type": "Feature", "properties": { }, "geometry": { "type": "Polygon", "coordinates": [ [ [ 6.55045038219141, 62.480456379107494 ], [ 6.551889999108049, 62.481895217281661 ], [ 6.54970167809849, 62.481490357630491 ], [ 6.55045038219141, 62.480456379107494 ] ] ] } },
{ "type": "Feature", "properties": { }, "geometry": { "type": "Polygon", "coordinates": [ [ [ 6.546451053004723, 62.480233021333007 ], [ 6.54804115396716, 62.480068024828064 ], [ 6.547594373598019, 62.480869131433948 ], [ 6.546451053004723, 62.480233021333007 ] ] ] } },
{ "type": "Feature", "properties": { }, "geometry": { "type": "Polygon", "coordinates": [ [ [ 6.472886995819822, 62.473169705633772 ], [ 6.474018632870393, 62.473674172571506 ], [ 6.471927670874515, 62.474154768579751 ], [ 6.472886995819822, 62.473169705633772 ] ] ] } },
{ "type": "Feature", "properties": { }, "geometry": { "type": "Polygon", "coordinates": [ [ [ 6.471502871237305, 62.472788231587892 ], [ 6.472886995819822, 62.473169705633772 ], [ 6.471927670874515, 62.474154768579751 ], [ 6.471502871237305, 62.472788231587892 ] ] ] } },
{ "type": "Feature", "properties": { }, "geometry": { "type": "Polygon", "coordinates": [ [ [ 6.474018632870393, 62.473674172571506 ], [ 6.476157318136047, 62.473651253481755 ], [ 6.475132023521685, 62.474543137438644 ], [ 6.474018632870393, 62.473674172571506 ] ] ] } },
{ "type": "Feature", "properties": { }, "geometry": { "type": "Polygon", "coordinates": [ [ [ 6.474018632870393, 62.473674172571506 ], [ 6.475132023521685, 62.474543137438644 ], [ 6.471927670874515, 62.474154768579751 ], [ 6.474018632870393, 62.473674172571506 ] ] ] } },
{ "type": "Feature", "properties": { }, "geometry": { "type": "Polygon", "coordinates": [ [ [ 6.560738657716424, 62.480980939156311 ], [ 6.560663676754543, 62.482230415668504 ], [ 6.558487772889259, 62.481577223298217 ], [ 6.560738657716424, 62.480980939156311 ] ] ] } },
{ "type": "Feature", "properties": { }, "geometry": { "type": "Polygon", "coordinates": [ [ [ 6.558487772889259, 62.481577223298217 ], [ 6.560663676754543, 62.482230415668504 ], [ 6.558503908047436, 62.482777307802117 ], [ 6.558487772889259, 62.481577223298217 ] ] ] } },
{ "type": "Feature", "properties": { }, "geometry": { "type": "Polygon", "coordinates": [ [ [ 6.400915360881622, 62.466399691858228 ], [ 6.401861292742222, 62.466481836839314 ], [ 6.401073757902591, 62.467217047435057 ], [ 6.400915360881622, 62.466399691858228 ] ] ] } },
{ "type": "Feature", "properties": { }, "geometry": { "type": "Polygon", "coordinates": [ [ [ 6.400915360881622, 62.466399691858228 ], [ 6.401073757902591, 62.467217047435057 ], [ 6.398458371345316, 62.467017023040313 ], [ 6.400915360881622, 62.466399691858228 ] ] ] } },
{ "type": "Feature", "properties": { }, "geometry": { "type": "Polygon", "coordinates": [ [ [ 6.464366475308229, 62.480931968068482 ], [ 6.464511519772495, 62.481368363852766 ], [ 6.463689094063067, 62.481242947144153 ], [ 6.464366475308229, 62.480931968068482 ] ] ] } },
{ "type": "Feature", "properties": { }, "geometry": { "type": "Polygon", "coordinates": [ [ [ 6.561676055735219, 62.480841988685498 ], [ 6.562656754628885, 62.480802950544032 ], [ 6.562261471550821, 62.481208138785284 ], [ 6.561676055735219, 62.480841988685498 ] ] ] } },
{ "type": "Feature", "properties": { }, "geometry": { "type": "Polygon", "coordinates": [ [ [ 6.514462845294045, 62.480347221834315 ], [ 6.514472522971408, 62.480797725242979 ], [ 6.513504818177895, 62.4807757128956 ], [ 6.514462845294045, 62.480347221834315 ] ] ] } },
{ "type": "Feature", "properties": { }, "geometry": { "type": "Polygon", "coordinates": [ [ [ 6.518292006072121, 62.478363424897445 ], [ 6.520048289261436, 62.478632915439086 ], [ 6.518733363830899, 62.479107695997563 ], [ 6.518292006072121, 62.478363424897445 ] ] ] } },
{ "type": "Feature", "properties": { }, "geometry": { "type": "Polygon", "coordinates": [ [ [ 6.518292006072121, 62.478363424897445 ], [ 6.518733363830899, 62.479107695997563 ], [ 6.517214016850398, 62.478789332145354 ], [ 6.518292006072121, 62.478363424897445 ] ] ] } },
{ "type": "Feature", "properties": { }, "geometry": { "type": "Polygon", "coordinates": [ [ [ 6.489540628058226, 62.476308175343526 ], [ 6.490625770133857, 62.476321231547459 ], [ 6.490033184129871, 62.47720493532259 ], [ 6.489540628058226, 62.476308175343526 ] ] ] } },
{ "type": "Feature", "properties": { }, "geometry": { "type": "Polygon", "coordinates": [ [ [ 6.489540628058226, 62.476308175343526 ], [ 6.490033184129871, 62.47720493532259 ], [ 6.487872938344393, 62.476981679387002 ], [ 6.489540628058226, 62.476308175343526 ] ] ] } },
{ "type": "Feature", "properties": { }, "geometry": { "type": "Polygon", "coordinates": [ [ [ 6.488053028234279, 62.475960756484383 ], [ 6.489540628058226, 62.476308175343526 ], [ 6.487872938344393, 62.476981679387002 ], [ 6.488053028234279, 62.475960756484383 ] ] ] } },
{ "type": "Feature", "properties": { }, "geometry": { "type": "Polygon", "coordinates": [ [ [ 6.487463204261511, 62.481743176939133 ], [ 6.490307836497248, 62.482141552522599 ], [ 6.489128769539294, 62.482673478112673 ], [ 6.487463204261511, 62.481743176939133 ] ] ] } },
{ "type": "Feature", "properties": { }, "geometry": { "type": "Polygon", "coordinates": [ [ [ 6.487121472375611, 62.482760792913012 ], [ 6.489128769539294, 62.482673478112673 ], [ 6.487841744138302, 62.483209737985554 ], [ 6.487121472375611, 62.482760792913012 ] ] ] } },
{ "type": "Feature", "properties": { }, "geometry": { "type": "Polygon", "coordinates": [ [ [ 6.487463204261511, 62.481743176939133 ], [ 6.489128769539294, 62.482673478112673 ], [ 6.487121472375611, 62.482760792913012 ], [ 6.487463204261511, 62.481743176939133 ] ] ] } },
{ "type": "Feature", "properties": { }, "geometry": { "type": "Polygon", "coordinates": [ [ [ 6.489576208945377, 62.481391974652496 ], [ 6.490307836497248, 62.482141552522599 ], [ 6.487463204261511, 62.481743176939133 ], [ 6.489576208945377, 62.481391974652496 ] ] ] } },
{ "type": "Feature", "properties": { }, "geometry": { "type": "Polygon", "coordinates": [ [ [ 6.489576208945377, 62.481391974652496 ], [ 6.491196915223601, 62.481729784101432 ], [ 6.490307836497248, 62.482141552522599 ], [ 6.489576208945377, 62.481391974652496 ] ] ] } },
{ "type": "Feature", "properties": { }, "geometry": { "type": "Polygon", "coordinates": [ [ [ 6.508922879068693, 62.479284436424606 ], [ 6.50953256820579, 62.479770418803724 ], [ 6.50864361677769, 62.480123870593637 ], [ 6.508922879068693, 62.479284436424606 ] ] ] } },
{ "type": "Feature", "properties": { }, "geometry": { "type": "Polygon", "coordinates": [ [ [ 6.507361102788538, 62.479596225706473 ], [ 6.50864361677769, 62.480123870593637 ], [ 6.507244672423938, 62.480381452540897 ], [ 6.507361102788538, 62.479596225706473 ] ] ] } },
{ "type": "Feature", "properties": { }, "geometry": { "type": "Polygon", "coordinates": [ [ [ 6.507361102788538, 62.479596225706473 ], [ 6.508922879068693, 62.479284436424606 ], [ 6.50864361677769, 62.480123870593637 ], [ 6.507361102788538, 62.479596225706473 ] ] ] } },
{ "type": "Feature", "properties": { }, "geometry": { "type": "Polygon", "coordinates": [ [ [ 6.551889999108049, 62.481895217281661 ], [ 6.55169449871422, 62.482920802619681 ], [ 6.550256404550812, 62.482931006859992 ], [ 6.551889999108049, 62.481895217281661 ] ] ] } },
{ "type": "Feature", "properties": { }, "geometry": { "type": "Polygon", "coordinates": [ [ [ 6.54970167809849, 62.481490357630491 ], [ 6.550256404550812, 62.482931006859992 ], [ 6.548560351496961, 62.482945229373051 ], [ 6.54970167809849, 62.481490357630491 ] ] ] } },
{ "type": "Feature", "properties": { }, "geometry": { "type": "Polygon", "coordinates": [ [ [ 6.54970167809849, 62.481490357630491 ], [ 6.551889999108049, 62.481895217281661 ], [ 6.550256404550812, 62.482931006859992 ], [ 6.54970167809849, 62.481490357630491 ] ] ] } },
{ "type": "Feature", "properties": { }, "geometry": { "type": "Polygon", "coordinates": [ [ [ 6.513300279573981, 62.479347139543435 ], [ 6.515270257194428, 62.479087917165813 ], [ 6.514462845294045, 62.480347221834315 ], [ 6.513300279573981, 62.479347139543435 ] ] ] } },
{ "type": "Feature", "properties": { }, "geometry": { "type": "Polygon", "coordinates": [ [ [ 6.515270257194428, 62.479087917165813 ], [ 6.516535357850079, 62.480406466383634 ], [ 6.514462845294045, 62.480347221834315 ], [ 6.515270257194428, 62.479087917165813 ] ] ] } },
{ "type": "Feature", "properties": { }, "geometry": { "type": "Polygon", "coordinates": [ [ [ 6.514462845294045, 62.480347221834315 ], [ 6.516535357850079, 62.480406466383634 ], [ 6.515361472730836, 62.480775943356186 ], [ 6.514462845294045, 62.480347221834315 ] ] ] } },
{ "type": "Feature", "properties": { }, "geometry": { "type": "Polygon", "coordinates": [ [ [ 6.514462845294045, 62.480347221834315 ], [ 6.515361472730836, 62.480775943356186 ], [ 6.514472522971408, 62.480797725242979 ], [ 6.514462845294045, 62.480347221834315 ] ] ] } },
{ "type": "Feature", "properties": { }, "geometry": { "type": "Polygon", "coordinates": [ [ [ 6.410804361653087, 62.465832859928604 ], [ 6.412379333714424, 62.465515197153763 ], [ 6.413866994566021, 62.466243904326923 ], [ 6.410804361653087, 62.465832859928604 ] ] ] } },
{ "type": "Feature", "properties": { }, "geometry": { "type": "Polygon", "coordinates": [ [ [ 6.411788661344643, 62.465181023268173 ], [ 6.412379333714424, 62.465515197153763 ], [ 6.410804361653087, 62.465832859928604 ], [ 6.411788661344643, 62.465181023268173 ] ] ] } },
{ "type": "Feature", "properties": { }, "geometry": { "type": "Polygon", "coordinates": [ [ [ 6.460830733234, 62.471309719112043 ], [ 6.464094379026101, 62.471968695021729 ], [ 6.461840429623117, 62.472299263800984 ], [ 6.460830733234, 62.471309719112043 ] ] ] } },
{ "type": "Feature", "properties": { }, "geometry": { "type": "Polygon", "coordinates": [ [ [ 6.460830733234, 62.471309719112043 ], [ 6.461840429623117, 62.472299263800984 ], [ 6.459721260851089, 62.471813942205202 ], [ 6.460830733234, 62.471309719112043 ] ] ] } },
{ "type": "Feature", "properties": { }, "geometry": { "type": "Polygon", "coordinates": [ [ [ 6.459827012776429, 62.471180555551676 ], [ 6.460830733234, 62.471309719112043 ], [ 6.459721260851089, 62.471813942205202 ], [ 6.459827012776429, 62.471180555551676 ] ] ] } },
{ "type": "Feature", "properties": { }, "geometry": { "type": "Polygon", "coordinates": [ [ [ 6.470411329112878, 62.47253399433346 ], [ 6.471502871237305, 62.472788231587892 ], [ 6.469983307930834, 62.473556701693973 ], [ 6.470411329112878, 62.47253399433346 ] ] ] } },
{ "type": "Feature", "properties": { }, "geometry": { "type": "Polygon", "coordinates": [ [ [ 6.46866791308375, 62.47239925285956 ], [ 6.470411329112878, 62.47253399433346 ], [ 6.469983307930834, 62.473556701693973 ], [ 6.46866791308375, 62.47239925285956 ] ] ] } },
{ "type": "Feature", "properties": { }, "geometry": { "type": "Polygon", "coordinates": [ [ [ 6.469569944781034, 62.472171469528789 ], [ 6.470411329112878, 62.47253399433346 ], [ 6.46866791308375, 62.47239925285956 ], [ 6.469569944781034, 62.472171469528789 ] ] ] } },
{ "type": "Feature", "properties": { }, "geometry": { "type": "Polygon", "coordinates": [ [ [ 6.483912731305175, 62.474149385560665 ], [ 6.484835589705714, 62.474041696709271 ], [ 6.484676255343786, 62.474650056331399 ], [ 6.483912731305175, 62.474149385560665 ] ] ] } },
{ "type": "Feature", "properties": { }, "geometry": { "type": "Polygon", "coordinates": [ [ [ 6.483912731305175, 62.474149385560665 ], [ 6.484676255343786, 62.474650056331399 ], [ 6.482376706414808, 62.475026129629953 ], [ 6.483912731305175, 62.474149385560665 ] ] ] } },
{ "type": "Feature", "properties": { }, "geometry": { "type": "Polygon", "coordinates": [ [ [ 6.481506339518703, 62.473766332760079 ], [ 6.483912731305175, 62.474149385560665 ], [ 6.482376706414808, 62.475026129629953 ], [ 6.481506339518703, 62.473766332760079 ] ] ] } },
{ "type": "Feature", "properties": { }, "geometry": { "type": "Polygon", "coordinates": [ [ [ 6.529411913778236, 62.477835059281858 ], [ 6.53200740196274, 62.478402880522196 ], [ 6.53167745769542, 62.479527812930328 ], [ 6.529411913778236, 62.477835059281858 ] ] ] } },
{ "type": "Feature", "properties": { }, "geometry": { "type": "Polygon", "coordinates": [ [ [ 6.529411913778236, 62.477835059281858 ], [ 6.53167745769542, 62.479527812930328 ], [ 6.527741410401039, 62.479679555434167 ], [ 6.529411913778236, 62.477835059281858 ] ] ] } },
{ "type": "Feature", "properties": { }, "geometry": { "type": "Polygon", "coordinates": [ [ [ 6.527054125349374, 62.478143374953419 ], [ 6.529411913778236, 62.477835059281858 ], [ 6.527741410401039, 62.479679555434167 ], [ 6.527054125349374, 62.478143374953419 ] ] ] } },
{ "type": "Feature", "properties": { }, "geometry": { "type": "Polygon", "coordinates": [ [ [ 6.494794935694292, 62.476911118253014 ], [ 6.496162428808848, 62.477442341087617 ], [ 6.493812446012313, 62.477322025329606 ], [ 6.494794935694292, 62.476911118253014 ] ] ] } },
{ "type": "Feature", "properties": { }, "geometry": { "type": "Polygon", "coordinates": [ [ [ 6.493775247528044, 62.476709433953246 ], [ 6.494794935694292, 62.476911118253014 ], [ 6.493812446012313, 62.477322025329606 ], [ 6.493775247528044, 62.476709433953246 ] ] ] } },
{ "type": "Feature", "properties": { }, "geometry": { "type": "Polygon", "coordinates": [ [ [ 6.391213449155666, 62.466124782563227 ], [ 6.390575572122937, 62.467069740134455 ], [ 6.38898241203867, 62.466644474583049 ], [ 6.391213449155666, 62.466124782563227 ] ] ] } },
{ "type": "Feature", "properties": { }, "geometry": { "type": "Polygon", "coordinates": [ [ [ 6.38898241203867, 62.466644474583049 ], [ 6.390575572122937, 62.467069740134455 ], [ 6.388740669634357, 62.467126913769889 ], [ 6.38898241203867, 62.466644474583049 ] ] ] } },
{ "type": "Feature", "properties": { }, "geometry": { "type": "Polygon", "coordinates": [ [ [ 6.446344459548293, 62.475474254520144 ], [ 6.447026232354482, 62.476714053793835 ], [ 6.445525850073428, 62.47669619204909 ], [ 6.446344459548293, 62.475474254520144 ] ] ] } },
{ "type": "Feature", "properties": { }, "geometry": { "type": "Polygon", "coordinates": [ [ [ 6.446344459548293, 62.475474254520144 ], [ 6.448648239144223, 62.476270389555438 ], [ 6.447026232354482, 62.476714053793835 ], [ 6.446344459548293, 62.475474254520144 ] ] ] } },
{ "type": "Feature", "properties": { }, "geometry": { "type": "Polygon", "coordinates": [ [ [ 6.448648239144223, 62.476270389555438 ], [ 6.44836774944407, 62.477132614649079 ], [ 6.447026232354482, 62.476714053793835 ], [ 6.448648239144223, 62.476270389555438 ] ] ] } },
{ "type": "Feature", "properties": { }, "geometry": { "type": "Polygon", "coordinates": [ [ [ 6.535843474655819, 62.47806319110277 ], [ 6.536916476666517, 62.478526569950951 ], [ 6.534604784323564, 62.479175082801262 ], [ 6.535843474655819, 62.47806319110277 ] ] ] } },
{ "type": "Feature", "properties": { }, "geometry": { "type": "Polygon", "coordinates": [ [ [ 6.533668471537687, 62.477567455480589 ], [ 6.535843474655819, 62.47806319110277 ], [ 6.534604784323564, 62.479175082801262 ], [ 6.533668471537687, 62.477567455480589 ] ] ] } },
{ "type": "Feature", "properties": { }, "geometry": { "type": "Polygon", "coordinates": [ [ [ 6.56631089432108, 62.482914460356845 ], [ 6.567171938824972, 62.483111188340899 ], [ 6.565794186212643, 62.483373737214215 ], [ 6.56631089432108, 62.482914460356845 ] ] ] } },
{ "type": "Feature", "properties": { }, "geometry": { "type": "Polygon", "coordinates": [ [ [ 6.538278265524124, 62.481002844579372 ], [ 6.540518266633058, 62.482107877410208 ], [ 6.538023122170425, 62.48206459869013 ], [ 6.538278265524124, 62.481002844579372 ] ] ] } },
{ "type": "Feature", "properties": { }, "geometry": { "type": "Polygon", "coordinates": [ [ [ 6.538023122170425, 62.48206459869013 ], [ 6.540518266633058, 62.482107877410208 ], [ 6.539364104577715, 62.482551360624669 ], [ 6.538023122170425, 62.48206459869013 ] ] ] } },
{ "type": "Feature", "properties": { }, "geometry": { "type": "Polygon", "coordinates": [ [ [ 6.547878360021827, 62.483589611389704 ], [ 6.548620859787311, 62.484092631252885 ], [ 6.547505123407556, 62.484102030612732 ], [ 6.547878360021827, 62.483589611389704 ] ] ] } },
{ "type": "Feature", "properties": { }, "geometry": { "type": "Polygon", "coordinates": [ [ [ 6.545234636008446, 62.482631262215747 ], [ 6.546863602733009, 62.483166566764432 ], [ 6.545767328900477, 62.483543567082016 ], [ 6.545234636008446, 62.482631262215747 ] ] ] } },
{ "type": "Feature", "properties": { }, "geometry": { "type": "Polygon", "coordinates": [ [ [ 6.430871598826123, 62.467838032525812 ], [ 6.432014569551044, 62.468215439983261 ], [ 6.430301028420844, 62.468431845744909 ], [ 6.430871598826123, 62.467838032525812 ] ] ] } },
{ "type": "Feature", "properties": { }, "geometry": { "type": "Polygon", "coordinates": [ [ [ 6.441310398558255, 62.469443311506701 ], [ 6.442337917653416, 62.469661917218474 ], [ 6.440534032162383, 62.470068954582288 ], [ 6.441310398558255, 62.469443311506701 ] ] ] } },
{ "type": "Feature", "properties": { }, "geometry": { "type": "Polygon", "coordinates": [ [ [ 6.453058016565079, 62.476534042948522 ], [ 6.453813546778528, 62.477736601712564 ], [ 6.452420507536538, 62.477637624319946 ], [ 6.453058016565079, 62.476534042948522 ] ] ] } },
{ "type": "Feature", "properties": { }, "geometry": { "type": "Polygon", "coordinates": [ [ [ 6.537372533088457, 62.479229765273516 ], [ 6.538296862996276, 62.479453997016471 ], [ 6.536975645961344, 62.480100105512655 ], [ 6.537372533088457, 62.479229765273516 ] ] ] } },
{ "type": "Feature", "properties": { }, "geometry": { "type": "Polygon", "coordinates": [ [ [ 6.534604784323564, 62.479175082801262 ], [ 6.537372533088457, 62.479229765273516 ], [ 6.536975645961344, 62.480100105512655 ], [ 6.534604784323564, 62.479175082801262 ] ] ] } },
{ "type": "Feature", "properties": { }, "geometry": { "type": "Polygon", "coordinates": [ [ [ 6.536916476666517, 62.478526569950951 ], [ 6.537372533088457, 62.479229765273516 ], [ 6.534604784323564, 62.479175082801262 ], [ 6.536916476666517, 62.478526569950951 ] ] ] } },
{ "type": "Feature", "properties": { }, "geometry": { "type": "Polygon", "coordinates": [ [ [ 6.453239988418831, 62.470337701888973 ], [ 6.452625425366858, 62.470974357558141 ], [ 6.451422988904135, 62.470664888930514 ], [ 6.453239988418831, 62.470337701888973 ] ] ] } },
{ "type": "Feature", "properties": { }, "geometry": { "type": "Polygon", "coordinates": [ [ [ 6.453923385325939, 62.471328361644247 ], [ 6.455967094036686, 62.471609674077378 ], [ 6.454879609889672, 62.472577815728897 ], [ 6.453923385325939, 62.471328361644247 ] ] ] } },
{ "type": "Feature", "properties": { }, "geometry": { "type": "Polygon", "coordinates": [ [ [ 6.453923385325939, 62.471328361644247 ], [ 6.454879609889672, 62.472577815728897 ], [ 6.452237665622322, 62.472069999062931 ], [ 6.453923385325939, 62.471328361644247 ] ] ] } },
{ "type": "Feature", "properties": { }, "geometry": { "type": "Polygon", "coordinates": [ [ [ 6.452625425366858, 62.470974357558141 ], [ 6.453923385325939, 62.471328361644247 ], [ 6.452237665622322, 62.472069999062931 ], [ 6.452625425366858, 62.470974357558141 ] ] ] } },
{ "type": "Feature", "properties": { }, "geometry": { "type": "Polygon", "coordinates": [ [ [ 6.54197777469482, 62.48143189904831 ], [ 6.543985784281538, 62.481654953999673 ], [ 6.542568852568506, 62.482347427337722 ], [ 6.54197777469482, 62.48143189904831 ] ] ] } },
{ "type": "Feature", "properties": { }, "geometry": { "type": "Polygon", "coordinates": [ [ [ 6.543985784281538, 62.481654953999673 ], [ 6.545234636008446, 62.482631262215747 ], [ 6.542568852568506, 62.482347427337722 ], [ 6.543985784281538, 62.481654953999673 ] ] ] } },
{ "type": "Feature", "properties": { }, "geometry": { "type": "Polygon", "coordinates": [ [ [ 6.54197777469482, 62.48143189904831 ], [ 6.542568852568506, 62.482347427337722 ], [ 6.540518266633058, 62.482107877410208 ], [ 6.54197777469482, 62.48143189904831 ] ] ] } },
{ "type": "Feature", "properties": { }, "geometry": { "type": "Polygon", "coordinates": [ [ [ 6.506469687410064, 62.477756380137123 ], [ 6.508600721072468, 62.477890507028818 ], [ 6.5080754713063, 62.478881934549641 ], [ 6.506469687410064, 62.477756380137123 ] ] ] } },
{ "type": "Feature", "properties": { }, "geometry": { "type": "Polygon", "coordinates": [ [ [ 6.506469687410064, 62.477756380137123 ], [ 6.5080754713063, 62.478881934549641 ], [ 6.506153476042445, 62.478903968000161 ], [ 6.506469687410064, 62.477756380137123 ] ] ] } },
{ "type": "Feature", "properties": { }, "geometry": { "type": "Polygon", "coordinates": [ [ [ 6.504894461213174, 62.478231611269365 ], [ 6.506469687410064, 62.477756380137123 ], [ 6.506153476042445, 62.478903968000161 ], [ 6.504894461213174, 62.478231611269365 ] ] ] } },
{ "type": "Feature", "properties": { }, "geometry": { "type": "Polygon", "coordinates": [ [ [ 6.505700910640757, 62.477445525259206 ], [ 6.506469687410064, 62.477756380137123 ], [ 6.504894461213174, 62.478231611269365 ], [ 6.505700910640757, 62.477445525259206 ] ] ] } },
{ "type": "Feature", "properties": { }, "geometry": { "type": "Polygon", "coordinates": [ [ [ 6.517167489904224, 62.479444899832295 ], [ 6.517714397112018, 62.48041758957099 ], [ 6.516535357850079, 62.480406466383634 ], [ 6.517167489904224, 62.479444899832295 ] ] ] } },
{ "type": "Feature", "properties": { }, "geometry": { "type": "Polygon", "coordinates": [ [ [ 6.517167489904224, 62.479444899832295 ], [ 6.518733363830899, 62.479107695997563 ], [ 6.517714397112018, 62.48041758957099 ], [ 6.517167489904224, 62.479444899832295 ] ] ] } },
{ "type": "Feature", "properties": { }, "geometry": { "type": "Polygon", "coordinates": [ [ [ 6.518733363830899, 62.479107695997563 ], [ 6.519571620995649, 62.480523620947146 ], [ 6.517714397112018, 62.48041758957099 ], [ 6.518733363830899, 62.479107695997563 ] ] ] } },
{ "type": "Feature", "properties": { }, "geometry": { "type": "Polygon", "coordinates": [ [ [ 6.501927874369379, 62.477653141903232 ], [ 6.503224863054795, 62.477833952590224 ], [ 6.501883695879231, 62.478807521773632 ], [ 6.501927874369379, 62.477653141903232 ] ] ] } },
{ "type": "Feature", "properties": { }, "geometry": { "type": "Polygon", "coordinates": [ [ [ 6.501927874369379, 62.477653141903232 ], [ 6.501883695879231, 62.478807521773632 ], [ 6.500850456820441, 62.478221679311289 ], [ 6.501927874369379, 62.477653141903232 ] ] ] } },
{ "type": "Feature", "properties": { }, "geometry": { "type": "Polygon", "coordinates": [ [ [ 6.500566531459614, 62.477476995297138 ], [ 6.501927874369379, 62.477653141903232 ], [ 6.500850456820441, 62.478221679311289 ], [ 6.500566531459614, 62.477476995297138 ] ] ] } },
{ "type": "Feature", "properties": { }, "geometry": { "type": "Polygon", "coordinates": [ [ [ 6.541197642384601, 62.479870063469939 ], [ 6.543609475855368, 62.48071739484822 ], [ 6.54197777469482, 62.48143189904831 ], [ 6.541197642384601, 62.479870063469939 ] ] ] } },
{ "type": "Feature", "properties": { }, "geometry": { "type": "Polygon", "coordinates": [ [ [ 6.541197642384601, 62.479870063469939 ], [ 6.54197777469482, 62.48143189904831 ], [ 6.538278265524124, 62.481002844579372 ], [ 6.541197642384601, 62.479870063469939 ] ] ] } },
{ "type": "Feature", "properties": { }, "geometry": { "type": "Polygon", "coordinates": [ [ [ 6.539035005980513, 62.479993562466483 ], [ 6.541197642384601, 62.479870063469939 ], [ 6.538278265524124, 62.481002844579372 ], [ 6.539035005980513, 62.479993562466483 ] ] ] } },
{ "type": "Feature", "properties": { }, "geometry": { "type": "Polygon", "coordinates": [ [ [ 6.536975645961344, 62.480100105512655 ], [ 6.539035005980513, 62.479993562466483 ], [ 6.538278265524124, 62.481002844579372 ], [ 6.536975645961344, 62.480100105512655 ] ] ] } },
{ "type": "Feature", "properties": { }, "geometry": { "type": "Polygon", "coordinates": [ [ [ 6.538296862996276, 62.479453997016471 ], [ 6.539035005980513, 62.479993562466483 ], [ 6.536975645961344, 62.480100105512655 ], [ 6.538296862996276, 62.479453997016471 ] ] ] } },
{ "type": "Feature", "properties": { }, "geometry": { "type": "Polygon", "coordinates": [ [ [ 6.437681564639465, 62.469333032310587 ], [ 6.439077697600275, 62.469665336268612 ], [ 6.437572023024474, 62.470226172488921 ], [ 6.437681564639465, 62.469333032310587 ] ] ] } },
{ "type": "Feature", "properties": { }, "geometry": { "type": "Polygon", "coordinates": [ [ [ 6.435596562600304, 62.469508685434832 ], [ 6.437681564639465, 62.469333032310587 ], [ 6.437572023024474, 62.470226172488921 ], [ 6.435596562600304, 62.469508685434832 ] ] ] } },
{ "type": "Feature", "properties": { }, "geometry": { "type": "Polygon", "coordinates": [ [ [ 6.437175978699555, 62.468854614167711 ], [ 6.437681564639465, 62.469333032310587 ], [ 6.435596562600304, 62.469508685434832 ], [ 6.437175978699555, 62.468854614167711 ] ] ] } },
{ "type": "Feature", "properties": { }, "geometry": { "type": "Polygon", "coordinates": [ [ [ 6.511294779554909, 62.477438787011209 ], [ 6.513078255687521, 62.477260309146175 ], [ 6.513210604167195, 62.478511588125279 ], [ 6.511294779554909, 62.477438787011209 ] ] ] } },
{ "type": "Feature", "properties": { }, "geometry": { "type": "Polygon", "coordinates": [ [ [ 6.511294779554909, 62.477438787011209 ], [ 6.513210604167195, 62.478511588125279 ], [ 6.510833345160112, 62.478223932811439 ], [ 6.511294779554909, 62.477438787011209 ] ] ] } },
{ "type": "Feature", "properties": { }, "geometry": { "type": "Polygon", "coordinates": [ [ [ 6.513078255687521, 62.477260309146175 ], [ 6.51476102920749, 62.478081330346036 ], [ 6.513210604167195, 62.478511588125279 ], [ 6.513078255687521, 62.477260309146175 ] ] ] } },
{ "type": "Feature", "properties": { }, "geometry": { "type": "Polygon", "coordinates": [ [ [ 6.525745722484072, 62.480094686420721 ], [ 6.526999666147177, 62.480632079187437 ], [ 6.526047847631279, 62.480737236927098 ], [ 6.525745722484072, 62.480094686420721 ] ] ] } },
{ "type": "Feature", "properties": { }, "geometry": { "type": "Polygon", "coordinates": [ [ [ 6.525745722484072, 62.480094686420721 ], [ 6.527741410401039, 62.479679555434167 ], [ 6.526999666147177, 62.480632079187437 ], [ 6.525745722484072, 62.480094686420721 ] ] ] } },
{ "type": "Feature", "properties": { }, "geometry": { "type": "Polygon", "coordinates": [ [ [ 6.527741410401039, 62.479679555434167 ], [ 6.528711399877753, 62.480587106875973 ], [ 6.526999666147177, 62.480632079187437 ], [ 6.527741410401039, 62.479679555434167 ] ] ] } },
{ "type": "Feature", "properties": { }, "geometry": { "type": "Polygon", "coordinates": [ [ [ 6.416699673609341, 62.473793312484297 ], [ 6.418013389641471, 62.474974059102692 ], [ 6.416063563171606, 62.47539427194819 ], [ 6.416699673609341, 62.473793312484297 ] ] ] } },
{ "type": "Feature", "properties": { }, "geometry": { "type": "Polygon", "coordinates": [ [ [ 6.414290340915908, 62.474402976188394 ], [ 6.416699673609341, 62.473793312484297 ], [ 6.416063563171606, 62.47539427194819 ], [ 6.414290340915908, 62.474402976188394 ] ] ] } },
{ "type": "Feature", "properties": { }, "geometry": { "type": "Polygon", "coordinates": [ [ [ 6.477341311477751, 62.473503599631684 ], [ 6.479362241421998, 62.474102075474072 ], [ 6.477314884414444, 62.474548842687966 ], [ 6.477341311477751, 62.473503599631684 ] ] ] } },
{ "type": "Feature", "properties": { }, "geometry": { "type": "Polygon", "coordinates": [ [ [ 6.476157318136047, 62.473651253481755 ], [ 6.477341311477751, 62.473503599631684 ], [ 6.477314884414444, 62.474548842687966 ], [ 6.476157318136047, 62.473651253481755 ] ] ] } },
{ "type": "Feature", "properties": { }, "geometry": { "type": "Polygon", "coordinates": [ [ [ 6.458835565348207, 62.471328640964188 ], [ 6.459827012776429, 62.471180555551676 ], [ 6.459721260851089, 62.471813942205202 ], [ 6.458835565348207, 62.471328640964188 ] ] ] } },
{ "type": "Feature", "properties": { }, "geometry": { "type": "Polygon", "coordinates": [ [ [ 6.458835565348207, 62.471328640964188 ], [ 6.459721260851089, 62.471813942205202 ], [ 6.45840763650732, 62.471998058476082 ], [ 6.458835565348207, 62.471328640964188 ] ] ] } },
{ "type": "Feature", "properties": { }, "geometry": { "type": "Polygon", "coordinates": [ [ [ 6.442179580542713, 62.475210100030111 ], [ 6.446344459548293, 62.475474254520144 ], [ 6.443608108922479, 62.476214426529239 ], [ 6.442179580542713, 62.475210100030111 ] ] ] } },
{ "type": "Feature", "properties": { }, "geometry": { "type": "Polygon", "coordinates": [ [ [ 6.446344459548293, 62.475474254520144 ], [ 6.445525850073428, 62.47669619204909 ], [ 6.443608108922479, 62.476214426529239 ], [ 6.446344459548293, 62.475474254520144 ] ] ] } },
{ "type": "Feature", "properties": { }, "geometry": { "type": "Polygon", "coordinates": [ [ [ 6.442179580542713, 62.475210100030111 ], [ 6.443608108922479, 62.476214426529239 ], [ 6.442263561444616, 62.476411859126181 ], [ 6.442179580542713, 62.475210100030111 ] ] ] } },
{ "type": "Feature", "properties": { }, "geometry": { "type": "Polygon", "coordinates": [ [ [ 6.472559398289811, 62.48046485649644 ], [ 6.47370352717017, 62.481298973317081 ], [ 6.471908944908365, 62.481229814999132 ], [ 6.472559398289811, 62.48046485649644 ] ] ] } },
{ "type": "Feature", "properties": { }, "geometry": { "type": "Polygon", "coordinates": [ [ [ 6.518733363830899, 62.479107695997563 ], [ 6.521277876356153, 62.479166553827838 ], [ 6.519571620995649, 62.480523620947146 ], [ 6.518733363830899, 62.479107695997563 ] ] ] } },
{ "type": "Feature", "properties": { }, "geometry": { "type": "Polygon", "coordinates": [ [ [ 6.521277876356153, 62.479166553827838 ], [ 6.521547917877848, 62.48034846923855 ], [ 6.519571620995649, 62.480523620947146 ], [ 6.521277876356153, 62.479166553827838 ] ] ] } },
{ "type": "Feature", "properties": { }, "geometry": { "type": "Polygon", "coordinates": [ [ [ 6.533106472178189, 62.480353306946249 ], [ 6.534101994766443, 62.480792486664363 ], [ 6.532395866993181, 62.480898244014149 ], [ 6.533106472178189, 62.480353306946249 ] ] ] } },
{ "type": "Feature", "properties": { }, "geometry": { "type": "Polygon", "coordinates": [ [ [ 6.531756895756834, 62.480476211555342 ], [ 6.532395866993181, 62.480898244014149 ], [ 6.531541952742203, 62.480981814664673 ], [ 6.531756895756834, 62.480476211555342 ] ] ] } },
{ "type": "Feature", "properties": { }, "geometry": { "type": "Polygon", "coordinates": [ [ [ 6.531756895756834, 62.480476211555342 ], [ 6.533106472178189, 62.480353306946249 ], [ 6.532395866993181, 62.480898244014149 ], [ 6.531756895756834, 62.480476211555342 ] ] ] } },
{ "type": "Feature", "properties": { }, "geometry": { "type": "Polygon", "coordinates": [ [ [ 6.406639954884209, 62.466031271286951 ], [ 6.407912219548733, 62.466572728538964 ], [ 6.406184051642626, 62.466578373680505 ], [ 6.406639954884209, 62.466031271286951 ] ] ] } },
{ "type": "Feature", "properties": { }, "geometry": { "type": "Polygon", "coordinates": [ [ [ 6.405142691031888, 62.466244514236827 ], [ 6.406639954884209, 62.466031271286951 ], [ 6.406184051642626, 62.466578373680505 ], [ 6.405142691031888, 62.466244514236827 ] ] ] } },
{ "type": "Feature", "properties": { }, "geometry": { "type": "Polygon", "coordinates": [ [ [ 6.551889999108049, 62.481895217281661 ], [ 6.55436250535376, 62.481900785397563 ], [ 6.552881574042028, 62.482816911905047 ], [ 6.551889999108049, 62.481895217281661 ] ] ] } },
{ "type": "Feature", "properties": { }, "geometry": { "type": "Polygon", "coordinates": [ [ [ 6.55436250535376, 62.481900785397563 ], [ 6.555377091737058, 62.482944062927267 ], [ 6.552881574042028, 62.482816911905047 ], [ 6.55436250535376, 62.481900785397563 ] ] ] } },
{ "type": "Feature", "properties": { }, "geometry": { "type": "Polygon", "coordinates": [ [ [ 6.551889999108049, 62.481895217281661 ], [ 6.552881574042028, 62.482816911905047 ], [ 6.55169449871422, 62.482920802619681 ], [ 6.551889999108049, 62.481895217281661 ] ] ] } },
{ "type": "Feature", "properties": { }, "geometry": { "type": "Polygon", "coordinates": [ [ [ 6.392373375608356, 62.46850069514668 ], [ 6.394175853339851, 62.468165496519042 ], [ 6.393569128469218, 62.469019698588525 ], [ 6.392373375608356, 62.46850069514668 ] ] ] } },
{ "type": "Feature", "properties": { }, "geometry": { "type": "Polygon", "coordinates": [ [ [ 6.391783653380129, 62.467711635176556 ], [ 6.392373375608356, 62.46850069514668 ], [ 6.391395750462558, 62.468527045815605 ], [ 6.391783653380129, 62.467711635176556 ] ] ] } },
{ "type": "Feature", "properties": { }, "geometry": { "type": "Polygon", "coordinates": [ [ [ 6.391783653380129, 62.467711635176556 ], [ 6.394175853339851, 62.468165496519042 ], [ 6.392373375608356, 62.46850069514668 ], [ 6.391783653380129, 62.467711635176556 ] ] ] } },
{ "type": "Feature", "properties": { }, "geometry": { "type": "Polygon", "coordinates": [ [ [ 6.555377091737058, 62.482944062927267 ], [ 6.558503908047436, 62.482777307802117 ], [ 6.557002612681123, 62.48376624726729 ], [ 6.555377091737058, 62.482944062927267 ] ] ] } },
{ "type": "Feature", "properties": { }, "geometry": { "type": "Polygon", "coordinates": [ [ [ 6.558503908047436, 62.482777307802117 ], [ 6.558617732266952, 62.484019667586416 ], [ 6.557002612681123, 62.48376624726729 ], [ 6.558503908047436, 62.482777307802117 ] ] ] } },
{ "type": "Feature", "properties": { }, "geometry": { "type": "Polygon", "coordinates": [ [ [ 6.557002612681123, 62.48376624726729 ], [ 6.558617732266952, 62.484019667586416 ], [ 6.556982791920253, 62.484244260031595 ], [ 6.557002612681123, 62.48376624726729 ] ] ] } },
{ "type": "Feature", "properties": { }, "geometry": { "type": "Polygon", "coordinates": [ [ [ 6.565479504584406, 62.482876856426643 ], [ 6.56631089432108, 62.482914460356845 ], [ 6.565794186212643, 62.483373737214215 ], [ 6.565479504584406, 62.482876856426643 ] ] ] } },
{ "type": "Feature", "properties": { }, "geometry": { "type": "Polygon", "coordinates": [ [ [ 6.565479504584406, 62.482876856426643 ], [ 6.565794186212643, 62.483373737214215 ], [ 6.564483043254462, 62.483199442067516 ], [ 6.565479504584406, 62.482876856426643 ] ] ] } },
{ "type": "Feature", "properties": { }, "geometry": { "type": "Polygon", "coordinates": [ [ [ 6.460323665787203, 62.478825326943202 ], [ 6.462323593354674, 62.479488093266959 ], [ 6.460200381098042, 62.47996218277757 ], [ 6.460323665787203, 62.478825326943202 ] ] ] } },
{ "type": "Feature", "properties": { }, "geometry": { "type": "Polygon", "coordinates": [ [ [ 6.462323593354674, 62.479488093266959 ], [ 6.461048672122534, 62.48040568789645 ], [ 6.460200381098042, 62.47996218277757 ], [ 6.462323593354674, 62.479488093266959 ] ] ] } },
{ "type": "Feature", "properties": { }, "geometry": { "type": "Polygon", "coordinates": [ [ [ 6.460323665787203, 62.478825326943202 ], [ 6.460200381098042, 62.47996218277757 ], [ 6.458828977940184, 62.479729387183667 ], [ 6.460323665787203, 62.478825326943202 ] ] ] } },
{ "type": "Feature", "properties": { }, "geometry": { "type": "Polygon", "coordinates": [ [ [ 6.41969043274633, 62.475125892103712 ], [ 6.421000113664905, 62.475633894267126 ], [ 6.4191453438972, 62.47611772814907 ], [ 6.41969043274633, 62.475125892103712 ] ] ] } },
{ "type": "Feature", "properties": { }, "geometry": { "type": "Polygon", "coordinates": [ [ [ 6.421000113664905, 62.475633894267126 ], [ 6.421088209346156, 62.476220349249303 ], [ 6.4191453438972, 62.47611772814907 ], [ 6.421000113664905, 62.475633894267126 ] ] ] } },
{ "type": "Feature", "properties": { }, "geometry": { "type": "Polygon", "coordinates": [ [ [ 6.4191453438972, 62.47611772814907 ], [ 6.421088209346156, 62.476220349249303 ], [ 6.41996500633922, 62.476494947350204 ], [ 6.4191453438972, 62.47611772814907 ] ] ] } },
{ "type": "Feature", "properties": { }, "geometry": { "type": "Polygon", "coordinates": [ [ [ 6.418323065991677, 62.475600223501587 ], [ 6.4191453438972, 62.47611772814907 ], [ 6.418086295438562, 62.476233165098698 ], [ 6.418323065991677, 62.475600223501587 ] ] ] } },
{ "type": "Feature", "properties": { }, "geometry": { "type": "Polygon", "coordinates": [ [ [ 6.418323065991677, 62.475600223501587 ], [ 6.41969043274633, 62.475125892103712 ], [ 6.4191453438972, 62.47611772814907 ], [ 6.418323065991677, 62.475600223501587 ] ] ] } },
{ "type": "Feature", "properties": { }, "geometry": { "type": "Polygon", "coordinates": [ [ [ 6.406653849700861, 62.471318102072104 ], [ 6.40859207621991, 62.471682000570823 ], [ 6.406622671410477, 62.472286107504949 ], [ 6.406653849700861, 62.471318102072104 ] ] ] } },
{ "type": "Feature", "properties": { }, "geometry": { "type": "Polygon", "coordinates": [ [ [ 6.40859207621991, 62.471682000570823 ], [ 6.40876829496507, 62.472323083275832 ], [ 6.406622671410477, 62.472286107504949 ], [ 6.40859207621991, 62.471682000570823 ] ] ] } },
{ "type": "Feature", "properties": { }, "geometry": { "type": "Polygon", "coordinates": [ [ [ 6.406622671410477, 62.472286107504949 ], [ 6.40876829496507, 62.472323083275832 ], [ 6.407594944806511, 62.47267338465624 ], [ 6.406622671410477, 62.472286107504949 ] ] ] } },
{ "type": "Feature", "properties": { }, "geometry": { "type": "Polygon", "coordinates": [ [ [ 6.563621226058198, 62.48351483797223 ], [ 6.564483043254462, 62.483199442067516 ], [ 6.565203002709125, 62.483997444025242 ], [ 6.563621226058198, 62.48351483797223 ] ] ] } },
{ "type": "Feature", "properties": { }, "geometry": { "type": "Polygon", "coordinates": [ [ [ 6.560503774146663, 62.479463305203794 ], [ 6.561969544141182, 62.479550665327764 ], [ 6.560675026099402, 62.480142558123248 ], [ 6.560503774146663, 62.479463305203794 ] ] ] } },
{ "type": "Feature", "properties": { }, "geometry": { "type": "Polygon", "coordinates": [ [ [ 6.448648239144223, 62.476270389555438 ], [ 6.449994046732645, 62.476880628584944 ], [ 6.44836774944407, 62.477132614649079 ], [ 6.448648239144223, 62.476270389555438 ] ] ] } },
{ "type": "Feature", "properties": { }, "geometry": { "type": "Polygon", "coordinates": [ [ [ 6.448648239144223, 62.476270389555438 ], [ 6.451461817736235, 62.476585753056625 ], [ 6.449994046732645, 62.476880628584944 ], [ 6.448648239144223, 62.476270389555438 ] ] ] } },
{ "type": "Feature", "properties": { }, "geometry": { "type": "Polygon", "coordinates": [ [ [ 6.493174390910633, 62.480860434141157 ], [ 6.494664625226148, 62.481687871596044 ], [ 6.493054522702662, 62.481706929528528 ], [ 6.493174390910633, 62.480860434141157 ] ] ] } },
{ "type": "Feature", "properties": { }, "geometry": { "type": "Polygon", "coordinates": [ [ [ 6.492116227082008, 62.481553186464382 ], [ 6.493054522702662, 62.481706929528528 ], [ 6.492304888480592, 62.482005403991877 ], [ 6.492116227082008, 62.481553186464382 ] ] ] } },
{ "type": "Feature", "properties": { }, "geometry": { "type": "Polygon", "coordinates": [ [ [ 6.493174390910633, 62.480860434141157 ], [ 6.493054522702662, 62.481706929528528 ], [ 6.492116227082008, 62.481553186464382 ], [ 6.493174390910633, 62.480860434141157 ] ] ] } },
{ "type": "Feature", "properties": { }, "geometry": { "type": "Polygon", "coordinates": [ [ [ 6.400474869713259, 62.468308954582795 ], [ 6.403462854625352, 62.469063774274794 ], [ 6.400644074781517, 62.469633504315894 ], [ 6.400474869713259, 62.468308954582795 ] ] ] } },
{ "type": "Feature", "properties": { }, "geometry": { "type": "Polygon", "coordinates": [ [ [ 6.400474869713259, 62.468308954582795 ], [ 6.400644074781517, 62.469633504315894 ], [ 6.398952544001594, 62.469187898714338 ], [ 6.400474869713259, 62.468308954582795 ] ] ] } },
{ "type": "Feature", "properties": { }, "geometry": { "type": "Polygon", "coordinates": [ [ [ 6.457380149369148, 62.478387738226971 ], [ 6.460323665787203, 62.478825326943202 ], [ 6.457165918015881, 62.479223117372634 ], [ 6.457380149369148, 62.478387738226971 ] ] ] } },
{ "type": "Feature", "properties": { }, "geometry": { "type": "Polygon", "coordinates": [ [ [ 6.457165918015881, 62.479223117372634 ], [ 6.460323665787203, 62.478825326943202 ], [ 6.458828977940184, 62.479729387183667 ], [ 6.457165918015881, 62.479223117372634 ] ] ] } },
{ "type": "Feature", "properties": { }, "geometry": { "type": "Polygon", "coordinates": [ [ [ 6.521634964932788, 62.478404186880354 ], [ 6.523819371890404, 62.478176866162578 ], [ 6.524490822718332, 62.479120335292599 ], [ 6.521634964932788, 62.478404186880354 ] ] ] } },
{ "type": "Feature", "properties": { }, "geometry": { "type": "Polygon", "coordinates": [ [ [ 6.450047245331077, 62.470658707267134 ], [ 6.451422988904135, 62.470664888930514 ], [ 6.450722712837166, 62.47125322687311 ], [ 6.450047245331077, 62.470658707267134 ] ] ] } },
{ "type": "Feature", "properties": { }, "geometry": { "type": "Polygon", "coordinates": [ [ [ 6.448716117840291, 62.470812696782609 ], [ 6.450047245331077, 62.470658707267134 ], [ 6.450722712837166, 62.47125322687311 ], [ 6.448716117840291, 62.470812696782609 ] ] ] } },
{ "type": "Feature", "properties": { }, "geometry": { "type": "Polygon", "coordinates": [ [ [ 6.553958417504479, 62.479650831809522 ], [ 6.557987139626348, 62.479943382910029 ], [ 6.555712530506323, 62.48056443493072 ], [ 6.553958417504479, 62.479650831809522 ] ] ] } },
{ "type": "Feature", "properties": { }, "geometry": { "type": "Polygon", "coordinates": [ [ [ 6.553958417504479, 62.479650831809522 ], [ 6.555712530506323, 62.48056443493072 ], [ 6.553091163226415, 62.480415335449855 ], [ 6.553958417504479, 62.479650831809522 ] ] ] } },
{ "type": "Feature", "properties": { }, "geometry": { "type": "Polygon", "coordinates": [ [ [ 6.462770594326472, 62.480639611651071 ], [ 6.464366475308229, 62.480931968068482 ], [ 6.463689094063067, 62.481242947144153 ], [ 6.462770594326472, 62.480639611651071 ] ] ] } },
{ "type": "Feature", "properties": { }, "geometry": { "type": "Polygon", "coordinates": [ [ [ 6.504670565096544, 62.479905243618326 ], [ 6.507244672423938, 62.480381452540897 ], [ 6.50598407337217, 62.481183316268407 ], [ 6.504670565096544, 62.479905243618326 ] ] ] } },
{ "type": "Feature", "properties": { }, "geometry": { "type": "Polygon", "coordinates": [ [ [ 6.504670565096544, 62.479905243618326 ], [ 6.507361102788538, 62.479596225706473 ], [ 6.507244672423938, 62.480381452540897 ], [ 6.504670565096544, 62.479905243618326 ] ] ] } },
{ "type": "Feature", "properties": { }, "geometry": { "type": "Polygon", "coordinates": [ [ [ 6.434889740633531, 62.475896798082083 ], [ 6.437168409150543, 62.47631010133361 ], [ 6.435827166990535, 62.476449589834886 ], [ 6.434889740633531, 62.475896798082083 ] ] ] } },
{ "type": "Feature", "properties": { }, "geometry": { "type": "Polygon", "coordinates": [ [ [ 6.466313951538606, 62.472100103551099 ], [ 6.467683412558027, 62.472089334859099 ], [ 6.467032721890583, 62.473022056222462 ], [ 6.466313951538606, 62.472100103551099 ] ] ] } },
{ "type": "Feature", "properties": { }, "geometry": { "type": "Polygon", "coordinates": [ [ [ 6.466313951538606, 62.472100103551099 ], [ 6.467032721890583, 62.473022056222462 ], [ 6.463896732372526, 62.473491359117403 ], [ 6.466313951538606, 62.472100103551099 ] ] ] } },
{ "type": "Feature", "properties": { }, "geometry": { "type": "Polygon", "coordinates": [ [ [ 6.464094379026101, 62.471968695021729 ], [ 6.466313951538606, 62.472100103551099 ], [ 6.463896732372526, 62.473491359117403 ], [ 6.464094379026101, 62.471968695021729 ] ] ] } },
{ "type": "Feature", "properties": { }, "geometry": { "type": "Polygon", "coordinates": [ [ [ 6.46866791308375, 62.47239925285956 ], [ 6.469983307930834, 62.473556701693973 ], [ 6.467032721890583, 62.473022056222462 ], [ 6.46866791308375, 62.47239925285956 ] ] ] } },
{ "type": "Feature", "properties": { }, "geometry": { "type": "Polygon", "coordinates": [ [ [ 6.467683412558027, 62.472089334859099 ], [ 6.46866791308375, 62.47239925285956 ], [ 6.467032721890583, 62.473022056222462 ], [ 6.467683412558027, 62.472089334859099 ] ] ] } },
{ "type": "Feature", "properties": { }, "geometry": { "type": "Polygon", "coordinates": [ [ [ 6.471502871237305, 62.472788231587892 ], [ 6.471927670874515, 62.474154768579751 ], [ 6.469983307930834, 62.473556701693973 ], [ 6.471502871237305, 62.472788231587892 ] ] ] } },
{ "type": "Feature", "properties": { }, "geometry": { "type": "Polygon", "coordinates": [ [ [ 6.484835589705714, 62.474041696709271 ], [ 6.485850240110984, 62.474366627702167 ], [ 6.484676255343786, 62.474650056331399 ], [ 6.484835589705714, 62.474041696709271 ] ] ] } },
{ "type": "Feature", "properties": { }, "geometry": { "type": "Polygon", "coordinates": [ [ [ 6.388740669634357, 62.467126913769889 ], [ 6.390575572122937, 62.467069740134455 ], [ 6.389166761951866, 62.467752619041178 ], [ 6.388740669634357, 62.467126913769889 ] ] ] } },
{ "type": "Feature", "properties": { }, "geometry": { "type": "Polygon", "coordinates": [ [ [ 6.538278265524124, 62.481002844579372 ], [ 6.54197777469482, 62.48143189904831 ], [ 6.540518266633058, 62.482107877410208 ], [ 6.538278265524124, 62.481002844579372 ] ] ] } },
{ "type": "Feature", "properties": { }, "geometry": { "type": "Polygon", "coordinates": [ [ [ 6.432014569551044, 62.468215439983261 ], [ 6.434433953601393, 62.46877752824183 ], [ 6.431654732379609, 62.469166769943158 ], [ 6.432014569551044, 62.468215439983261 ] ] ] } },
{ "type": "Feature", "properties": { }, "geometry": { "type": "Polygon", "coordinates": [ [ [ 6.430301028420844, 62.468431845744909 ], [ 6.432014569551044, 62.468215439983261 ], [ 6.431654732379609, 62.469166769943158 ], [ 6.430301028420844, 62.468431845744909 ] ] ] } },
{ "type": "Feature", "properties": { }, "geometry": { "type": "Polygon", "coordinates": [ [ [ 6.442337917653416, 62.469661917218474 ], [ 6.44376875430249, 62.469892752749189 ], [ 6.442340917627937, 62.470723457301226 ], [ 6.442337917653416, 62.469661917218474 ] ] ] } },
{ "type": "Feature", "properties": { }, "geometry": { "type": "Polygon", "coordinates": [ [ [ 6.440534032162383, 62.470068954582288 ], [ 6.442337917653416, 62.469661917218474 ], [ 6.442340917627937, 62.470723457301226 ], [ 6.440534032162383, 62.470068954582288 ] ] ] } },
{ "type": "Feature", "properties": { }, "geometry": { "type": "Polygon", "coordinates": [ [ [ 6.534662435427567, 62.480059309043341 ], [ 6.536975645961344, 62.480100105512655 ], [ 6.535425094114819, 62.480752320026717 ], [ 6.534662435427567, 62.480059309043341 ] ] ] } },
{ "type": "Feature", "properties": { }, "geometry": { "type": "Polygon", "coordinates": [ [ [ 6.536975645961344, 62.480100105512655 ], [ 6.538278265524124, 62.481002844579372 ], [ 6.535425094114819, 62.480752320026717 ], [ 6.536975645961344, 62.480100105512655 ] ] ] } },
{ "type": "Feature", "properties": { }, "geometry": { "type": "Polygon", "coordinates": [ [ [ 6.534662435427567, 62.480059309043341 ], [ 6.535425094114819, 62.480752320026717 ], [ 6.534101994766443, 62.480792486664363 ], [ 6.534662435427567, 62.480059309043341 ] ] ] } },
{ "type": "Feature", "properties": { }, "geometry": { "type": "Polygon", "coordinates": [ [ [ 6.521634964932788, 62.478404186880354 ], [ 6.524490822718332, 62.479120335292599 ], [ 6.522711912945319, 62.47957664497735 ], [ 6.521634964932788, 62.478404186880354 ] ] ] } },
{ "type": "Feature", "properties": { }, "geometry": { "type": "Polygon", "coordinates": [ [ [ 6.521634964932788, 62.478404186880354 ], [ 6.522711912945319, 62.47957664497735 ], [ 6.521277876356153, 62.479166553827838 ], [ 6.521634964932788, 62.478404186880354 ] ] ] } },
{ "type": "Feature", "properties": { }, "geometry": { "type": "Polygon", "coordinates": [ [ [ 6.520048289261436, 62.478632915439086 ], [ 6.521634964932788, 62.478404186880354 ], [ 6.521277876356153, 62.479166553827838 ], [ 6.520048289261436, 62.478632915439086 ] ] ] } },
{ "type": "Feature", "properties": { }, "geometry": { "type": "Polygon", "coordinates": [ [ [ 6.52111429798933, 62.478042942480648 ], [ 6.521634964932788, 62.478404186880354 ], [ 6.520048289261436, 62.478632915439086 ], [ 6.52111429798933, 62.478042942480648 ] ] ] } },
{ "type": "Feature", "properties": { }, "geometry": { "type": "Polygon", "coordinates": [ [ [ 6.515270257194428, 62.479087917165813 ], [ 6.517167489904224, 62.479444899832295 ], [ 6.516535357850079, 62.480406466383634 ], [ 6.515270257194428, 62.479087917165813 ] ] ] } },
{ "type": "Feature", "properties": { }, "geometry": { "type": "Polygon", "coordinates": [ [ [ 6.434433953601393, 62.46877752824183 ], [ 6.437175978699555, 62.468854614167711 ], [ 6.435596562600304, 62.469508685434832 ], [ 6.434433953601393, 62.46877752824183 ] ] ] } },
{ "type": "Feature", "properties": { }, "geometry": { "type": "Polygon", "coordinates": [ [ [ 6.525745722484072, 62.480094686420721 ], [ 6.526047847631279, 62.480737236927098 ], [ 6.525277695866215, 62.480715584809538 ], [ 6.525745722484072, 62.480094686420721 ] ] ] } },
{ "type": "Feature", "properties": { }, "geometry": { "type": "Polygon", "coordinates": [ [ [ 6.433663412867515, 62.475419772897148 ], [ 6.433478581664578, 62.476156203311014 ], [ 6.432084065263375, 62.476298603997819 ], [ 6.433663412867515, 62.475419772897148 ] ] ] } },
{ "type": "Feature", "properties": { }, "geometry": { "type": "Polygon", "coordinates": [ [ [ 6.432084065263375, 62.476298603997819 ], [ 6.433478581664578, 62.476156203311014 ], [ 6.432505988115919, 62.47664012155186 ], [ 6.432084065263375, 62.476298603997819 ] ] ] } },
{ "type": "Feature", "properties": { }, "geometry": { "type": "Polygon", "coordinates": [ [ [ 6.432235867695983, 62.475083365023067 ], [ 6.432084065263375, 62.476298603997819 ], [ 6.429582974915451, 62.475909575723428 ], [ 6.432235867695983, 62.475083365023067 ] ] ] } },
{ "type": "Feature", "properties": { }, "geometry": { "type": "Polygon", "coordinates": [ [ [ 6.432235867695983, 62.475083365023067 ], [ 6.433663412867515, 62.475419772897148 ], [ 6.432084065263375, 62.476298603997819 ], [ 6.432235867695983, 62.475083365023067 ] ] ] } },
{ "type": "Feature", "properties": { }, "geometry": { "type": "Polygon", "coordinates": [ [ [ 6.530674187199218, 62.480355638202937 ], [ 6.531756895756834, 62.480476211555342 ], [ 6.531541952742203, 62.480981814664673 ], [ 6.530674187199218, 62.480355638202937 ] ] ] } },
{ "type": "Feature", "properties": { }, "geometry": { "type": "Polygon", "coordinates": [ [ [ 6.421088209346156, 62.476220349249303 ], [ 6.420941737255284, 62.476804298627471 ], [ 6.41996500633922, 62.476494947350204 ], [ 6.421088209346156, 62.476220349249303 ] ] ] } },
{ "type": "Feature", "properties": { }, "geometry": { "type": "Polygon", "coordinates": [ [ [ 6.560675026099402, 62.480142558123248 ], [ 6.561676055735219, 62.480841988685498 ], [ 6.560738657716424, 62.480980939156311 ], [ 6.560675026099402, 62.480142558123248 ] ] ] } },
{ "type": "Feature", "properties": { }, "geometry": { "type": "Polygon", "coordinates": [ [ [ 6.557987139626348, 62.479943382910029 ], [ 6.560738657716424, 62.480980939156311 ], [ 6.558487772889259, 62.481577223298217 ], [ 6.557987139626348, 62.479943382910029 ] ] ] } },
{ "type": "Feature", "properties": { }, "geometry": { "type": "Polygon", "coordinates": [ [ [ 6.557987139626348, 62.479943382910029 ], [ 6.560675026099402, 62.480142558123248 ], [ 6.560738657716424, 62.480980939156311 ], [ 6.557987139626348, 62.479943382910029 ] ] ] } },
{ "type": "Feature", "properties": { }, "geometry": { "type": "Polygon", "coordinates": [ [ [ 6.491196915223601, 62.481729784101432 ], [ 6.492116227082008, 62.481553186464382 ], [ 6.492304888480592, 62.482005403991877 ], [ 6.491196915223601, 62.481729784101432 ] ] ] } },
{ "type": "Feature", "properties": { }, "geometry": { "type": "Polygon", "coordinates": [ [ [ 6.493174390910633, 62.480860434141157 ], [ 6.497078321882535, 62.480970810535993 ], [ 6.494664625226148, 62.481687871596044 ], [ 6.493174390910633, 62.480860434141157 ] ] ] } },
{ "type": "Feature", "properties": { }, "geometry": { "type": "Polygon", "coordinates": [ [ [ 6.465709747878546, 62.480407526429573 ], [ 6.464366475308229, 62.480931968068482 ], [ 6.462770594326472, 62.480639611651071 ], [ 6.465709747878546, 62.480407526429573 ] ] ] } },
{ "type": "Feature", "properties": { }, "geometry": { "type": "Polygon", "coordinates": [ [ [ 6.429123121833249, 62.468176077262385 ], [ 6.430301028420844, 62.468431845744909 ], [ 6.428732558666204, 62.469270552304828 ], [ 6.429123121833249, 62.468176077262385 ] ] ] } },
{ "type": "Feature", "properties": { }, "geometry": { "type": "Polygon", "coordinates": [ [ [ 6.430301028420844, 62.468431845744909 ], [ 6.431654732379609, 62.469166769943158 ], [ 6.428732558666204, 62.469270552304828 ], [ 6.430301028420844, 62.468431845744909 ] ] ] } },
{ "type": "Feature", "properties": { }, "geometry": { "type": "Polygon", "coordinates": [ [ [ 6.440534032162383, 62.470068954582288 ], [ 6.442340917627937, 62.470723457301226 ], [ 6.438260034184085, 62.471062147562272 ], [ 6.440534032162383, 62.470068954582288 ] ] ] } },
{ "type": "Feature", "properties": { }, "geometry": { "type": "Polygon", "coordinates": [ [ [ 6.437572023024474, 62.470226172488921 ], [ 6.440534032162383, 62.470068954582288 ], [ 6.438260034184085, 62.471062147562272 ], [ 6.437572023024474, 62.470226172488921 ] ] ] } },
{ "type": "Feature", "properties": { }, "geometry": { "type": "Polygon", "coordinates": [ [ [ 6.439077697600275, 62.469665336268612 ], [ 6.440534032162383, 62.470068954582288 ], [ 6.437572023024474, 62.470226172488921 ], [ 6.439077697600275, 62.469665336268612 ] ] ] } },
{ "type": "Feature", "properties": { }, "geometry": { "type": "Polygon", "coordinates": [ [ [ 6.533106472178189, 62.480353306946249 ], [ 6.534662435427567, 62.480059309043341 ], [ 6.534101994766443, 62.480792486664363 ], [ 6.533106472178189, 62.480353306946249 ] ] ] } },
{ "type": "Feature", "properties": { }, "geometry": { "type": "Polygon", "coordinates": [ [ [ 6.524118601261449, 62.480335105736941 ], [ 6.525745722484072, 62.480094686420721 ], [ 6.525277695866215, 62.480715584809538 ], [ 6.524118601261449, 62.480335105736941 ] ] ] } },
{ "type": "Feature", "properties": { }, "geometry": { "type": "Polygon", "coordinates": [ [ [ 6.53167745769542, 62.479527812930328 ], [ 6.531756895756834, 62.480476211555342 ], [ 6.530674187199218, 62.480355638202937 ], [ 6.53167745769542, 62.479527812930328 ] ] ] } },
{ "type": "Feature", "properties": { }, "geometry": { "type": "Polygon", "coordinates": [ [ [ 6.527741410401039, 62.479679555434167 ], [ 6.530674187199218, 62.480355638202937 ], [ 6.528711399877753, 62.480587106875973 ], [ 6.527741410401039, 62.479679555434167 ] ] ] } },
{ "type": "Feature", "properties": { }, "geometry": { "type": "Polygon", "coordinates": [ [ [ 6.527741410401039, 62.479679555434167 ], [ 6.53167745769542, 62.479527812930328 ], [ 6.530674187199218, 62.480355638202937 ], [ 6.527741410401039, 62.479679555434167 ] ] ] } },
{ "type": "Feature", "properties": { }, "geometry": { "type": "Polygon", "coordinates": [ [ [ 6.564483043254462, 62.483199442067516 ], [ 6.565794186212643, 62.483373737214215 ], [ 6.565203002709125, 62.483997444025242 ], [ 6.564483043254462, 62.483199442067516 ] ] ] } },
{ "type": "Feature", "properties": { }, "geometry": { "type": "Polygon", "coordinates": [ [ [ 6.462323593354674, 62.479488093266959 ], [ 6.465709747878546, 62.480407526429573 ], [ 6.462770594326472, 62.480639611651071 ], [ 6.462323593354674, 62.479488093266959 ] ] ] } },
{ "type": "Feature", "properties": { }, "geometry": { "type": "Polygon", "coordinates": [ [ [ 6.462323593354674, 62.479488093266959 ], [ 6.462770594326472, 62.480639611651071 ], [ 6.461048672122534, 62.48040568789645 ], [ 6.462323593354674, 62.479488093266959 ] ] ] } },
{ "type": "Feature", "properties": { }, "geometry": { "type": "Polygon", "coordinates": [ [ [ 6.524490822718332, 62.479120335292599 ], [ 6.525745722484072, 62.480094686420721 ], [ 6.524118601261449, 62.480335105736941 ], [ 6.524490822718332, 62.479120335292599 ] ] ] } },
{ "type": "Feature", "properties": { }, "geometry": { "type": "Polygon", "coordinates": [ [ [ 6.522711912945319, 62.47957664497735 ], [ 6.524118601261449, 62.480335105736941 ], [ 6.522816759245483, 62.48051656932509 ], [ 6.522711912945319, 62.47957664497735 ] ] ] } },
{ "type": "Feature", "properties": { }, "geometry": { "type": "Polygon", "coordinates": [ [ [ 6.522711912945319, 62.47957664497735 ], [ 6.524490822718332, 62.479120335292599 ], [ 6.524118601261449, 62.480335105736941 ], [ 6.522711912945319, 62.47957664497735 ] ] ] } },
{ "type": "Feature", "properties": { }, "geometry": { "type": "Polygon", "coordinates": [ [ [ 6.433663412867515, 62.475419772897148 ], [ 6.434889740633531, 62.475896798082083 ], [ 6.433478581664578, 62.476156203311014 ], [ 6.433663412867515, 62.475419772897148 ] ] ] } },
{ "type": "Feature", "properties": { }, "geometry": { "type": "Polygon", "coordinates": [ [ [ 6.53167745769542, 62.479527812930328 ], [ 6.533106472178189, 62.480353306946249 ], [ 6.531756895756834, 62.480476211555342 ], [ 6.53167745769542, 62.479527812930328 ] ] ] } },
{ "type": "Feature", "properties": { }, "geometry": { "type": "Polygon", "coordinates": [ [ [ 6.524490822718332, 62.479120335292599 ], [ 6.527741410401039, 62.479679555434167 ], [ 6.525745722484072, 62.480094686420721 ], [ 6.524490822718332, 62.479120335292599 ] ] ] } },
{ "type": "Feature", "properties": { }, "geometry": { "type": "Polygon", "coordinates": [ [ [ 6.43867584985933, 62.475200585830791 ], [ 6.442179580542713, 62.475210100030111 ], [ 6.439452798468844, 62.476460912627395 ], [ 6.43867584985933, 62.475200585830791 ] ] ] } },
{ "type": "Feature", "properties": { }, "geometry": { "type": "Polygon", "coordinates": [ [ [ 6.442179580542713, 62.475210100030111 ], [ 6.442263561444616, 62.476411859126181 ], [ 6.439452798468844, 62.476460912627395 ], [ 6.442179580542713, 62.475210100030111 ] ] ] } },
{ "type": "Feature", "properties": { }, "geometry": { "type": "Polygon", "coordinates": [ [ [ 6.43867584985933, 62.475200585830791 ], [ 6.439452798468844, 62.476460912627395 ], [ 6.437168409150543, 62.47631010133361 ], [ 6.43867584985933, 62.475200585830791 ] ] ] } },
{ "type": "Feature", "properties": { }, "geometry": { "type": "Polygon", "coordinates": [ [ [ 6.533668471537687, 62.477567455480589 ], [ 6.534604784323564, 62.479175082801262 ], [ 6.53200740196274, 62.478402880522196 ], [ 6.533668471537687, 62.477567455480589 ] ] ] } },
{ "type": "Feature", "properties": { }, "geometry": { "type": "Polygon", "coordinates": [ [ [ 6.498010081946124, 62.476549227225554 ], [ 6.499334936431325, 62.477155954241582 ], [ 6.497856107741707, 62.47723436140879 ], [ 6.498010081946124, 62.476549227225554 ] ] ] } },
{ "type": "Feature", "properties": { }, "geometry": { "type": "Polygon", "coordinates": [ [ [ 6.392016571574146, 62.465613557538731 ], [ 6.392591144653792, 62.466197812547776 ], [ 6.391213449155666, 62.466124782563227 ], [ 6.392016571574146, 62.465613557538731 ] ] ] } },
{ "type": "Feature", "properties": { }, "geometry": { "type": "Polygon", "coordinates": [ [ [ 6.391213449155666, 62.466124782563227 ], [ 6.392591144653792, 62.466197812547776 ], [ 6.391908222508431, 62.466794707093108 ], [ 6.391213449155666, 62.466124782563227 ] ] ] } },
{ "type": "Feature", "properties": { }, "geometry": { "type": "Polygon", "coordinates": [ [ [ 6.391213449155666, 62.466124782563227 ], [ 6.391908222508431, 62.466794707093108 ], [ 6.390575572122937, 62.467069740134455 ], [ 6.391213449155666, 62.466124782563227 ] ] ] } },
{ "type": "Feature", "properties": { }, "geometry": { "type": "Polygon", "coordinates": [ [ [ 6.475231648468508, 62.480265116335502 ], [ 6.475540820581669, 62.481509445578389 ], [ 6.47370352717017, 62.481298973317081 ], [ 6.475231648468508, 62.480265116335502 ] ] ] } },
{ "type": "Feature", "properties": { }, "geometry": { "type": "Polygon", "coordinates": [ [ [ 6.472559398289811, 62.48046485649644 ], [ 6.475231648468508, 62.480265116335502 ], [ 6.47370352717017, 62.481298973317081 ], [ 6.472559398289811, 62.48046485649644 ] ] ] } },
{ "type": "Feature", "properties": { }, "geometry": { "type": "Polygon", "coordinates": [ [ [ 6.502006160103087, 62.482146736675517 ], [ 6.502450746327152, 62.482735562600084 ], [ 6.501269246919438, 62.482669016931581 ], [ 6.502006160103087, 62.482146736675517 ] ] ] } },
{ "type": "Feature", "properties": { }, "geometry": { "type": "Polygon", "coordinates": [ [ [ 6.501269246919438, 62.482669016931581 ], [ 6.502450746327152, 62.482735562600084 ], [ 6.501689622599799, 62.483158941554095 ], [ 6.501269246919438, 62.482669016931581 ] ] ] } },
{ "type": "Feature", "properties": { }, "geometry": { "type": "Polygon", "coordinates": [ [ [ 6.500079996705868, 62.48193734858949 ], [ 6.502006160103087, 62.482146736675517 ], [ 6.501269246919438, 62.482669016931581 ], [ 6.500079996705868, 62.48193734858949 ] ] ] } },
{ "type": "Feature", "properties": { }, "geometry": { "type": "Polygon", "coordinates": [ [ [ 6.445283317286275, 62.46991399830825 ], [ 6.446590929578651, 62.469850589154241 ], [ 6.446911630541981, 62.470454806898168 ], [ 6.445283317286275, 62.46991399830825 ] ] ] } },
{ "type": "Feature", "properties": { }, "geometry": { "type": "Polygon", "coordinates": [ [ [ 6.521277876356153, 62.479166553827838 ], [ 6.522711912945319, 62.47957664497735 ], [ 6.521547917877848, 62.48034846923855 ], [ 6.521277876356153, 62.479166553827838 ] ] ] } },
{ "type": "Feature", "properties": { }, "geometry": { "type": "Polygon", "coordinates": [ [ [ 6.522711912945319, 62.47957664497735 ], [ 6.522816759245483, 62.48051656932509 ], [ 6.521547917877848, 62.48034846923855 ], [ 6.522711912945319, 62.47957664497735 ] ] ] } },
{ "type": "Feature", "properties": { }, "geometry": { "type": "Polygon", "coordinates": [ [ [ 6.392591144653792, 62.466197812547776 ], [ 6.393904646420989, 62.465723938433499 ], [ 6.393360952873964, 62.466731766898036 ], [ 6.392591144653792, 62.466197812547776 ] ] ] } },
{ "type": "Feature", "properties": { }, "geometry": { "type": "Polygon", "coordinates": [ [ [ 6.392016571574146, 62.465613557538731 ], [ 6.393904646420989, 62.465723938433499 ], [ 6.392591144653792, 62.466197812547776 ], [ 6.392016571574146, 62.465613557538731 ] ] ] } },
{ "type": "Feature", "properties": { }, "geometry": { "type": "Polygon", "coordinates": [ [ [ 6.398119054748772, 62.468591621183648 ], [ 6.398952544001594, 62.469187898714338 ], [ 6.397696835425908, 62.469596002253716 ], [ 6.398119054748772, 62.468591621183648 ] ] ] } },
{ "type": "Feature", "properties": { }, "geometry": { "type": "Polygon", "coordinates": [ [ [ 6.398119054748772, 62.468591621183648 ], [ 6.397696835425908, 62.469596002253716 ], [ 6.396625264564711, 62.469345843830929 ], [ 6.398119054748772, 62.468591621183648 ] ] ] } },
{ "type": "Feature", "properties": { }, "geometry": { "type": "Polygon", "coordinates": [ [ [ 6.503860830585377, 62.481132066434974 ], [ 6.504200574804325, 62.481908041255387 ], [ 6.502409715651987, 62.481551619459466 ], [ 6.503860830585377, 62.481132066434974 ] ] ] } },
{ "type": "Feature", "properties": { }, "geometry": { "type": "Polygon", "coordinates": [ [ [ 6.411042491176659, 62.47260509129957 ], [ 6.414209067402276, 62.473258206930296 ], [ 6.412081608193896, 62.473496804112976 ], [ 6.411042491176659, 62.47260509129957 ] ] ] } },
{ "type": "Feature", "properties": { }, "geometry": { "type": "Polygon", "coordinates": [ [ [ 6.446911630541981, 62.470454806898168 ], [ 6.448165784298359, 62.470230935543434 ], [ 6.448716117840291, 62.470812696782609 ], [ 6.446911630541981, 62.470454806898168 ] ] ] } },
{ "type": "Feature", "properties": { }, "geometry": { "type": "Polygon", "coordinates": [ [ [ 6.401861292742222, 62.466481836839314 ], [ 6.40336391952668, 62.467640766851126 ], [ 6.401073757902591, 62.467217047435057 ], [ 6.401861292742222, 62.466481836839314 ] ] ] } },
{ "type": "Feature", "properties": { }, "geometry": { "type": "Polygon", "coordinates": [ [ [ 6.490625770133857, 62.476321231547459 ], [ 6.492581269306597, 62.476573153591751 ], [ 6.490033184129871, 62.47720493532259 ], [ 6.490625770133857, 62.476321231547459 ] ] ] } },
{ "type": "Feature", "properties": { }, "geometry": { "type": "Polygon", "coordinates": [ [ [ 6.487463204261511, 62.481743176939133 ], [ 6.487121472375611, 62.482760792913012 ], [ 6.486022589584681, 62.482528188569177 ], [ 6.487463204261511, 62.481743176939133 ] ] ] } },
{ "type": "Feature", "properties": { }, "geometry": { "type": "Polygon", "coordinates": [ [ [ 6.484631863386978, 62.481306275021957 ], [ 6.486022589584681, 62.482528188569177 ], [ 6.484342866609039, 62.482680777866385 ], [ 6.484631863386978, 62.481306275021957 ] ] ] } },
{ "type": "Feature", "properties": { }, "geometry": { "type": "Polygon", "coordinates": [ [ [ 6.484631863386978, 62.481306275021957 ], [ 6.487463204261511, 62.481743176939133 ], [ 6.486022589584681, 62.482528188569177 ], [ 6.484631863386978, 62.481306275021957 ] ] ] } },
{ "type": "Feature", "properties": { }, "geometry": { "type": "Polygon", "coordinates": [ [ [ 6.546863602733009, 62.483166566764432 ], [ 6.548560351496961, 62.482945229373051 ], [ 6.547878360021827, 62.483589611389704 ], [ 6.546863602733009, 62.483166566764432 ] ] ] } },
{ "type": "Feature", "properties": { }, "geometry": { "type": "Polygon", "coordinates": [ [ [ 6.547170978364612, 62.482168074833545 ], [ 6.548560351496961, 62.482945229373051 ], [ 6.546863602733009, 62.483166566764432 ], [ 6.547170978364612, 62.482168074833545 ] ] ] } },
{ "type": "Feature", "properties": { }, "geometry": { "type": "Polygon", "coordinates": [ [ [ 6.547170978364612, 62.482168074833545 ], [ 6.54970167809849, 62.481490357630491 ], [ 6.548560351496961, 62.482945229373051 ], [ 6.547170978364612, 62.482168074833545 ] ] ] } },
{ "type": "Feature", "properties": { }, "geometry": { "type": "Polygon", "coordinates": [ [ [ 6.496162428808848, 62.477442341087617 ], [ 6.497856107741707, 62.47723436140879 ], [ 6.498849536866222, 62.478221117063121 ], [ 6.496162428808848, 62.477442341087617 ] ] ] } },
{ "type": "Feature", "properties": { }, "geometry": { "type": "Polygon", "coordinates": [ [ [ 6.496162428808848, 62.477442341087617 ], [ 6.498849536866222, 62.478221117063121 ], [ 6.496813582156393, 62.479280438607304 ], [ 6.496162428808848, 62.477442341087617 ] ] ] } },
{ "type": "Feature", "properties": { }, "geometry": { "type": "Polygon", "coordinates": [ [ [ 6.496162428808848, 62.477442341087617 ], [ 6.496813582156393, 62.479280438607304 ], [ 6.494378895580776, 62.478419937211164 ], [ 6.496162428808848, 62.477442341087617 ] ] ] } },
{ "type": "Feature", "properties": { }, "geometry": { "type": "Polygon", "coordinates": [ [ [ 6.493812446012313, 62.477322025329606 ], [ 6.496162428808848, 62.477442341087617 ], [ 6.494378895580776, 62.478419937211164 ], [ 6.493812446012313, 62.477322025329606 ] ] ] } },
{ "type": "Feature", "properties": { }, "geometry": { "type": "Polygon", "coordinates": [ [ [ 6.492581269306597, 62.476573153591751 ], [ 6.493775247528044, 62.476709433953246 ], [ 6.493812446012313, 62.477322025329606 ], [ 6.492581269306597, 62.476573153591751 ] ] ] } },
{ "type": "Feature", "properties": { }, "geometry": { "type": "Polygon", "coordinates": [ [ [ 6.456899816536337, 62.472015364922989 ], [ 6.45840763650732, 62.471998058476082 ], [ 6.457701665611617, 62.472901450044851 ], [ 6.456899816536337, 62.472015364922989 ] ] ] } },
{ "type": "Feature", "properties": { }, "geometry": { "type": "Polygon", "coordinates": [ [ [ 6.456899816536337, 62.472015364922989 ], [ 6.457701665611617, 62.472901450044851 ], [ 6.454879609889672, 62.472577815728897 ], [ 6.456899816536337, 62.472015364922989 ] ] ] } },
{ "type": "Feature", "properties": { }, "geometry": { "type": "Polygon", "coordinates": [ [ [ 6.455967094036686, 62.471609674077378 ], [ 6.456899816536337, 62.472015364922989 ], [ 6.454879609889672, 62.472577815728897 ], [ 6.455967094036686, 62.471609674077378 ] ] ] } },
{ "type": "Feature", "properties": { }, "geometry": { "type": "Polygon", "coordinates": [ [ [ 6.450722712837166, 62.47125322687311 ], [ 6.452625425366858, 62.470974357558141 ], [ 6.452237665622322, 62.472069999062931 ], [ 6.450722712837166, 62.47125322687311 ] ] ] } },
{ "type": "Feature", "properties": { }, "geometry": { "type": "Polygon", "coordinates": [ [ [ 6.451422988904135, 62.470664888930514 ], [ 6.452625425366858, 62.470974357558141 ], [ 6.450722712837166, 62.47125322687311 ], [ 6.451422988904135, 62.470664888930514 ] ] ] } },
{ "type": "Feature", "properties": { }, "geometry": { "type": "Polygon", "coordinates": [ [ [ 6.504670565096544, 62.479905243618326 ], [ 6.50598407337217, 62.481183316268407 ], [ 6.503860830585377, 62.481132066434974 ], [ 6.504670565096544, 62.479905243618326 ] ] ] } },
{ "type": "Feature", "properties": { }, "geometry": { "type": "Polygon", "coordinates": [ [ [ 6.509413905266413, 62.477619637057565 ], [ 6.509642821702795, 62.478163625784525 ], [ 6.508600721072468, 62.477890507028818 ], [ 6.509413905266413, 62.477619637057565 ] ] ] } },
{ "type": "Feature", "properties": { }, "geometry": { "type": "Polygon", "coordinates": [ [ [ 6.508600721072468, 62.477890507028818 ], [ 6.509642821702795, 62.478163625784525 ], [ 6.5080754713063, 62.478881934549641 ], [ 6.508600721072468, 62.477890507028818 ] ] ] } },
{ "type": "Feature", "properties": { }, "geometry": { "type": "Polygon", "coordinates": [ [ [ 6.403462854625352, 62.469063774274794 ], [ 6.406853721999838, 62.469646415396106 ], [ 6.40430805281107, 62.470835802767816 ], [ 6.403462854625352, 62.469063774274794 ] ] ] } },
{ "type": "Feature", "properties": { }, "geometry": { "type": "Polygon", "coordinates": [ [ [ 6.406853721999838, 62.469646415396106 ], [ 6.406653849700861, 62.471318102072104 ], [ 6.40430805281107, 62.470835802767816 ], [ 6.406853721999838, 62.469646415396106 ] ] ] } },
{ "type": "Feature", "properties": { }, "geometry": { "type": "Polygon", "coordinates": [ [ [ 6.405142691031888, 62.466244514236827 ], [ 6.406184051642626, 62.466578373680505 ], [ 6.404999649137922, 62.466786308047531 ], [ 6.405142691031888, 62.466244514236827 ] ] ] } },
{ "type": "Feature", "properties": { }, "geometry": { "type": "Polygon", "coordinates": [ [ [ 6.404999649137922, 62.466786308047531 ], [ 6.406184051642626, 62.466578373680505 ], [ 6.406388132757587, 62.467654316645302 ], [ 6.404999649137922, 62.466786308047531 ] ] ] } },
{ "type": "Feature", "properties": { }, "geometry": { "type": "Polygon", "coordinates": [ [ [ 6.404999649137922, 62.466786308047531 ], [ 6.406388132757587, 62.467654316645302 ], [ 6.40336391952668, 62.467640766851126 ], [ 6.404999649137922, 62.466786308047531 ] ] ] } },
{ "type": "Feature", "properties": { }, "geometry": { "type": "Polygon", "coordinates": [ [ [ 6.394175853339851, 62.468165496519042 ], [ 6.396372676229451, 62.467931951557503 ], [ 6.395383973463118, 62.468869619960998 ], [ 6.394175853339851, 62.468165496519042 ] ] ] } },
{ "type": "Feature", "properties": { }, "geometry": { "type": "Polygon", "coordinates": [ [ [ 6.396372676229451, 62.467931951557503 ], [ 6.398119054748772, 62.468591621183648 ], [ 6.395383973463118, 62.468869619960998 ], [ 6.396372676229451, 62.467931951557503 ] ] ] } },
{ "type": "Feature", "properties": { }, "geometry": { "type": "Polygon", "coordinates": [ [ [ 6.395383973463118, 62.468869619960998 ], [ 6.398119054748772, 62.468591621183648 ], [ 6.396625264564711, 62.469345843830929 ], [ 6.395383973463118, 62.468869619960998 ] ] ] } },
{ "type": "Feature", "properties": { }, "geometry": { "type": "Polygon", "coordinates": [ [ [ 6.394175853339851, 62.468165496519042 ], [ 6.395383973463118, 62.468869619960998 ], [ 6.393569128469218, 62.469019698588525 ], [ 6.394175853339851, 62.468165496519042 ] ] ] } },
{ "type": "Feature", "properties": { }, "geometry": { "type": "Polygon", "coordinates": [ [ [ 6.558487772889259, 62.481577223298217 ], [ 6.558503908047436, 62.482777307802117 ], [ 6.555377091737058, 62.482944062927267 ], [ 6.558487772889259, 62.481577223298217 ] ] ] } },
{ "type": "Feature", "properties": { }, "geometry": { "type": "Polygon", "coordinates": [ [ [ 6.55436250535376, 62.481900785397563 ], [ 6.558487772889259, 62.481577223298217 ], [ 6.555377091737058, 62.482944062927267 ], [ 6.55436250535376, 62.481900785397563 ] ] ] } },
{ "type": "Feature", "properties": { }, "geometry": { "type": "Polygon", "coordinates": [ [ [ 6.497078321882535, 62.480970810535993 ], [ 6.500079996705868, 62.48193734858949 ], [ 6.498181903446149, 62.482195854679631 ], [ 6.497078321882535, 62.480970810535993 ] ] ] } },
{ "type": "Feature", "properties": { }, "geometry": { "type": "Polygon", "coordinates": [ [ [ 6.553091163226415, 62.480415335449855 ], [ 6.555712530506323, 62.48056443493072 ], [ 6.55436250535376, 62.481900785397563 ], [ 6.553091163226415, 62.480415335449855 ] ] ] } },
{ "type": "Feature", "properties": { }, "geometry": { "type": "Polygon", "coordinates": [ [ [ 6.553091163226415, 62.480415335449855 ], [ 6.55436250535376, 62.481900785397563 ], [ 6.551889999108049, 62.481895217281661 ], [ 6.553091163226415, 62.480415335449855 ] ] ] } },
{ "type": "Feature", "properties": { }, "geometry": { "type": "Polygon", "coordinates": [ [ [ 6.410804361653087, 62.465832859928604 ], [ 6.413866994566021, 62.466243904326923 ], [ 6.41043720362037, 62.468106037941062 ], [ 6.410804361653087, 62.465832859928604 ] ] ] } },
{ "type": "Feature", "properties": { }, "geometry": { "type": "Polygon", "coordinates": [ [ [ 6.407912219548733, 62.466572728538964 ], [ 6.410804361653087, 62.465832859928604 ], [ 6.41043720362037, 62.468106037941062 ], [ 6.407912219548733, 62.466572728538964 ] ] ] } },
{ "type": "Feature", "properties": { }, "geometry": { "type": "Polygon", "coordinates": [ [ [ 6.484676255343786, 62.474650056331399 ], [ 6.485850240110984, 62.474366627702167 ], [ 6.486491828935427, 62.475261312107378 ], [ 6.484676255343786, 62.474650056331399 ] ] ] } },
{ "type": "Feature", "properties": { }, "geometry": { "type": "Polygon", "coordinates": [ [ [ 6.490979994271433, 62.480887432613748 ], [ 6.491196915223601, 62.481729784101432 ], [ 6.489576208945377, 62.481391974652496 ], [ 6.490979994271433, 62.480887432613748 ] ] ] } },
{ "type": "Feature", "properties": { }, "geometry": { "type": "Polygon", "coordinates": [ [ [ 6.490979994271433, 62.480887432613748 ], [ 6.492116227082008, 62.481553186464382 ], [ 6.491196915223601, 62.481729784101432 ], [ 6.490979994271433, 62.480887432613748 ] ] ] } },
{ "type": "Feature", "properties": { }, "geometry": { "type": "Polygon", "coordinates": [ [ [ 6.462323593354674, 62.479488093266959 ], [ 6.467242279249707, 62.479292549793271 ], [ 6.465709747878546, 62.480407526429573 ], [ 6.462323593354674, 62.479488093266959 ] ] ] } },
{ "type": "Feature", "properties": { }, "geometry": { "type": "Polygon", "coordinates": [ [ [ 6.467242279249707, 62.479292549793271 ], [ 6.467302091575567, 62.48061364347209 ], [ 6.465709747878546, 62.480407526429573 ], [ 6.467242279249707, 62.479292549793271 ] ] ] } },
{ "type": "Feature", "properties": { }, "geometry": { "type": "Polygon", "coordinates": [ [ [ 6.465709747878546, 62.480407526429573 ], [ 6.467302091575567, 62.48061364347209 ], [ 6.466382998871363, 62.481259648543407 ], [ 6.465709747878546, 62.480407526429573 ] ] ] } },
{ "type": "Feature", "properties": { }, "geometry": { "type": "Polygon", "coordinates": [ [ [ 6.520048289261436, 62.478632915439086 ], [ 6.521277876356153, 62.479166553827838 ], [ 6.518733363830899, 62.479107695997563 ], [ 6.520048289261436, 62.478632915439086 ] ] ] } },
{ "type": "Feature", "properties": { }, "geometry": { "type": "Polygon", "coordinates": [ [ [ 6.499334936431325, 62.477155954241582 ], [ 6.500566531459614, 62.477476995297138 ], [ 6.498849536866222, 62.478221117063121 ], [ 6.499334936431325, 62.477155954241582 ] ] ] } },
{ "type": "Feature", "properties": { }, "geometry": { "type": "Polygon", "coordinates": [ [ [ 6.497856107741707, 62.47723436140879 ], [ 6.499334936431325, 62.477155954241582 ], [ 6.498849536866222, 62.478221117063121 ], [ 6.497856107741707, 62.47723436140879 ] ] ] } },
{ "type": "Feature", "properties": { }, "geometry": { "type": "Polygon", "coordinates": [ [ [ 6.393360952873964, 62.466731766898036 ], [ 6.394175853339851, 62.468165496519042 ], [ 6.391783653380129, 62.467711635176556 ], [ 6.393360952873964, 62.466731766898036 ] ] ] } },
{ "type": "Feature", "properties": { }, "geometry": { "type": "Polygon", "coordinates": [ [ [ 6.390575572122937, 62.467069740134455 ], [ 6.391783653380129, 62.467711635176556 ], [ 6.389166761951866, 62.467752619041178 ], [ 6.390575572122937, 62.467069740134455 ] ] ] } },
{ "type": "Feature", "properties": { }, "geometry": { "type": "Polygon", "coordinates": [ [ [ 6.390575572122937, 62.467069740134455 ], [ 6.391908222508431, 62.466794707093108 ], [ 6.391783653380129, 62.467711635176556 ], [ 6.390575572122937, 62.467069740134455 ] ] ] } },
{ "type": "Feature", "properties": { }, "geometry": { "type": "Polygon", "coordinates": [ [ [ 6.391908222508431, 62.466794707093108 ], [ 6.393360952873964, 62.466731766898036 ], [ 6.391783653380129, 62.467711635176556 ], [ 6.391908222508431, 62.466794707093108 ] ] ] } },
{ "type": "Feature", "properties": { }, "geometry": { "type": "Polygon", "coordinates": [ [ [ 6.473125755735047, 62.478868582473616 ], [ 6.472559398289811, 62.48046485649644 ], [ 6.470840261529129, 62.480092640386204 ], [ 6.473125755735047, 62.478868582473616 ] ] ] } },
{ "type": "Feature", "properties": { }, "geometry": { "type": "Polygon", "coordinates": [ [ [ 6.473125755735047, 62.478868582473616 ], [ 6.475231648468508, 62.480265116335502 ], [ 6.472559398289811, 62.48046485649644 ], [ 6.473125755735047, 62.478868582473616 ] ] ] } },
{ "type": "Feature", "properties": { }, "geometry": { "type": "Polygon", "coordinates": [ [ [ 6.475231648468508, 62.480265116335502 ], [ 6.478004057941536, 62.481393177832807 ], [ 6.475540820581669, 62.481509445578389 ], [ 6.475231648468508, 62.480265116335502 ] ] ] } },
{ "type": "Feature", "properties": { }, "geometry": { "type": "Polygon", "coordinates": [ [ [ 6.475540820581669, 62.481509445578389 ], [ 6.478004057941536, 62.481393177832807 ], [ 6.476768084947906, 62.48238589379212 ], [ 6.475540820581669, 62.481509445578389 ] ] ] } },
{ "type": "Feature", "properties": { }, "geometry": { "type": "Polygon", "coordinates": [ [ [ 6.445283317286275, 62.46991399830825 ], [ 6.446911630541981, 62.470454806898168 ], [ 6.444444665881798, 62.471146165038789 ], [ 6.445283317286275, 62.46991399830825 ] ] ] } },
{ "type": "Feature", "properties": { }, "geometry": { "type": "Polygon", "coordinates": [ [ [ 6.44376875430249, 62.469892752749189 ], [ 6.445283317286275, 62.46991399830825 ], [ 6.444444665881798, 62.471146165038789 ], [ 6.44376875430249, 62.469892752749189 ] ] ] } },
{ "type": "Feature", "properties": { }, "geometry": { "type": "Polygon", "coordinates": [ [ [ 6.467302091575567, 62.48061364347209 ], [ 6.469012512781791, 62.480329408551597 ], [ 6.468507710574565, 62.481137249073598 ], [ 6.467302091575567, 62.48061364347209 ] ] ] } },
{ "type": "Feature", "properties": { }, "geometry": { "type": "Polygon", "coordinates": [ [ [ 6.446911630541981, 62.470454806898168 ], [ 6.448716117840291, 62.470812696782609 ], [ 6.446838402766246, 62.471687450133203 ], [ 6.446911630541981, 62.470454806898168 ] ] ] } },
{ "type": "Feature", "properties": { }, "geometry": { "type": "Polygon", "coordinates": [ [ [ 6.446911630541981, 62.470454806898168 ], [ 6.446838402766246, 62.471687450133203 ], [ 6.444444665881798, 62.471146165038789 ], [ 6.446911630541981, 62.470454806898168 ] ] ] } },
{ "type": "Feature", "properties": { }, "geometry": { "type": "Polygon", "coordinates": [ [ [ 6.448716117840291, 62.470812696782609 ], [ 6.450722712837166, 62.47125322687311 ], [ 6.449971465358867, 62.471827939911073 ], [ 6.448716117840291, 62.470812696782609 ] ] ] } },
{ "type": "Feature", "properties": { }, "geometry": { "type": "Polygon", "coordinates": [ [ [ 6.448716117840291, 62.470812696782609 ], [ 6.449971465358867, 62.471827939911073 ], [ 6.446838402766246, 62.471687450133203 ], [ 6.448716117840291, 62.470812696782609 ] ] ] } },
{ "type": "Feature", "properties": { }, "geometry": { "type": "Polygon", "coordinates": [ [ [ 6.401073757902591, 62.467217047435057 ], [ 6.40336391952668, 62.467640766851126 ], [ 6.400474869713259, 62.468308954582795 ], [ 6.401073757902591, 62.467217047435057 ] ] ] } },
{ "type": "Feature", "properties": { }, "geometry": { "type": "Polygon", "coordinates": [ [ [ 6.398458371345316, 62.467017023040313 ], [ 6.401073757902591, 62.467217047435057 ], [ 6.400474869713259, 62.468308954582795 ], [ 6.398458371345316, 62.467017023040313 ] ] ] } },
{ "type": "Feature", "properties": { }, "geometry": { "type": "Polygon", "coordinates": [ [ [ 6.492581269306597, 62.476573153591751 ], [ 6.493812446012313, 62.477322025329606 ], [ 6.492656198953465, 62.477620801267342 ], [ 6.492581269306597, 62.476573153591751 ] ] ] } },
{ "type": "Feature", "properties": { }, "geometry": { "type": "Polygon", "coordinates": [ [ [ 6.492581269306597, 62.476573153591751 ], [ 6.492656198953465, 62.477620801267342 ], [ 6.490033184129871, 62.47720493532259 ], [ 6.492581269306597, 62.476573153591751 ] ] ] } },
{ "type": "Feature", "properties": { }, "geometry": { "type": "Polygon", "coordinates": [ [ [ 6.534604784323564, 62.479175082801262 ], [ 6.536975645961344, 62.480100105512655 ], [ 6.534662435427567, 62.480059309043341 ], [ 6.534604784323564, 62.479175082801262 ] ] ] } },
{ "type": "Feature", "properties": { }, "geometry": { "type": "Polygon", "coordinates": [ [ [ 6.45840763650732, 62.471998058476082 ], [ 6.459721260851089, 62.471813942205202 ], [ 6.459769646163409, 62.472983833355066 ], [ 6.45840763650732, 62.471998058476082 ] ] ] } },
{ "type": "Feature", "properties": { }, "geometry": { "type": "Polygon", "coordinates": [ [ [ 6.45840763650732, 62.471998058476082 ], [ 6.459769646163409, 62.472983833355066 ], [ 6.457701665611617, 62.472901450044851 ], [ 6.45840763650732, 62.471998058476082 ] ] ] } },
{ "type": "Feature", "properties": { }, "geometry": { "type": "Polygon", "coordinates": [ [ [ 6.558503908047436, 62.482777307802117 ], [ 6.560364933054462, 62.483549028901578 ], [ 6.558617732266952, 62.484019667586416 ], [ 6.558503908047436, 62.482777307802117 ] ] ] } },
{ "type": "Feature", "properties": { }, "geometry": { "type": "Polygon", "coordinates": [ [ [ 6.504894461213174, 62.478231611269365 ], [ 6.506153476042445, 62.478903968000161 ], [ 6.504670565096544, 62.479905243618326 ], [ 6.504894461213174, 62.478231611269365 ] ] ] } },
{ "type": "Feature", "properties": { }, "geometry": { "type": "Polygon", "coordinates": [ [ [ 6.501883695879231, 62.478807521773632 ], [ 6.504894461213174, 62.478231611269365 ], [ 6.504670565096544, 62.479905243618326 ], [ 6.501883695879231, 62.478807521773632 ] ] ] } },
{ "type": "Feature", "properties": { }, "geometry": { "type": "Polygon", "coordinates": [ [ [ 6.503224863054795, 62.477833952590224 ], [ 6.504894461213174, 62.478231611269365 ], [ 6.501883695879231, 62.478807521773632 ], [ 6.503224863054795, 62.477833952590224 ] ] ] } },
{ "type": "Feature", "properties": { }, "geometry": { "type": "Polygon", "coordinates": [ [ [ 6.482376706414808, 62.475026129629953 ], [ 6.484676255343786, 62.474650056331399 ], [ 6.484259616604366, 62.475798224514953 ], [ 6.482376706414808, 62.475026129629953 ] ] ] } },
{ "type": "Feature", "properties": { }, "geometry": { "type": "Polygon", "coordinates": [ [ [ 6.484676255343786, 62.474650056331399 ], [ 6.486491828935427, 62.475261312107378 ], [ 6.484259616604366, 62.475798224514953 ], [ 6.484676255343786, 62.474650056331399 ] ] ] } },
{ "type": "Feature", "properties": { }, "geometry": { "type": "Polygon", "coordinates": [ [ [ 6.560503774146663, 62.479463305203794 ], [ 6.560675026099402, 62.480142558123248 ], [ 6.557987139626348, 62.479943382910029 ], [ 6.560503774146663, 62.479463305203794 ] ] ] } },
{ "type": "Feature", "properties": { }, "geometry": { "type": "Polygon", "coordinates": [ [ [ 6.490979994271433, 62.480887432613748 ], [ 6.493174390910633, 62.480860434141157 ], [ 6.492116227082008, 62.481553186464382 ], [ 6.490979994271433, 62.480887432613748 ] ] ] } },
{ "type": "Feature", "properties": { }, "geometry": { "type": "Polygon", "coordinates": [ [ [ 6.467242279249707, 62.479292549793271 ], [ 6.469012512781791, 62.480329408551597 ], [ 6.467302091575567, 62.48061364347209 ], [ 6.467242279249707, 62.479292549793271 ] ] ] } },
{ "type": "Feature", "properties": { }, "geometry": { "type": "Polygon", "coordinates": [ [ [ 6.459721260851089, 62.471813942205202 ], [ 6.461840429623117, 62.472299263800984 ], [ 6.459769646163409, 62.472983833355066 ], [ 6.459721260851089, 62.471813942205202 ] ] ] } },
{ "type": "Feature", "properties": { }, "geometry": { "type": "Polygon", "coordinates": [ [ [ 6.510833345160112, 62.478223932811439 ], [ 6.513210604167195, 62.478511588125279 ], [ 6.511738521099725, 62.478997222738556 ], [ 6.510833345160112, 62.478223932811439 ] ] ] } },
{ "type": "Feature", "properties": { }, "geometry": { "type": "Polygon", "coordinates": [ [ [ 6.510833345160112, 62.478223932811439 ], [ 6.511738521099725, 62.478997222738556 ], [ 6.510115079650097, 62.478713744559712 ], [ 6.510833345160112, 62.478223932811439 ] ] ] } },
{ "type": "Feature", "properties": { }, "geometry": { "type": "Polygon", "coordinates": [ [ [ 6.509642821702795, 62.478163625784525 ], [ 6.510833345160112, 62.478223932811439 ], [ 6.510115079650097, 62.478713744559712 ], [ 6.509642821702795, 62.478163625784525 ] ] ] } },
{ "type": "Feature", "properties": { }, "geometry": { "type": "Polygon", "coordinates": [ [ [ 6.491995480457372, 62.479451942981527 ], [ 6.493174390910633, 62.480860434141157 ], [ 6.490979994271433, 62.480887432613748 ], [ 6.491995480457372, 62.479451942981527 ] ] ] } },
{ "type": "Feature", "properties": { }, "geometry": { "type": "Polygon", "coordinates": [ [ [ 6.488345172210865, 62.479988238936308 ], [ 6.490979994271433, 62.480887432613748 ], [ 6.489576208945377, 62.481391974652496 ], [ 6.488345172210865, 62.479988238936308 ] ] ] } },
{ "type": "Feature", "properties": { }, "geometry": { "type": "Polygon", "coordinates": [ [ [ 6.488345172210865, 62.479988238936308 ], [ 6.491995480457372, 62.479451942981527 ], [ 6.490979994271433, 62.480887432613748 ], [ 6.488345172210865, 62.479988238936308 ] ] ] } },
{ "type": "Feature", "properties": { }, "geometry": { "type": "Polygon", "coordinates": [ [ [ 6.467242279249707, 62.479292549793271 ], [ 6.469402370531588, 62.479344883365791 ], [ 6.469012512781791, 62.480329408551597 ], [ 6.467242279249707, 62.479292549793271 ] ] ] } },
{ "type": "Feature", "properties": { }, "geometry": { "type": "Polygon", "coordinates": [ [ [ 6.469402370531588, 62.479344883365791 ], [ 6.470840261529129, 62.480092640386204 ], [ 6.469012512781791, 62.480329408551597 ], [ 6.469402370531588, 62.479344883365791 ] ] ] } },
{ "type": "Feature", "properties": { }, "geometry": { "type": "Polygon", "coordinates": [ [ [ 6.509642821702795, 62.478163625784525 ], [ 6.510115079650097, 62.478713744559712 ], [ 6.5080754713063, 62.478881934549641 ], [ 6.509642821702795, 62.478163625784525 ] ] ] } },
{ "type": "Feature", "properties": { }, "geometry": { "type": "Polygon", "coordinates": [ [ [ 6.496813582156393, 62.479280438607304 ], [ 6.497078321882535, 62.480970810535993 ], [ 6.493174390910633, 62.480860434141157 ], [ 6.496813582156393, 62.479280438607304 ] ] ] } },
{ "type": "Feature", "properties": { }, "geometry": { "type": "Polygon", "coordinates": [ [ [ 6.491995480457372, 62.479451942981527 ], [ 6.496813582156393, 62.479280438607304 ], [ 6.493174390910633, 62.480860434141157 ], [ 6.491995480457372, 62.479451942981527 ] ] ] } },
{ "type": "Feature", "properties": { }, "geometry": { "type": "Polygon", "coordinates": [ [ [ 6.486491828935427, 62.475261312107378 ], [ 6.488053028234279, 62.475960756484383 ], [ 6.486052382769318, 62.476399025577095 ], [ 6.486491828935427, 62.475261312107378 ] ] ] } },
{ "type": "Feature", "properties": { }, "geometry": { "type": "Polygon", "coordinates": [ [ [ 6.486491828935427, 62.475261312107378 ], [ 6.486052382769318, 62.476399025577095 ], [ 6.484259616604366, 62.475798224514953 ], [ 6.486491828935427, 62.475261312107378 ] ] ] } },
{ "type": "Feature", "properties": { }, "geometry": { "type": "Polygon", "coordinates": [ [ [ 6.407594944806511, 62.47267338465624 ], [ 6.408788124208423, 62.472969268365809 ], [ 6.407570473274576, 62.473266985190691 ], [ 6.407594944806511, 62.47267338465624 ] ] ] } },
{ "type": "Feature", "properties": { }, "geometry": { "type": "Polygon", "coordinates": [ [ [ 6.478004057941536, 62.481393177832807 ], [ 6.478492288064074, 62.482516341875872 ], [ 6.476768084947906, 62.48238589379212 ], [ 6.478004057941536, 62.481393177832807 ] ] ] } },
{ "type": "Feature", "properties": { }, "geometry": { "type": "Polygon", "coordinates": [ [ [ 6.478004057941536, 62.481393177832807 ], [ 6.480790605893855, 62.481745070220185 ], [ 6.478492288064074, 62.482516341875872 ], [ 6.478004057941536, 62.481393177832807 ] ] ] } },
{ "type": "Feature", "properties": { }, "geometry": { "type": "Polygon", "coordinates": [ [ [ 6.417330587563895, 62.467912045407246 ], [ 6.41943402448987, 62.467921804757502 ], [ 6.420113793000371, 62.468848387707801 ], [ 6.417330587563895, 62.467912045407246 ] ] ] } },
{ "type": "Feature", "properties": { }, "geometry": { "type": "Polygon", "coordinates": [ [ [ 6.422552052985584, 62.467904247571731 ], [ 6.4250038467251, 62.468176082168327 ], [ 6.422138703674102, 62.469129464270949 ], [ 6.422552052985584, 62.467904247571731 ] ] ] } },
{ "type": "Feature", "properties": { }, "geometry": { "type": "Polygon", "coordinates": [ [ [ 6.546451053004723, 62.480233021333007 ], [ 6.547594373598019, 62.480869131433948 ], [ 6.545426746054266, 62.480973193707086 ], [ 6.546451053004723, 62.480233021333007 ] ] ] } },
{ "type": "Feature", "properties": { }, "geometry": { "type": "Polygon", "coordinates": [ [ [ 6.544770134263204, 62.480148460426655 ], [ 6.546451053004723, 62.480233021333007 ], [ 6.545426746054266, 62.480973193707086 ], [ 6.544770134263204, 62.480148460426655 ] ] ] } },
{ "type": "Feature", "properties": { }, "geometry": { "type": "Polygon", "coordinates": [ [ [ 6.414209067402276, 62.473258206930296 ], [ 6.416699673609341, 62.473793312484297 ], [ 6.414290340915908, 62.474402976188394 ], [ 6.414209067402276, 62.473258206930296 ] ] ] } },
{ "type": "Feature", "properties": { }, "geometry": { "type": "Polygon", "coordinates": [ [ [ 6.543985784281538, 62.481654953999673 ], [ 6.547170978364612, 62.482168074833545 ], [ 6.545234636008446, 62.482631262215747 ], [ 6.543985784281538, 62.481654953999673 ] ] ] } },
{ "type": "Feature", "properties": { }, "geometry": { "type": "Polygon", "coordinates": [ [ [ 6.545234636008446, 62.482631262215747 ], [ 6.547170978364612, 62.482168074833545 ], [ 6.546863602733009, 62.483166566764432 ], [ 6.545234636008446, 62.482631262215747 ] ] ] } },
{ "type": "Feature", "properties": { }, "geometry": { "type": "Polygon", "coordinates": [ [ [ 6.479362241421998, 62.474102075474072 ], [ 6.481506339518703, 62.473766332760079 ], [ 6.482376706414808, 62.475026129629953 ], [ 6.479362241421998, 62.474102075474072 ] ] ] } },
{ "type": "Feature", "properties": { }, "geometry": { "type": "Polygon", "coordinates": [ [ [ 6.513210604167195, 62.478511588125279 ], [ 6.51476102920749, 62.478081330346036 ], [ 6.515270257194428, 62.479087917165813 ], [ 6.513210604167195, 62.478511588125279 ] ] ] } },
{ "type": "Feature", "properties": { }, "geometry": { "type": "Polygon", "coordinates": [ [ [ 6.476157318136047, 62.473651253481755 ], [ 6.477314884414444, 62.474548842687966 ], [ 6.475132023521685, 62.474543137438644 ], [ 6.476157318136047, 62.473651253481755 ] ] ] } },
{ "type": "Feature", "properties": { }, "geometry": { "type": "Polygon", "coordinates": [ [ [ 6.419433467576195, 62.473674102428561 ], [ 6.41969043274633, 62.475125892103712 ], [ 6.418013389641471, 62.474974059102692 ], [ 6.419433467576195, 62.473674102428561 ] ] ] } },
{ "type": "Feature", "properties": { }, "geometry": { "type": "Polygon", "coordinates": [ [ [ 6.418013389641471, 62.474974059102692 ], [ 6.41969043274633, 62.475125892103712 ], [ 6.418323065991677, 62.475600223501587 ], [ 6.418013389641471, 62.474974059102692 ] ] ] } },
{ "type": "Feature", "properties": { }, "geometry": { "type": "Polygon", "coordinates": [ [ [ 6.416699673609341, 62.473793312484297 ], [ 6.419433467576195, 62.473674102428561 ], [ 6.418013389641471, 62.474974059102692 ], [ 6.416699673609341, 62.473793312484297 ] ] ] } },
{ "type": "Feature", "properties": { }, "geometry": { "type": "Polygon", "coordinates": [ [ [ 6.469983307930834, 62.473556701693973 ], [ 6.471927670874515, 62.474154768579751 ], [ 6.468664593900106, 62.475450970777288 ], [ 6.469983307930834, 62.473556701693973 ] ] ] } },
{ "type": "Feature", "properties": { }, "geometry": { "type": "Polygon", "coordinates": [ [ [ 6.467032721890583, 62.473022056222462 ], [ 6.469983307930834, 62.473556701693973 ], [ 6.468664593900106, 62.475450970777288 ], [ 6.467032721890583, 62.473022056222462 ] ] ] } },
{ "type": "Feature", "properties": { }, "geometry": { "type": "Polygon", "coordinates": [ [ [ 6.517214016850398, 62.478789332145354 ], [ 6.518733363830899, 62.479107695997563 ], [ 6.517167489904224, 62.479444899832295 ], [ 6.517214016850398, 62.478789332145354 ] ] ] } },
{ "type": "Feature", "properties": { }, "geometry": { "type": "Polygon", "coordinates": [ [ [ 6.517214016850398, 62.478789332145354 ], [ 6.517167489904224, 62.479444899832295 ], [ 6.515270257194428, 62.479087917165813 ], [ 6.517214016850398, 62.478789332145354 ] ] ] } },
{ "type": "Feature", "properties": { }, "geometry": { "type": "Polygon", "coordinates": [ [ [ 6.435596562600304, 62.469508685434832 ], [ 6.437572023024474, 62.470226172488921 ], [ 6.434777029364815, 62.471197602339089 ], [ 6.435596562600304, 62.469508685434832 ] ] ] } },
{ "type": "Feature", "properties": { }, "geometry": { "type": "Polygon", "coordinates": [ [ [ 6.432215069246017, 62.470097092522025 ], [ 6.435596562600304, 62.469508685434832 ], [ 6.434777029364815, 62.471197602339089 ], [ 6.432215069246017, 62.470097092522025 ] ] ] } },
{ "type": "Feature", "properties": { }, "geometry": { "type": "Polygon", "coordinates": [ [ [ 6.434433953601393, 62.46877752824183 ], [ 6.435596562600304, 62.469508685434832 ], [ 6.432215069246017, 62.470097092522025 ], [ 6.434433953601393, 62.46877752824183 ] ] ] } },
{ "type": "Feature", "properties": { }, "geometry": { "type": "Polygon", "coordinates": [ [ [ 6.421088209346156, 62.476220349249303 ], [ 6.423073128777768, 62.476716902050484 ], [ 6.420941737255284, 62.476804298627471 ], [ 6.421088209346156, 62.476220349249303 ] ] ] } },
{ "type": "Feature", "properties": { }, "geometry": { "type": "Polygon", "coordinates": [ [ [ 6.42695515555372, 62.46808309911448 ], [ 6.429123121833249, 62.468176077262385 ], [ 6.428732558666204, 62.469270552304828 ], [ 6.42695515555372, 62.46808309911448 ] ] ] } },
{ "type": "Feature", "properties": { }, "geometry": { "type": "Polygon", "coordinates": [ [ [ 6.53167745769542, 62.479527812930328 ], [ 6.534604784323564, 62.479175082801262 ], [ 6.533106472178189, 62.480353306946249 ], [ 6.53167745769542, 62.479527812930328 ] ] ] } },
{ "type": "Feature", "properties": { }, "geometry": { "type": "Polygon", "coordinates": [ [ [ 6.534604784323564, 62.479175082801262 ], [ 6.534662435427567, 62.480059309043341 ], [ 6.533106472178189, 62.480353306946249 ], [ 6.534604784323564, 62.479175082801262 ] ] ] } },
{ "type": "Feature", "properties": { }, "geometry": { "type": "Polygon", "coordinates": [ [ [ 6.527054125349374, 62.478143374953419 ], [ 6.527741410401039, 62.479679555434167 ], [ 6.524490822718332, 62.479120335292599 ], [ 6.527054125349374, 62.478143374953419 ] ] ] } },
{ "type": "Feature", "properties": { }, "geometry": { "type": "Polygon", "coordinates": [ [ [ 6.502409715651987, 62.481551619459466 ], [ 6.502006160103087, 62.482146736675517 ], [ 6.500079996705868, 62.48193734858949 ], [ 6.502409715651987, 62.481551619459466 ] ] ] } },
{ "type": "Feature", "properties": { }, "geometry": { "type": "Polygon", "coordinates": [ [ [ 6.501596250540827, 62.480202161714949 ], [ 6.502409715651987, 62.481551619459466 ], [ 6.500079996705868, 62.48193734858949 ], [ 6.501596250540827, 62.480202161714949 ] ] ] } },
{ "type": "Feature", "properties": { }, "geometry": { "type": "Polygon", "coordinates": [ [ [ 6.501596250540827, 62.480202161714949 ], [ 6.503860830585377, 62.481132066434974 ], [ 6.502409715651987, 62.481551619459466 ], [ 6.501596250540827, 62.480202161714949 ] ] ] } },
{ "type": "Feature", "properties": { }, "geometry": { "type": "Polygon", "coordinates": [ [ [ 6.410225223216897, 62.471911551637952 ], [ 6.413290101074705, 62.471587733264322 ], [ 6.411042491176659, 62.47260509129957 ], [ 6.410225223216897, 62.471911551637952 ] ] ] } },
{ "type": "Feature", "properties": { }, "geometry": { "type": "Polygon", "coordinates": [ [ [ 6.413290101074705, 62.471587733264322 ], [ 6.414209067402276, 62.473258206930296 ], [ 6.411042491176659, 62.47260509129957 ], [ 6.413290101074705, 62.471587733264322 ] ] ] } },
{ "type": "Feature", "properties": { }, "geometry": { "type": "Polygon", "coordinates": [ [ [ 6.40876829496507, 62.472323083275832 ], [ 6.411042491176659, 62.47260509129957 ], [ 6.408788124208423, 62.472969268365809 ], [ 6.40876829496507, 62.472323083275832 ] ] ] } },
{ "type": "Feature", "properties": { }, "geometry": { "type": "Polygon", "coordinates": [ [ [ 6.410225223216897, 62.471911551637952 ], [ 6.411042491176659, 62.47260509129957 ], [ 6.40876829496507, 62.472323083275832 ], [ 6.410225223216897, 62.471911551637952 ] ] ] } },
{ "type": "Feature", "properties": { }, "geometry": { "type": "Polygon", "coordinates": [ [ [ 6.480790605893855, 62.481745070220185 ], [ 6.484631863386978, 62.481306275021957 ], [ 6.484342866609039, 62.482680777866385 ], [ 6.480790605893855, 62.481745070220185 ] ] ] } },
{ "type": "Feature", "properties": { }, "geometry": { "type": "Polygon", "coordinates": [ [ [ 6.393360952873964, 62.466731766898036 ], [ 6.396506494099619, 62.466661181995143 ], [ 6.396372676229451, 62.467931951557503 ], [ 6.393360952873964, 62.466731766898036 ] ] ] } },
{ "type": "Feature", "properties": { }, "geometry": { "type": "Polygon", "coordinates": [ [ [ 6.393360952873964, 62.466731766898036 ], [ 6.396372676229451, 62.467931951557503 ], [ 6.394175853339851, 62.468165496519042 ], [ 6.393360952873964, 62.466731766898036 ] ] ] } },
{ "type": "Feature", "properties": { }, "geometry": { "type": "Polygon", "coordinates": [ [ [ 6.392591144653792, 62.466197812547776 ], [ 6.393360952873964, 62.466731766898036 ], [ 6.391908222508431, 62.466794707093108 ], [ 6.392591144653792, 62.466197812547776 ] ] ] } },
{ "type": "Feature", "properties": { }, "geometry": { "type": "Polygon", "coordinates": [ [ [ 6.44376875430249, 62.469892752749189 ], [ 6.444444665881798, 62.471146165038789 ], [ 6.442340917627937, 62.470723457301226 ], [ 6.44376875430249, 62.469892752749189 ] ] ] } },
{ "type": "Feature", "properties": { }, "geometry": { "type": "Polygon", "coordinates": [ [ [ 6.488345172210865, 62.479988238936308 ], [ 6.487463204261511, 62.481743176939133 ], [ 6.484631863386978, 62.481306275021957 ], [ 6.488345172210865, 62.479988238936308 ] ] ] } },
{ "type": "Feature", "properties": { }, "geometry": { "type": "Polygon", "coordinates": [ [ [ 6.488345172210865, 62.479988238936308 ], [ 6.489576208945377, 62.481391974652496 ], [ 6.487463204261511, 62.481743176939133 ], [ 6.488345172210865, 62.479988238936308 ] ] ] } },
{ "type": "Feature", "properties": { }, "geometry": { "type": "Polygon", "coordinates": [ [ [ 6.510115079650097, 62.478713744559712 ], [ 6.511738521099725, 62.478997222738556 ], [ 6.510136398985305, 62.479305598719044 ], [ 6.510115079650097, 62.478713744559712 ] ] ] } },
{ "type": "Feature", "properties": { }, "geometry": { "type": "Polygon", "coordinates": [ [ [ 6.508922879068693, 62.479284436424606 ], [ 6.510136398985305, 62.479305598719044 ], [ 6.50953256820579, 62.479770418803724 ], [ 6.508922879068693, 62.479284436424606 ] ] ] } },
{ "type": "Feature", "properties": { }, "geometry": { "type": "Polygon", "coordinates": [ [ [ 6.510115079650097, 62.478713744559712 ], [ 6.510136398985305, 62.479305598719044 ], [ 6.508922879068693, 62.479284436424606 ], [ 6.510115079650097, 62.478713744559712 ] ] ] } },
{ "type": "Feature", "properties": { }, "geometry": { "type": "Polygon", "coordinates": [ [ [ 6.490033184129871, 62.47720493532259 ], [ 6.492656198953465, 62.477620801267342 ], [ 6.488284282056796, 62.478479065455673 ], [ 6.490033184129871, 62.47720493532259 ] ] ] } },
{ "type": "Feature", "properties": { }, "geometry": { "type": "Polygon", "coordinates": [ [ [ 6.487872938344393, 62.476981679387002 ], [ 6.490033184129871, 62.47720493532259 ], [ 6.488284282056796, 62.478479065455673 ], [ 6.487872938344393, 62.476981679387002 ] ] ] } },
{ "type": "Feature", "properties": { }, "geometry": { "type": "Polygon", "coordinates": [ [ [ 6.40876829496507, 62.472323083275832 ], [ 6.408788124208423, 62.472969268365809 ], [ 6.407594944806511, 62.47267338465624 ], [ 6.40876829496507, 62.472323083275832 ] ] ] } },
{ "type": "Feature", "properties": { }, "geometry": { "type": "Polygon", "coordinates": [ [ [ 6.417330587563895, 62.467912045407246 ], [ 6.420113793000371, 62.468848387707801 ], [ 6.41597531369792, 62.470352396727939 ], [ 6.417330587563895, 62.467912045407246 ] ] ] } },
{ "type": "Feature", "properties": { }, "geometry": { "type": "Polygon", "coordinates": [ [ [ 6.414347244759144, 62.468770341568451 ], [ 6.417330587563895, 62.467912045407246 ], [ 6.41597531369792, 62.470352396727939 ], [ 6.414347244759144, 62.468770341568451 ] ] ] } },
{ "type": "Feature", "properties": { }, "geometry": { "type": "Polygon", "coordinates": [ [ [ 6.415922055975101, 62.467316929590098 ], [ 6.417330587563895, 62.467912045407246 ], [ 6.414347244759144, 62.468770341568451 ], [ 6.415922055975101, 62.467316929590098 ] ] ] } },
{ "type": "Feature", "properties": { }, "geometry": { "type": "Polygon", "coordinates": [ [ [ 6.413290101074705, 62.471587733264322 ], [ 6.416937213973789, 62.472047271377264 ], [ 6.414209067402276, 62.473258206930296 ], [ 6.413290101074705, 62.471587733264322 ] ] ] } },
{ "type": "Feature", "properties": { }, "geometry": { "type": "Polygon", "coordinates": [ [ [ 6.416937213973789, 62.472047271377264 ], [ 6.416699673609341, 62.473793312484297 ], [ 6.414209067402276, 62.473258206930296 ], [ 6.416937213973789, 62.472047271377264 ] ] ] } },
{ "type": "Feature", "properties": { }, "geometry": { "type": "Polygon", "coordinates": [ [ [ 6.477314884414444, 62.474548842687966 ], [ 6.479362241421998, 62.474102075474072 ], [ 6.479533045581995, 62.475497870097257 ], [ 6.477314884414444, 62.474548842687966 ] ] ] } },
{ "type": "Feature", "properties": { }, "geometry": { "type": "Polygon", "coordinates": [ [ [ 6.477314884414444, 62.474548842687966 ], [ 6.479533045581995, 62.475497870097257 ], [ 6.476204066860473, 62.476134601494095 ], [ 6.477314884414444, 62.474548842687966 ] ] ] } },
{ "type": "Feature", "properties": { }, "geometry": { "type": "Polygon", "coordinates": [ [ [ 6.475132023521685, 62.474543137438644 ], [ 6.477314884414444, 62.474548842687966 ], [ 6.476204066860473, 62.476134601494095 ], [ 6.475132023521685, 62.474543137438644 ] ] ] } },
{ "type": "Feature", "properties": { }, "geometry": { "type": "Polygon", "coordinates": [ [ [ 6.421000113664905, 62.475633894267126 ], [ 6.423290598474579, 62.475854830618189 ], [ 6.421088209346156, 62.476220349249303 ], [ 6.421000113664905, 62.475633894267126 ] ] ] } },
{ "type": "Feature", "properties": { }, "geometry": { "type": "Polygon", "coordinates": [ [ [ 6.422291087077323, 62.474305408480149 ], [ 6.421000113664905, 62.475633894267126 ], [ 6.41969043274633, 62.475125892103712 ], [ 6.422291087077323, 62.474305408480149 ] ] ] } },
{ "type": "Feature", "properties": { }, "geometry": { "type": "Polygon", "coordinates": [ [ [ 6.422291087077323, 62.474305408480149 ], [ 6.423290598474579, 62.475854830618189 ], [ 6.421000113664905, 62.475633894267126 ], [ 6.422291087077323, 62.474305408480149 ] ] ] } },
{ "type": "Feature", "properties": { }, "geometry": { "type": "Polygon", "coordinates": [ [ [ 6.463896732372526, 62.473491359117403 ], [ 6.467032721890583, 62.473022056222462 ], [ 6.468664593900106, 62.475450970777288 ], [ 6.463896732372526, 62.473491359117403 ] ] ] } },
{ "type": "Feature", "properties": { }, "geometry": { "type": "Polygon", "coordinates": [ [ [ 6.53200740196274, 62.478402880522196 ], [ 6.534604784323564, 62.479175082801262 ], [ 6.53167745769542, 62.479527812930328 ], [ 6.53200740196274, 62.478402880522196 ] ] ] } },
{ "type": "Feature", "properties": { }, "geometry": { "type": "Polygon", "coordinates": [ [ [ 6.398458371345316, 62.467017023040313 ], [ 6.400474869713259, 62.468308954582795 ], [ 6.398119054748772, 62.468591621183648 ], [ 6.398458371345316, 62.467017023040313 ] ] ] } },
{ "type": "Feature", "properties": { }, "geometry": { "type": "Polygon", "coordinates": [ [ [ 6.398119054748772, 62.468591621183648 ], [ 6.400474869713259, 62.468308954582795 ], [ 6.398952544001594, 62.469187898714338 ], [ 6.398119054748772, 62.468591621183648 ] ] ] } },
{ "type": "Feature", "properties": { }, "geometry": { "type": "Polygon", "coordinates": [ [ [ 6.398458371345316, 62.467017023040313 ], [ 6.398119054748772, 62.468591621183648 ], [ 6.396372676229451, 62.467931951557503 ], [ 6.398458371345316, 62.467017023040313 ] ] ] } },
{ "type": "Feature", "properties": { }, "geometry": { "type": "Polygon", "coordinates": [ [ [ 6.501596250540827, 62.480202161714949 ], [ 6.504670565096544, 62.479905243618326 ], [ 6.503860830585377, 62.481132066434974 ], [ 6.501596250540827, 62.480202161714949 ] ] ] } },
{ "type": "Feature", "properties": { }, "geometry": { "type": "Polygon", "coordinates": [ [ [ 6.406184051642626, 62.466578373680505 ], [ 6.407912219548733, 62.466572728538964 ], [ 6.406388132757587, 62.467654316645302 ], [ 6.406184051642626, 62.466578373680505 ] ] ] } },
{ "type": "Feature", "properties": { }, "geometry": { "type": "Polygon", "coordinates": [ [ [ 6.5080754713063, 62.478881934549641 ], [ 6.510115079650097, 62.478713744559712 ], [ 6.508922879068693, 62.479284436424606 ], [ 6.5080754713063, 62.478881934549641 ] ] ] } },
{ "type": "Feature", "properties": { }, "geometry": { "type": "Polygon", "coordinates": [ [ [ 6.5080754713063, 62.478881934549641 ], [ 6.508922879068693, 62.479284436424606 ], [ 6.507361102788538, 62.479596225706473 ], [ 6.5080754713063, 62.478881934549641 ] ] ] } },
{ "type": "Feature", "properties": { }, "geometry": { "type": "Polygon", "coordinates": [ [ [ 6.506153476042445, 62.478903968000161 ], [ 6.5080754713063, 62.478881934549641 ], [ 6.507361102788538, 62.479596225706473 ], [ 6.506153476042445, 62.478903968000161 ] ] ] } },
{ "type": "Feature", "properties": { }, "geometry": { "type": "Polygon", "coordinates": [ [ [ 6.492656198953465, 62.477620801267342 ], [ 6.493812446012313, 62.477322025329606 ], [ 6.494378895580776, 62.478419937211164 ], [ 6.492656198953465, 62.477620801267342 ] ] ] } },
{ "type": "Feature", "properties": { }, "geometry": { "type": "Polygon", "coordinates": [ [ [ 6.492656198953465, 62.477620801267342 ], [ 6.494378895580776, 62.478419937211164 ], [ 6.491995480457372, 62.479451942981527 ], [ 6.492656198953465, 62.477620801267342 ] ] ] } },
{ "type": "Feature", "properties": { }, "geometry": { "type": "Polygon", "coordinates": [ [ [ 6.492656198953465, 62.477620801267342 ], [ 6.491995480457372, 62.479451942981527 ], [ 6.488284282056796, 62.478479065455673 ], [ 6.492656198953465, 62.477620801267342 ] ] ] } },
{ "type": "Feature", "properties": { }, "geometry": { "type": "Polygon", "coordinates": [ [ [ 6.421088209346156, 62.476220349249303 ], [ 6.423290598474579, 62.475854830618189 ], [ 6.423073128777768, 62.476716902050484 ], [ 6.421088209346156, 62.476220349249303 ] ] ] } },
{ "type": "Feature", "properties": { }, "geometry": { "type": "Polygon", "coordinates": [ [ [ 6.506153476042445, 62.478903968000161 ], [ 6.507361102788538, 62.479596225706473 ], [ 6.504670565096544, 62.479905243618326 ], [ 6.506153476042445, 62.478903968000161 ] ] ] } },
{ "type": "Feature", "properties": { }, "geometry": { "type": "Polygon", "coordinates": [ [ [ 6.486052382769318, 62.476399025577095 ], [ 6.488053028234279, 62.475960756484383 ], [ 6.487872938344393, 62.476981679387002 ], [ 6.486052382769318, 62.476399025577095 ] ] ] } },
{ "type": "Feature", "properties": { }, "geometry": { "type": "Polygon", "coordinates": [ [ [ 6.413866994566021, 62.466243904326923 ], [ 6.415922055975101, 62.467316929590098 ], [ 6.41043720362037, 62.468106037941062 ], [ 6.413866994566021, 62.466243904326923 ] ] ] } },
{ "type": "Feature", "properties": { }, "geometry": { "type": "Polygon", "coordinates": [ [ [ 6.453058016565079, 62.476534042948522 ], [ 6.456097057547288, 62.477791800561221 ], [ 6.453813546778528, 62.477736601712564 ], [ 6.453058016565079, 62.476534042948522 ] ] ] } },
{ "type": "Feature", "properties": { }, "geometry": { "type": "Polygon", "coordinates": [ [ [ 6.4361037603079, 62.474652195225694 ], [ 6.437168409150543, 62.47631010133361 ], [ 6.434889740633531, 62.475896798082083 ], [ 6.4361037603079, 62.474652195225694 ] ] ] } },
{ "type": "Feature", "properties": { }, "geometry": { "type": "Polygon", "coordinates": [ [ [ 6.4361037603079, 62.474652195225694 ], [ 6.43867584985933, 62.475200585830791 ], [ 6.437168409150543, 62.47631010133361 ], [ 6.4361037603079, 62.474652195225694 ] ] ] } },
{ "type": "Feature", "properties": { }, "geometry": { "type": "Polygon", "coordinates": [ [ [ 6.461840429623117, 62.472299263800984 ], [ 6.464094379026101, 62.471968695021729 ], [ 6.463896732372526, 62.473491359117403 ], [ 6.461840429623117, 62.472299263800984 ] ] ] } },
{ "type": "Feature", "properties": { }, "geometry": { "type": "Polygon", "coordinates": [ [ [ 6.430363208626274, 62.473352936874754 ], [ 6.429582974915451, 62.475909575723428 ], [ 6.425787952565436, 62.4746659794327 ], [ 6.430363208626274, 62.473352936874754 ] ] ] } },
{ "type": "Feature", "properties": { }, "geometry": { "type": "Polygon", "coordinates": [ [ [ 6.430363208626274, 62.473352936874754 ], [ 6.432235867695983, 62.475083365023067 ], [ 6.429582974915451, 62.475909575723428 ], [ 6.430363208626274, 62.473352936874754 ] ] ] } },
{ "type": "Feature", "properties": { }, "geometry": { "type": "Polygon", "coordinates": [ [ [ 6.429582974915451, 62.475909575723428 ], [ 6.428728197400784, 62.476592834416984 ], [ 6.426592097617958, 62.476281735814339 ], [ 6.429582974915451, 62.475909575723428 ] ] ] } },
{ "type": "Feature", "properties": { }, "geometry": { "type": "Polygon", "coordinates": [ [ [ 6.425787952565436, 62.4746659794327 ], [ 6.429582974915451, 62.475909575723428 ], [ 6.426592097617958, 62.476281735814339 ], [ 6.425787952565436, 62.4746659794327 ] ] ] } },
{ "type": "Feature", "properties": { }, "geometry": { "type": "Polygon", "coordinates": [ [ [ 6.4361037603079, 62.474652195225694 ], [ 6.434889740633531, 62.475896798082083 ], [ 6.433663412867515, 62.475419772897148 ], [ 6.4361037603079, 62.474652195225694 ] ] ] } },
{ "type": "Feature", "properties": { }, "geometry": { "type": "Polygon", "coordinates": [ [ [ 6.463862510423003, 62.477516141981759 ], [ 6.467242279249707, 62.479292549793271 ], [ 6.462323593354674, 62.479488093266959 ], [ 6.463862510423003, 62.477516141981759 ] ] ] } },
{ "type": "Feature", "properties": { }, "geometry": { "type": "Polygon", "coordinates": [ [ [ 6.463862510423003, 62.477516141981759 ], [ 6.462323593354674, 62.479488093266959 ], [ 6.460323665787203, 62.478825326943202 ], [ 6.463862510423003, 62.477516141981759 ] ] ] } },
{ "type": "Feature", "properties": { }, "geometry": { "type": "Polygon", "coordinates": [ [ [ 6.500566531459614, 62.477476995297138 ], [ 6.500850456820441, 62.478221679311289 ], [ 6.498849536866222, 62.478221117063121 ], [ 6.500566531459614, 62.477476995297138 ] ] ] } },
{ "type": "Feature", "properties": { }, "geometry": { "type": "Polygon", "coordinates": [ [ [ 6.450722712837166, 62.47125322687311 ], [ 6.452237665622322, 62.472069999062931 ], [ 6.449971465358867, 62.471827939911073 ], [ 6.450722712837166, 62.47125322687311 ] ] ] } },
{ "type": "Feature", "properties": { }, "geometry": { "type": "Polygon", "coordinates": [ [ [ 6.449971465358867, 62.471827939911073 ], [ 6.452237665622322, 62.472069999062931 ], [ 6.450262450675587, 62.47363784705724 ], [ 6.449971465358867, 62.471827939911073 ] ] ] } },
{ "type": "Feature", "properties": { }, "geometry": { "type": "Polygon", "coordinates": [ [ [ 6.449971465358867, 62.471827939911073 ], [ 6.450262450675587, 62.47363784705724 ], [ 6.447331914974805, 62.473120875930221 ], [ 6.449971465358867, 62.471827939911073 ] ] ] } },
{ "type": "Feature", "properties": { }, "geometry": { "type": "Polygon", "coordinates": [ [ [ 6.446838402766246, 62.471687450133203 ], [ 6.449971465358867, 62.471827939911073 ], [ 6.447331914974805, 62.473120875930221 ], [ 6.446838402766246, 62.471687450133203 ] ] ] } },
{ "type": "Feature", "properties": { }, "geometry": { "type": "Polygon", "coordinates": [ [ [ 6.396506494099619, 62.466661181995143 ], [ 6.398458371345316, 62.467017023040313 ], [ 6.396372676229451, 62.467931951557503 ], [ 6.396506494099619, 62.466661181995143 ] ] ] } },
{ "type": "Feature", "properties": { }, "geometry": { "type": "Polygon", "coordinates": [ [ [ 6.4250038467251, 62.468176082168327 ], [ 6.42695515555372, 62.46808309911448 ], [ 6.426217214890922, 62.469198520039804 ], [ 6.4250038467251, 62.468176082168327 ] ] ] } },
{ "type": "Feature", "properties": { }, "geometry": { "type": "Polygon", "coordinates": [ [ [ 6.4250038467251, 62.468176082168327 ], [ 6.426217214890922, 62.469198520039804 ], [ 6.422138703674102, 62.469129464270949 ], [ 6.4250038467251, 62.468176082168327 ] ] ] } },
{ "type": "Feature", "properties": { }, "geometry": { "type": "Polygon", "coordinates": [ [ [ 6.547594373598019, 62.480869131433948 ], [ 6.54970167809849, 62.481490357630491 ], [ 6.547170978364612, 62.482168074833545 ], [ 6.547594373598019, 62.480869131433948 ] ] ] } },
{ "type": "Feature", "properties": { }, "geometry": { "type": "Polygon", "coordinates": [ [ [ 6.545426746054266, 62.480973193707086 ], [ 6.547594373598019, 62.480869131433948 ], [ 6.547170978364612, 62.482168074833545 ], [ 6.545426746054266, 62.480973193707086 ] ] ] } },
{ "type": "Feature", "properties": { }, "geometry": { "type": "Polygon", "coordinates": [ [ [ 6.482376706414808, 62.475026129629953 ], [ 6.484259616604366, 62.475798224514953 ], [ 6.481823326107143, 62.476192924740701 ], [ 6.482376706414808, 62.475026129629953 ] ] ] } },
{ "type": "Feature", "properties": { }, "geometry": { "type": "Polygon", "coordinates": [ [ [ 6.479533045581995, 62.475497870097257 ], [ 6.482376706414808, 62.475026129629953 ], [ 6.481823326107143, 62.476192924740701 ], [ 6.479533045581995, 62.475497870097257 ] ] ] } },
{ "type": "Feature", "properties": { }, "geometry": { "type": "Polygon", "coordinates": [ [ [ 6.479362241421998, 62.474102075474072 ], [ 6.482376706414808, 62.475026129629953 ], [ 6.479533045581995, 62.475497870097257 ], [ 6.479362241421998, 62.474102075474072 ] ] ] } },
{ "type": "Feature", "properties": { }, "geometry": { "type": "Polygon", "coordinates": [ [ [ 6.513210604167195, 62.478511588125279 ], [ 6.513300279573981, 62.479347139543435 ], [ 6.511738521099725, 62.478997222738556 ], [ 6.513210604167195, 62.478511588125279 ] ] ] } },
{ "type": "Feature", "properties": { }, "geometry": { "type": "Polygon", "coordinates": [ [ [ 6.513210604167195, 62.478511588125279 ], [ 6.515270257194428, 62.479087917165813 ], [ 6.513300279573981, 62.479347139543435 ], [ 6.513210604167195, 62.478511588125279 ] ] ] } },
{ "type": "Feature", "properties": { }, "geometry": { "type": "Polygon", "coordinates": [ [ [ 6.454879609889672, 62.472577815728897 ], [ 6.457701665611617, 62.472901450044851 ], [ 6.455629390143118, 62.473974748652594 ], [ 6.454879609889672, 62.472577815728897 ] ] ] } },
{ "type": "Feature", "properties": { }, "geometry": { "type": "Polygon", "coordinates": [ [ [ 6.454879609889672, 62.472577815728897 ], [ 6.455629390143118, 62.473974748652594 ], [ 6.450262450675587, 62.47363784705724 ], [ 6.454879609889672, 62.472577815728897 ] ] ] } },
{ "type": "Feature", "properties": { }, "geometry": { "type": "Polygon", "coordinates": [ [ [ 6.452237665622322, 62.472069999062931 ], [ 6.454879609889672, 62.472577815728897 ], [ 6.450262450675587, 62.47363784705724 ], [ 6.452237665622322, 62.472069999062931 ] ] ] } },
{ "type": "Feature", "properties": { }, "geometry": { "type": "Polygon", "coordinates": [ [ [ 6.419433467576195, 62.473674102428561 ], [ 6.422291087077323, 62.474305408480149 ], [ 6.41969043274633, 62.475125892103712 ], [ 6.419433467576195, 62.473674102428561 ] ] ] } },
{ "type": "Feature", "properties": { }, "geometry": { "type": "Polygon", "coordinates": [ [ [ 6.461840429623117, 62.472299263800984 ], [ 6.463896732372526, 62.473491359117403 ], [ 6.459769646163409, 62.472983833355066 ], [ 6.461840429623117, 62.472299263800984 ] ] ] } },
{ "type": "Feature", "properties": { }, "geometry": { "type": "Polygon", "coordinates": [ [ [ 6.459769646163409, 62.472983833355066 ], [ 6.463896732372526, 62.473491359117403 ], [ 6.458420093988125, 62.474639370813037 ], [ 6.459769646163409, 62.472983833355066 ] ] ] } },
{ "type": "Feature", "properties": { }, "geometry": { "type": "Polygon", "coordinates": [ [ [ 6.457701665611617, 62.472901450044851 ], [ 6.459769646163409, 62.472983833355066 ], [ 6.458420093988125, 62.474639370813037 ], [ 6.457701665611617, 62.472901450044851 ] ] ] } },
{ "type": "Feature", "properties": { }, "geometry": { "type": "Polygon", "coordinates": [ [ [ 6.501883695879231, 62.478807521773632 ], [ 6.504670565096544, 62.479905243618326 ], [ 6.501596250540827, 62.480202161714949 ], [ 6.501883695879231, 62.478807521773632 ] ] ] } },
{ "type": "Feature", "properties": { }, "geometry": { "type": "Polygon", "coordinates": [ [ [ 6.499848859330815, 62.479087956075851 ], [ 6.501883695879231, 62.478807521773632 ], [ 6.501596250540827, 62.480202161714949 ], [ 6.499848859330815, 62.479087956075851 ] ] ] } },
{ "type": "Feature", "properties": { }, "geometry": { "type": "Polygon", "coordinates": [ [ [ 6.500850456820441, 62.478221679311289 ], [ 6.501883695879231, 62.478807521773632 ], [ 6.499848859330815, 62.479087956075851 ], [ 6.500850456820441, 62.478221679311289 ] ] ] } },
{ "type": "Feature", "properties": { }, "geometry": { "type": "Polygon", "coordinates": [ [ [ 6.407912219548733, 62.466572728538964 ], [ 6.41043720362037, 62.468106037941062 ], [ 6.406388132757587, 62.467654316645302 ], [ 6.407912219548733, 62.466572728538964 ] ] ] } },
{ "type": "Feature", "properties": { }, "geometry": { "type": "Polygon", "coordinates": [ [ [ 6.422291087077323, 62.474305408480149 ], [ 6.425787952565436, 62.4746659794327 ], [ 6.423290598474579, 62.475854830618189 ], [ 6.422291087077323, 62.474305408480149 ] ] ] } },
{ "type": "Feature", "properties": { }, "geometry": { "type": "Polygon", "coordinates": [ [ [ 6.425787952565436, 62.4746659794327 ], [ 6.426592097617958, 62.476281735814339 ], [ 6.423290598474579, 62.475854830618189 ], [ 6.425787952565436, 62.4746659794327 ] ] ] } },
{ "type": "Feature", "properties": { }, "geometry": { "type": "Polygon", "coordinates": [ [ [ 6.423290598474579, 62.475854830618189 ], [ 6.426592097617958, 62.476281735814339 ], [ 6.424986229551964, 62.476907237892171 ], [ 6.423290598474579, 62.475854830618189 ] ] ] } },
{ "type": "Feature", "properties": { }, "geometry": { "type": "Polygon", "coordinates": [ [ [ 6.423290598474579, 62.475854830618189 ], [ 6.424986229551964, 62.476907237892171 ], [ 6.423073128777768, 62.476716902050484 ], [ 6.423290598474579, 62.475854830618189 ] ] ] } },
{ "type": "Feature", "properties": { }, "geometry": { "type": "Polygon", "coordinates": [ [ [ 6.497078321882535, 62.480970810535993 ], [ 6.501596250540827, 62.480202161714949 ], [ 6.500079996705868, 62.48193734858949 ], [ 6.497078321882535, 62.480970810535993 ] ] ] } },
{ "type": "Feature", "properties": { }, "geometry": { "type": "Polygon", "coordinates": [ [ [ 6.494378895580776, 62.478419937211164 ], [ 6.496813582156393, 62.479280438607304 ], [ 6.491995480457372, 62.479451942981527 ], [ 6.494378895580776, 62.478419937211164 ] ] ] } },
{ "type": "Feature", "properties": { }, "geometry": { "type": "Polygon", "coordinates": [ [ [ 6.452061843684547, 62.475250418275628 ], [ 6.453058016565079, 62.476534042948522 ], [ 6.451461817736235, 62.476585753056625 ], [ 6.452061843684547, 62.475250418275628 ] ] ] } },
{ "type": "Feature", "properties": { }, "geometry": { "type": "Polygon", "coordinates": [ [ [ 6.452061843684547, 62.475250418275628 ], [ 6.455450463456082, 62.475411754561854 ], [ 6.453058016565079, 62.476534042948522 ], [ 6.452061843684547, 62.475250418275628 ] ] ] } },
{ "type": "Feature", "properties": { }, "geometry": { "type": "Polygon", "coordinates": [ [ [ 6.453058016565079, 62.476534042948522 ], [ 6.455450463456082, 62.475411754561854 ], [ 6.456097057547288, 62.477791800561221 ], [ 6.453058016565079, 62.476534042948522 ] ] ] } },
{ "type": "Feature", "properties": { }, "geometry": { "type": "Polygon", "coordinates": [ [ [ 6.455450463456082, 62.475411754561854 ], [ 6.459021448727075, 62.477037189188792 ], [ 6.456097057547288, 62.477791800561221 ], [ 6.455450463456082, 62.475411754561854 ] ] ] } },
{ "type": "Feature", "properties": { }, "geometry": { "type": "Polygon", "coordinates": [ [ [ 6.459021448727075, 62.477037189188792 ], [ 6.457380149369148, 62.478387738226971 ], [ 6.456097057547288, 62.477791800561221 ], [ 6.459021448727075, 62.477037189188792 ] ] ] } },
{ "type": "Feature", "properties": { }, "geometry": { "type": "Polygon", "coordinates": [ [ [ 6.438584642621316, 62.473726015318846 ], [ 6.443635423659847, 62.473878972016337 ], [ 6.442179580542713, 62.475210100030111 ], [ 6.438584642621316, 62.473726015318846 ] ] ] } },
{ "type": "Feature", "properties": { }, "geometry": { "type": "Polygon", "coordinates": [ [ [ 6.443635423659847, 62.473878972016337 ], [ 6.446344459548293, 62.475474254520144 ], [ 6.442179580542713, 62.475210100030111 ], [ 6.443635423659847, 62.473878972016337 ] ] ] } },
{ "type": "Feature", "properties": { }, "geometry": { "type": "Polygon", "coordinates": [ [ [ 6.438584642621316, 62.473726015318846 ], [ 6.442179580542713, 62.475210100030111 ], [ 6.43867584985933, 62.475200585830791 ], [ 6.438584642621316, 62.473726015318846 ] ] ] } },
{ "type": "Feature", "properties": { }, "geometry": { "type": "Polygon", "coordinates": [ [ [ 6.430363208626274, 62.473352936874754 ], [ 6.433913581906897, 62.474375434500971 ], [ 6.432235867695983, 62.475083365023067 ], [ 6.430363208626274, 62.473352936874754 ] ] ] } },
{ "type": "Feature", "properties": { }, "geometry": { "type": "Polygon", "coordinates": [ [ [ 6.433913581906897, 62.474375434500971 ], [ 6.433663412867515, 62.475419772897148 ], [ 6.432235867695983, 62.475083365023067 ], [ 6.433913581906897, 62.474375434500971 ] ] ] } },
{ "type": "Feature", "properties": { }, "geometry": { "type": "Polygon", "coordinates": [ [ [ 6.459021448727075, 62.477037189188792 ], [ 6.460323665787203, 62.478825326943202 ], [ 6.457380149369148, 62.478387738226971 ], [ 6.459021448727075, 62.477037189188792 ] ] ] } },
{ "type": "Feature", "properties": { }, "geometry": { "type": "Polygon", "coordinates": [ [ [ 6.459021448727075, 62.477037189188792 ], [ 6.463862510423003, 62.477516141981759 ], [ 6.460323665787203, 62.478825326943202 ], [ 6.459021448727075, 62.477037189188792 ] ] ] } },
{ "type": "Feature", "properties": { }, "geometry": { "type": "Polygon", "coordinates": [ [ [ 6.498849536866222, 62.478221117063121 ], [ 6.500850456820441, 62.478221679311289 ], [ 6.499848859330815, 62.479087956075851 ], [ 6.498849536866222, 62.478221117063121 ] ] ] } },
{ "type": "Feature", "properties": { }, "geometry": { "type": "Polygon", "coordinates": [ [ [ 6.498849536866222, 62.478221117063121 ], [ 6.499848859330815, 62.479087956075851 ], [ 6.496813582156393, 62.479280438607304 ], [ 6.498849536866222, 62.478221117063121 ] ] ] } },
{ "type": "Feature", "properties": { }, "geometry": { "type": "Polygon", "coordinates": [ [ [ 6.410287790271047, 62.470456767877657 ], [ 6.40859207621991, 62.471682000570823 ], [ 6.406653849700861, 62.471318102072104 ], [ 6.410287790271047, 62.470456767877657 ] ] ] } },
{ "type": "Feature", "properties": { }, "geometry": { "type": "Polygon", "coordinates": [ [ [ 6.410287790271047, 62.470456767877657 ], [ 6.410225223216897, 62.471911551637952 ], [ 6.40859207621991, 62.471682000570823 ], [ 6.410287790271047, 62.470456767877657 ] ] ] } },
{ "type": "Feature", "properties": { }, "geometry": { "type": "Polygon", "coordinates": [ [ [ 6.40859207621991, 62.471682000570823 ], [ 6.410225223216897, 62.471911551637952 ], [ 6.40876829496507, 62.472323083275832 ], [ 6.40859207621991, 62.471682000570823 ] ] ] } },
{ "type": "Feature", "properties": { }, "geometry": { "type": "Polygon", "coordinates": [ [ [ 6.42695515555372, 62.46808309911448 ], [ 6.428732558666204, 62.469270552304828 ], [ 6.426217214890922, 62.469198520039804 ], [ 6.42695515555372, 62.46808309911448 ] ] ] } },
{ "type": "Feature", "properties": { }, "geometry": { "type": "Polygon", "coordinates": [ [ [ 6.422138703674102, 62.469129464270949 ], [ 6.426217214890922, 62.469198520039804 ], [ 6.427199003581771, 62.471298574372398 ], [ 6.422138703674102, 62.469129464270949 ] ] ] } },
{ "type": "Feature", "properties": { }, "geometry": { "type": "Polygon", "coordinates": [ [ [ 6.422138703674102, 62.469129464270949 ], [ 6.427199003581771, 62.471298574372398 ], [ 6.422617452311549, 62.472287862061435 ], [ 6.422138703674102, 62.469129464270949 ] ] ] } },
{ "type": "Feature", "properties": { }, "geometry": { "type": "Polygon", "coordinates": [ [ [ 6.420049757026045, 62.470650533785708 ], [ 6.422138703674102, 62.469129464270949 ], [ 6.422617452311549, 62.472287862061435 ], [ 6.420049757026045, 62.470650533785708 ] ] ] } },
{ "type": "Feature", "properties": { }, "geometry": { "type": "Polygon", "coordinates": [ [ [ 6.420113793000371, 62.468848387707801 ], [ 6.422138703674102, 62.469129464270949 ], [ 6.420049757026045, 62.470650533785708 ], [ 6.420113793000371, 62.468848387707801 ] ] ] } },
{ "type": "Feature", "properties": { }, "geometry": { "type": "Polygon", "coordinates": [ [ [ 6.406388132757587, 62.467654316645302 ], [ 6.41043720362037, 62.468106037941062 ], [ 6.406853721999838, 62.469646415396106 ], [ 6.406388132757587, 62.467654316645302 ] ] ] } },
{ "type": "Feature", "properties": { }, "geometry": { "type": "Polygon", "coordinates": [ [ [ 6.406388132757587, 62.467654316645302 ], [ 6.406853721999838, 62.469646415396106 ], [ 6.403462854625352, 62.469063774274794 ], [ 6.406388132757587, 62.467654316645302 ] ] ] } },
{ "type": "Feature", "properties": { }, "geometry": { "type": "Polygon", "coordinates": [ [ [ 6.40336391952668, 62.467640766851126 ], [ 6.406388132757587, 62.467654316645302 ], [ 6.403462854625352, 62.469063774274794 ], [ 6.40336391952668, 62.467640766851126 ] ] ] } },
{ "type": "Feature", "properties": { }, "geometry": { "type": "Polygon", "coordinates": [ [ [ 6.428732558666204, 62.469270552304828 ], [ 6.431654732379609, 62.469166769943158 ], [ 6.432215069246017, 62.470097092522025 ], [ 6.428732558666204, 62.469270552304828 ] ] ] } },
{ "type": "Feature", "properties": { }, "geometry": { "type": "Polygon", "coordinates": [ [ [ 6.428732558666204, 62.469270552304828 ], [ 6.432215069246017, 62.470097092522025 ], [ 6.427199003581771, 62.471298574372398 ], [ 6.428732558666204, 62.469270552304828 ] ] ] } },
{ "type": "Feature", "properties": { }, "geometry": { "type": "Polygon", "coordinates": [ [ [ 6.426217214890922, 62.469198520039804 ], [ 6.428732558666204, 62.469270552304828 ], [ 6.427199003581771, 62.471298574372398 ], [ 6.426217214890922, 62.469198520039804 ] ] ] } },
{ "type": "Feature", "properties": { }, "geometry": { "type": "Polygon", "coordinates": [ [ [ 6.410287790271047, 62.470456767877657 ], [ 6.413290101074705, 62.471587733264322 ], [ 6.410225223216897, 62.471911551637952 ], [ 6.410287790271047, 62.470456767877657 ] ] ] } },
{ "type": "Feature", "properties": { }, "geometry": { "type": "Polygon", "coordinates": [ [ [ 6.44906134419042, 62.474902370158155 ], [ 6.452061843684547, 62.475250418275628 ], [ 6.448648239144223, 62.476270389555438 ], [ 6.44906134419042, 62.474902370158155 ] ] ] } },
{ "type": "Feature", "properties": { }, "geometry": { "type": "Polygon", "coordinates": [ [ [ 6.452061843684547, 62.475250418275628 ], [ 6.451461817736235, 62.476585753056625 ], [ 6.448648239144223, 62.476270389555438 ], [ 6.452061843684547, 62.475250418275628 ] ] ] } },
{ "type": "Feature", "properties": { }, "geometry": { "type": "Polygon", "coordinates": [ [ [ 6.446344459548293, 62.475474254520144 ], [ 6.44906134419042, 62.474902370158155 ], [ 6.448648239144223, 62.476270389555438 ], [ 6.446344459548293, 62.475474254520144 ] ] ] } },
{ "type": "Feature", "properties": { }, "geometry": { "type": "Polygon", "coordinates": [ [ [ 6.40336391952668, 62.467640766851126 ], [ 6.403462854625352, 62.469063774274794 ], [ 6.400474869713259, 62.468308954582795 ], [ 6.40336391952668, 62.467640766851126 ] ] ] } },
{ "type": "Feature", "properties": { }, "geometry": { "type": "Polygon", "coordinates": [ [ [ 6.468522799718382, 62.477546799425689 ], [ 6.469402370531588, 62.479344883365791 ], [ 6.467242279249707, 62.479292549793271 ], [ 6.468522799718382, 62.477546799425689 ] ] ] } },
{ "type": "Feature", "properties": { }, "geometry": { "type": "Polygon", "coordinates": [ [ [ 6.463862510423003, 62.477516141981759 ], [ 6.468522799718382, 62.477546799425689 ], [ 6.467242279249707, 62.479292549793271 ], [ 6.463862510423003, 62.477516141981759 ] ] ] } },
{ "type": "Feature", "properties": { }, "geometry": { "type": "Polygon", "coordinates": [ [ [ 6.480257708700046, 62.480110422484842 ], [ 6.480790605893855, 62.481745070220185 ], [ 6.478004057941536, 62.481393177832807 ], [ 6.480257708700046, 62.480110422484842 ] ] ] } },
{ "type": "Feature", "properties": { }, "geometry": { "type": "Polygon", "coordinates": [ [ [ 6.475231648468508, 62.480265116335502 ], [ 6.480257708700046, 62.480110422484842 ], [ 6.478004057941536, 62.481393177832807 ], [ 6.475231648468508, 62.480265116335502 ] ] ] } },
{ "type": "Feature", "properties": { }, "geometry": { "type": "Polygon", "coordinates": [ [ [ 6.544770134263204, 62.480148460426655 ], [ 6.545426746054266, 62.480973193707086 ], [ 6.543609475855368, 62.48071739484822 ], [ 6.544770134263204, 62.480148460426655 ] ] ] } },
{ "type": "Feature", "properties": { }, "geometry": { "type": "Polygon", "coordinates": [ [ [ 6.543609475855368, 62.48071739484822 ], [ 6.545426746054266, 62.480973193707086 ], [ 6.543985784281538, 62.481654953999673 ], [ 6.543609475855368, 62.48071739484822 ] ] ] } },
{ "type": "Feature", "properties": { }, "geometry": { "type": "Polygon", "coordinates": [ [ [ 6.543609475855368, 62.48071739484822 ], [ 6.543985784281538, 62.481654953999673 ], [ 6.54197777469482, 62.48143189904831 ], [ 6.543609475855368, 62.48071739484822 ] ] ] } },
{ "type": "Feature", "properties": { }, "geometry": { "type": "Polygon", "coordinates": [ [ [ 6.471927670874515, 62.474154768579751 ], [ 6.475132023521685, 62.474543137438644 ], [ 6.472729814319192, 62.475762747260831 ], [ 6.471927670874515, 62.474154768579751 ] ] ] } },
{ "type": "Feature", "properties": { }, "geometry": { "type": "Polygon", "coordinates": [ [ [ 6.471927670874515, 62.474154768579751 ], [ 6.472729814319192, 62.475762747260831 ], [ 6.468664593900106, 62.475450970777288 ], [ 6.471927670874515, 62.474154768579751 ] ] ] } },
{ "type": "Feature", "properties": { }, "geometry": { "type": "Polygon", "coordinates": [ [ [ 6.431654732379609, 62.469166769943158 ], [ 6.434433953601393, 62.46877752824183 ], [ 6.432215069246017, 62.470097092522025 ], [ 6.431654732379609, 62.469166769943158 ] ] ] } },
{ "type": "Feature", "properties": { }, "geometry": { "type": "Polygon", "coordinates": [ [ [ 6.444444665881798, 62.471146165038789 ], [ 6.446838402766246, 62.471687450133203 ], [ 6.444552362088161, 62.472448666593607 ], [ 6.444444665881798, 62.471146165038789 ] ] ] } },
{ "type": "Feature", "properties": { }, "geometry": { "type": "Polygon", "coordinates": [ [ [ 6.444444665881798, 62.471146165038789 ], [ 6.444552362088161, 62.472448666593607 ], [ 6.441773760142562, 62.472660993862583 ], [ 6.444444665881798, 62.471146165038789 ] ] ] } },
{ "type": "Feature", "properties": { }, "geometry": { "type": "Polygon", "coordinates": [ [ [ 6.442340917627937, 62.470723457301226 ], [ 6.444444665881798, 62.471146165038789 ], [ 6.441773760142562, 62.472660993862583 ], [ 6.442340917627937, 62.470723457301226 ] ] ] } },
{ "type": "Feature", "properties": { }, "geometry": { "type": "Polygon", "coordinates": [ [ [ 6.480257708700046, 62.480110422484842 ], [ 6.484631863386978, 62.481306275021957 ], [ 6.480790605893855, 62.481745070220185 ], [ 6.480257708700046, 62.480110422484842 ] ] ] } },
{ "type": "Feature", "properties": { }, "geometry": { "type": "Polygon", "coordinates": [ [ [ 6.480257708700046, 62.480110422484842 ], [ 6.48376467969738, 62.479509653612304 ], [ 6.484631863386978, 62.481306275021957 ], [ 6.480257708700046, 62.480110422484842 ] ] ] } },
{ "type": "Feature", "properties": { }, "geometry": { "type": "Polygon", "coordinates": [ [ [ 6.48376467969738, 62.479509653612304 ], [ 6.488345172210865, 62.479988238936308 ], [ 6.484631863386978, 62.481306275021957 ], [ 6.48376467969738, 62.479509653612304 ] ] ] } },
{ "type": "Feature", "properties": { }, "geometry": { "type": "Polygon", "coordinates": [ [ [ 6.555712530506323, 62.48056443493072 ], [ 6.557987139626348, 62.479943382910029 ], [ 6.558487772889259, 62.481577223298217 ], [ 6.555712530506323, 62.48056443493072 ] ] ] } },
{ "type": "Feature", "properties": { }, "geometry": { "type": "Polygon", "coordinates": [ [ [ 6.415922055975101, 62.467316929590098 ], [ 6.414347244759144, 62.468770341568451 ], [ 6.41043720362037, 62.468106037941062 ], [ 6.415922055975101, 62.467316929590098 ] ] ] } },
{ "type": "Feature", "properties": { }, "geometry": { "type": "Polygon", "coordinates": [ [ [ 6.487872938344393, 62.476981679387002 ], [ 6.488284282056796, 62.478479065455673 ], [ 6.4851510337943, 62.477902562225374 ], [ 6.487872938344393, 62.476981679387002 ] ] ] } },
{ "type": "Feature", "properties": { }, "geometry": { "type": "Polygon", "coordinates": [ [ [ 6.486052382769318, 62.476399025577095 ], [ 6.487872938344393, 62.476981679387002 ], [ 6.4851510337943, 62.477902562225374 ], [ 6.486052382769318, 62.476399025577095 ] ] ] } },
{ "type": "Feature", "properties": { }, "geometry": { "type": "Polygon", "coordinates": [ [ [ 6.422617452311549, 62.472287862061435 ], [ 6.422291087077323, 62.474305408480149 ], [ 6.419433467576195, 62.473674102428561 ], [ 6.422617452311549, 62.472287862061435 ] ] ] } },
{ "type": "Feature", "properties": { }, "geometry": { "type": "Polygon", "coordinates": [ [ [ 6.416937213973789, 62.472047271377264 ], [ 6.419433467576195, 62.473674102428561 ], [ 6.416699673609341, 62.473793312484297 ], [ 6.416937213973789, 62.472047271377264 ] ] ] } },
{ "type": "Feature", "properties": { }, "geometry": { "type": "Polygon", "coordinates": [ [ [ 6.416937213973789, 62.472047271377264 ], [ 6.422617452311549, 62.472287862061435 ], [ 6.419433467576195, 62.473674102428561 ], [ 6.416937213973789, 62.472047271377264 ] ] ] } },
{ "type": "Feature", "properties": { }, "geometry": { "type": "Polygon", "coordinates": [ [ [ 6.457701665611617, 62.472901450044851 ], [ 6.458420093988125, 62.474639370813037 ], [ 6.455629390143118, 62.473974748652594 ], [ 6.457701665611617, 62.472901450044851 ] ] ] } },
{ "type": "Feature", "properties": { }, "geometry": { "type": "Polygon", "coordinates": [ [ [ 6.499848859330815, 62.479087956075851 ], [ 6.501596250540827, 62.480202161714949 ], [ 6.497078321882535, 62.480970810535993 ], [ 6.499848859330815, 62.479087956075851 ] ] ] } },
{ "type": "Feature", "properties": { }, "geometry": { "type": "Polygon", "coordinates": [ [ [ 6.433913581906897, 62.474375434500971 ], [ 6.4361037603079, 62.474652195225694 ], [ 6.433663412867515, 62.475419772897148 ], [ 6.433913581906897, 62.474375434500971 ] ] ] } },
{ "type": "Feature", "properties": { }, "geometry": { "type": "Polygon", "coordinates": [ [ [ 6.420113793000371, 62.468848387707801 ], [ 6.420049757026045, 62.470650533785708 ], [ 6.41597531369792, 62.470352396727939 ], [ 6.420113793000371, 62.468848387707801 ] ] ] } },
{ "type": "Feature", "properties": { }, "geometry": { "type": "Polygon", "coordinates": [ [ [ 6.496813582156393, 62.479280438607304 ], [ 6.499848859330815, 62.479087956075851 ], [ 6.497078321882535, 62.480970810535993 ], [ 6.496813582156393, 62.479280438607304 ] ] ] } },
{ "type": "Feature", "properties": { }, "geometry": { "type": "Polygon", "coordinates": [ [ [ 6.41043720362037, 62.468106037941062 ], [ 6.414347244759144, 62.468770341568451 ], [ 6.410287790271047, 62.470456767877657 ], [ 6.41043720362037, 62.468106037941062 ] ] ] } },
{ "type": "Feature", "properties": { }, "geometry": { "type": "Polygon", "coordinates": [ [ [ 6.414347244759144, 62.468770341568451 ], [ 6.41597531369792, 62.470352396727939 ], [ 6.410287790271047, 62.470456767877657 ], [ 6.414347244759144, 62.468770341568451 ] ] ] } },
{ "type": "Feature", "properties": { }, "geometry": { "type": "Polygon", "coordinates": [ [ [ 6.410287790271047, 62.470456767877657 ], [ 6.41597531369792, 62.470352396727939 ], [ 6.413290101074705, 62.471587733264322 ], [ 6.410287790271047, 62.470456767877657 ] ] ] } },
{ "type": "Feature", "properties": { }, "geometry": { "type": "Polygon", "coordinates": [ [ [ 6.406853721999838, 62.469646415396106 ], [ 6.410287790271047, 62.470456767877657 ], [ 6.406653849700861, 62.471318102072104 ], [ 6.406853721999838, 62.469646415396106 ] ] ] } },
{ "type": "Feature", "properties": { }, "geometry": { "type": "Polygon", "coordinates": [ [ [ 6.41043720362037, 62.468106037941062 ], [ 6.410287790271047, 62.470456767877657 ], [ 6.406853721999838, 62.469646415396106 ], [ 6.41043720362037, 62.468106037941062 ] ] ] } },
{ "type": "Feature", "properties": { }, "geometry": { "type": "Polygon", "coordinates": [ [ [ 6.41597531369792, 62.470352396727939 ], [ 6.416937213973789, 62.472047271377264 ], [ 6.413290101074705, 62.471587733264322 ], [ 6.41597531369792, 62.470352396727939 ] ] ] } },
{ "type": "Feature", "properties": { }, "geometry": { "type": "Polygon", "coordinates": [ [ [ 6.438260034184085, 62.471062147562272 ], [ 6.442340917627937, 62.470723457301226 ], [ 6.441773760142562, 62.472660993862583 ], [ 6.438260034184085, 62.471062147562272 ] ] ] } },
{ "type": "Feature", "properties": { }, "geometry": { "type": "Polygon", "coordinates": [ [ [ 6.438260034184085, 62.471062147562272 ], [ 6.441773760142562, 62.472660993862583 ], [ 6.438584642621316, 62.473726015318846 ], [ 6.438260034184085, 62.471062147562272 ] ] ] } },
{ "type": "Feature", "properties": { }, "geometry": { "type": "Polygon", "coordinates": [ [ [ 6.438260034184085, 62.471062147562272 ], [ 6.438584642621316, 62.473726015318846 ], [ 6.435971803292536, 62.472881177935875 ], [ 6.438260034184085, 62.471062147562272 ] ] ] } },
{ "type": "Feature", "properties": { }, "geometry": { "type": "Polygon", "coordinates": [ [ [ 6.434777029364815, 62.471197602339089 ], [ 6.438260034184085, 62.471062147562272 ], [ 6.435971803292536, 62.472881177935875 ], [ 6.434777029364815, 62.471197602339089 ] ] ] } },
{ "type": "Feature", "properties": { }, "geometry": { "type": "Polygon", "coordinates": [ [ [ 6.437572023024474, 62.470226172488921 ], [ 6.438260034184085, 62.471062147562272 ], [ 6.434777029364815, 62.471197602339089 ], [ 6.437572023024474, 62.470226172488921 ] ] ] } },
{ "type": "Feature", "properties": { }, "geometry": { "type": "Polygon", "coordinates": [ [ [ 6.443635423659847, 62.473878972016337 ], [ 6.447331914974805, 62.473120875930221 ], [ 6.446344459548293, 62.475474254520144 ], [ 6.443635423659847, 62.473878972016337 ] ] ] } },
{ "type": "Feature", "properties": { }, "geometry": { "type": "Polygon", "coordinates": [ [ [ 6.447331914974805, 62.473120875930221 ], [ 6.44906134419042, 62.474902370158155 ], [ 6.446344459548293, 62.475474254520144 ], [ 6.447331914974805, 62.473120875930221 ] ] ] } },
{ "type": "Feature", "properties": { }, "geometry": { "type": "Polygon", "coordinates": [ [ [ 6.422617452311549, 62.472287862061435 ], [ 6.425787952565436, 62.4746659794327 ], [ 6.422291087077323, 62.474305408480149 ], [ 6.422617452311549, 62.472287862061435 ] ] ] } },
{ "type": "Feature", "properties": { }, "geometry": { "type": "Polygon", "coordinates": [ [ [ 6.450262450675587, 62.47363784705724 ], [ 6.452061843684547, 62.475250418275628 ], [ 6.44906134419042, 62.474902370158155 ], [ 6.450262450675587, 62.47363784705724 ] ] ] } },
{ "type": "Feature", "properties": { }, "geometry": { "type": "Polygon", "coordinates": [ [ [ 6.450262450675587, 62.47363784705724 ], [ 6.455629390143118, 62.473974748652594 ], [ 6.452061843684547, 62.475250418275628 ], [ 6.450262450675587, 62.47363784705724 ] ] ] } },
{ "type": "Feature", "properties": { }, "geometry": { "type": "Polygon", "coordinates": [ [ [ 6.455629390143118, 62.473974748652594 ], [ 6.455450463456082, 62.475411754561854 ], [ 6.452061843684547, 62.475250418275628 ], [ 6.455629390143118, 62.473974748652594 ] ] ] } },
{ "type": "Feature", "properties": { }, "geometry": { "type": "Polygon", "coordinates": [ [ [ 6.435971803292536, 62.472881177935875 ], [ 6.438584642621316, 62.473726015318846 ], [ 6.4361037603079, 62.474652195225694 ], [ 6.435971803292536, 62.472881177935875 ] ] ] } },
{ "type": "Feature", "properties": { }, "geometry": { "type": "Polygon", "coordinates": [ [ [ 6.438584642621316, 62.473726015318846 ], [ 6.43867584985933, 62.475200585830791 ], [ 6.4361037603079, 62.474652195225694 ], [ 6.438584642621316, 62.473726015318846 ] ] ] } },
{ "type": "Feature", "properties": { }, "geometry": { "type": "Polygon", "coordinates": [ [ [ 6.435971803292536, 62.472881177935875 ], [ 6.4361037603079, 62.474652195225694 ], [ 6.433913581906897, 62.474375434500971 ], [ 6.435971803292536, 62.472881177935875 ] ] ] } },
{ "type": "Feature", "properties": { }, "geometry": { "type": "Polygon", "coordinates": [ [ [ 6.545426746054266, 62.480973193707086 ], [ 6.547170978364612, 62.482168074833545 ], [ 6.543985784281538, 62.481654953999673 ], [ 6.545426746054266, 62.480973193707086 ] ] ] } },
{ "type": "Feature", "properties": { }, "geometry": { "type": "Polygon", "coordinates": [ [ [ 6.430363208626274, 62.473352936874754 ], [ 6.435971803292536, 62.472881177935875 ], [ 6.433913581906897, 62.474375434500971 ], [ 6.430363208626274, 62.473352936874754 ] ] ] } },
{ "type": "Feature", "properties": { }, "geometry": { "type": "Polygon", "coordinates": [ [ [ 6.475770336209992, 62.477768116524388 ], [ 6.480257708700046, 62.480110422484842 ], [ 6.475231648468508, 62.480265116335502 ], [ 6.475770336209992, 62.477768116524388 ] ] ] } },
{ "type": "Feature", "properties": { }, "geometry": { "type": "Polygon", "coordinates": [ [ [ 6.473125755735047, 62.478868582473616 ], [ 6.475770336209992, 62.477768116524388 ], [ 6.475231648468508, 62.480265116335502 ], [ 6.473125755735047, 62.478868582473616 ] ] ] } },
{ "type": "Feature", "properties": { }, "geometry": { "type": "Polygon", "coordinates": [ [ [ 6.469402370531588, 62.479344883365791 ], [ 6.473125755735047, 62.478868582473616 ], [ 6.470840261529129, 62.480092640386204 ], [ 6.469402370531588, 62.479344883365791 ] ] ] } },
{ "type": "Feature", "properties": { }, "geometry": { "type": "Polygon", "coordinates": [ [ [ 6.432215069246017, 62.470097092522025 ], [ 6.434777029364815, 62.471197602339089 ], [ 6.43132619349316, 62.471729527054741 ], [ 6.432215069246017, 62.470097092522025 ] ] ] } },
{ "type": "Feature", "properties": { }, "geometry": { "type": "Polygon", "coordinates": [ [ [ 6.432215069246017, 62.470097092522025 ], [ 6.43132619349316, 62.471729527054741 ], [ 6.427199003581771, 62.471298574372398 ], [ 6.432215069246017, 62.470097092522025 ] ] ] } },
{ "type": "Feature", "properties": { }, "geometry": { "type": "Polygon", "coordinates": [ [ [ 6.446838402766246, 62.471687450133203 ], [ 6.447331914974805, 62.473120875930221 ], [ 6.444552362088161, 62.472448666593607 ], [ 6.446838402766246, 62.471687450133203 ] ] ] } },
{ "type": "Feature", "properties": { }, "geometry": { "type": "Polygon", "coordinates": [ [ [ 6.488284282056796, 62.478479065455673 ], [ 6.488345172210865, 62.479988238936308 ], [ 6.48376467969738, 62.479509653612304 ], [ 6.488284282056796, 62.478479065455673 ] ] ] } },
{ "type": "Feature", "properties": { }, "geometry": { "type": "Polygon", "coordinates": [ [ [ 6.488284282056796, 62.478479065455673 ], [ 6.491995480457372, 62.479451942981527 ], [ 6.488345172210865, 62.479988238936308 ], [ 6.488284282056796, 62.478479065455673 ] ] ] } },
{ "type": "Feature", "properties": { }, "geometry": { "type": "Polygon", "coordinates": [ [ [ 6.555712530506323, 62.48056443493072 ], [ 6.558487772889259, 62.481577223298217 ], [ 6.55436250535376, 62.481900785397563 ], [ 6.555712530506323, 62.48056443493072 ] ] ] } },
{ "type": "Feature", "properties": { }, "geometry": { "type": "Polygon", "coordinates": [ [ [ 6.458420093988125, 62.474639370813037 ], [ 6.463896732372526, 62.473491359117403 ], [ 6.463862510423003, 62.477516141981759 ], [ 6.458420093988125, 62.474639370813037 ] ] ] } },
{ "type": "Feature", "properties": { }, "geometry": { "type": "Polygon", "coordinates": [ [ [ 6.458420093988125, 62.474639370813037 ], [ 6.463862510423003, 62.477516141981759 ], [ 6.459021448727075, 62.477037189188792 ], [ 6.458420093988125, 62.474639370813037 ] ] ] } },
{ "type": "Feature", "properties": { }, "geometry": { "type": "Polygon", "coordinates": [ [ [ 6.455450463456082, 62.475411754561854 ], [ 6.458420093988125, 62.474639370813037 ], [ 6.459021448727075, 62.477037189188792 ], [ 6.455450463456082, 62.475411754561854 ] ] ] } },
{ "type": "Feature", "properties": { }, "geometry": { "type": "Polygon", "coordinates": [ [ [ 6.455629390143118, 62.473974748652594 ], [ 6.458420093988125, 62.474639370813037 ], [ 6.455450463456082, 62.475411754561854 ], [ 6.455629390143118, 62.473974748652594 ] ] ] } },
{ "type": "Feature", "properties": { }, "geometry": { "type": "Polygon", "coordinates": [ [ [ 6.468522799718382, 62.477546799425689 ], [ 6.473125755735047, 62.478868582473616 ], [ 6.469402370531588, 62.479344883365791 ], [ 6.468522799718382, 62.477546799425689 ] ] ] } },
{ "type": "Feature", "properties": { }, "geometry": { "type": "Polygon", "coordinates": [ [ [ 6.472729814319192, 62.475762747260831 ], [ 6.475770336209992, 62.477768116524388 ], [ 6.473125755735047, 62.478868582473616 ], [ 6.472729814319192, 62.475762747260831 ] ] ] } },
{ "type": "Feature", "properties": { }, "geometry": { "type": "Polygon", "coordinates": [ [ [ 6.472729814319192, 62.475762747260831 ], [ 6.473125755735047, 62.478868582473616 ], [ 6.468522799718382, 62.477546799425689 ], [ 6.472729814319192, 62.475762747260831 ] ] ] } },
{ "type": "Feature", "properties": { }, "geometry": { "type": "Polygon", "coordinates": [ [ [ 6.43132619349316, 62.471729527054741 ], [ 6.434777029364815, 62.471197602339089 ], [ 6.435971803292536, 62.472881177935875 ], [ 6.43132619349316, 62.471729527054741 ] ] ] } },
{ "type": "Feature", "properties": { }, "geometry": { "type": "Polygon", "coordinates": [ [ [ 6.475132023521685, 62.474543137438644 ], [ 6.476204066860473, 62.476134601494095 ], [ 6.472729814319192, 62.475762747260831 ], [ 6.475132023521685, 62.474543137438644 ] ] ] } },
{ "type": "Feature", "properties": { }, "geometry": { "type": "Polygon", "coordinates": [ [ [ 6.484259616604366, 62.475798224514953 ], [ 6.486052382769318, 62.476399025577095 ], [ 6.483859546447448, 62.476927118389476 ], [ 6.484259616604366, 62.475798224514953 ] ] ] } },
{ "type": "Feature", "properties": { }, "geometry": { "type": "Polygon", "coordinates": [ [ [ 6.481823326107143, 62.476192924740701 ], [ 6.484259616604366, 62.475798224514953 ], [ 6.483859546447448, 62.476927118389476 ], [ 6.481823326107143, 62.476192924740701 ] ] ] } },
{ "type": "Feature", "properties": { }, "geometry": { "type": "Polygon", "coordinates": [ [ [ 6.468664593900106, 62.475450970777288 ], [ 6.472729814319192, 62.475762747260831 ], [ 6.468522799718382, 62.477546799425689 ], [ 6.468664593900106, 62.475450970777288 ] ] ] } },
{ "type": "Feature", "properties": { }, "geometry": { "type": "Polygon", "coordinates": [ [ [ 6.468664593900106, 62.475450970777288 ], [ 6.468522799718382, 62.477546799425689 ], [ 6.463862510423003, 62.477516141981759 ], [ 6.468664593900106, 62.475450970777288 ] ] ] } },
{ "type": "Feature", "properties": { }, "geometry": { "type": "Polygon", "coordinates": [ [ [ 6.463896732372526, 62.473491359117403 ], [ 6.468664593900106, 62.475450970777288 ], [ 6.463862510423003, 62.477516141981759 ], [ 6.463896732372526, 62.473491359117403 ] ] ] } },
{ "type": "Feature", "properties": { }, "geometry": { "type": "Polygon", "coordinates": [ [ [ 6.420049757026045, 62.470650533785708 ], [ 6.422617452311549, 62.472287862061435 ], [ 6.416937213973789, 62.472047271377264 ], [ 6.420049757026045, 62.470650533785708 ] ] ] } },
{ "type": "Feature", "properties": { }, "geometry": { "type": "Polygon", "coordinates": [ [ [ 6.41597531369792, 62.470352396727939 ], [ 6.420049757026045, 62.470650533785708 ], [ 6.416937213973789, 62.472047271377264 ], [ 6.41597531369792, 62.470352396727939 ] ] ] } },
{ "type": "Feature", "properties": { }, "geometry": { "type": "Polygon", "coordinates": [ [ [ 6.441773760142562, 62.472660993862583 ], [ 6.444552362088161, 62.472448666593607 ], [ 6.443635423659847, 62.473878972016337 ], [ 6.441773760142562, 62.472660993862583 ] ] ] } },
{ "type": "Feature", "properties": { }, "geometry": { "type": "Polygon", "coordinates": [ [ [ 6.441773760142562, 62.472660993862583 ], [ 6.443635423659847, 62.473878972016337 ], [ 6.438584642621316, 62.473726015318846 ], [ 6.441773760142562, 62.472660993862583 ] ] ] } },
{ "type": "Feature", "properties": { }, "geometry": { "type": "Polygon", "coordinates": [ [ [ 6.447331914974805, 62.473120875930221 ], [ 6.450262450675587, 62.47363784705724 ], [ 6.44906134419042, 62.474902370158155 ], [ 6.447331914974805, 62.473120875930221 ] ] ] } },
{ "type": "Feature", "properties": { }, "geometry": { "type": "Polygon", "coordinates": [ [ [ 6.479533045581995, 62.475497870097257 ], [ 6.481823326107143, 62.476192924740701 ], [ 6.478970727745637, 62.477050322481013 ], [ 6.479533045581995, 62.475497870097257 ] ] ] } },
{ "type": "Feature", "properties": { }, "geometry": { "type": "Polygon", "coordinates": [ [ [ 6.476204066860473, 62.476134601494095 ], [ 6.479533045581995, 62.475497870097257 ], [ 6.478970727745637, 62.477050322481013 ], [ 6.476204066860473, 62.476134601494095 ] ] ] } },
{ "type": "Feature", "properties": { }, "geometry": { "type": "Polygon", "coordinates": [ [ [ 6.427199003581771, 62.471298574372398 ], [ 6.43132619349316, 62.471729527054741 ], [ 6.430363208626274, 62.473352936874754 ], [ 6.427199003581771, 62.471298574372398 ] ] ] } },
{ "type": "Feature", "properties": { }, "geometry": { "type": "Polygon", "coordinates": [ [ [ 6.43132619349316, 62.471729527054741 ], [ 6.435971803292536, 62.472881177935875 ], [ 6.430363208626274, 62.473352936874754 ], [ 6.43132619349316, 62.471729527054741 ] ] ] } },
{ "type": "Feature", "properties": { }, "geometry": { "type": "Polygon", "coordinates": [ [ [ 6.427199003581771, 62.471298574372398 ], [ 6.430363208626274, 62.473352936874754 ], [ 6.425787952565436, 62.4746659794327 ], [ 6.427199003581771, 62.471298574372398 ] ] ] } },
{ "type": "Feature", "properties": { }, "geometry": { "type": "Polygon", "coordinates": [ [ [ 6.4851510337943, 62.477902562225374 ], [ 6.488284282056796, 62.478479065455673 ], [ 6.48376467969738, 62.479509653612304 ], [ 6.4851510337943, 62.477902562225374 ] ] ] } },
{ "type": "Feature", "properties": { }, "geometry": { "type": "Polygon", "coordinates": [ [ [ 6.483859546447448, 62.476927118389476 ], [ 6.486052382769318, 62.476399025577095 ], [ 6.4851510337943, 62.477902562225374 ], [ 6.483859546447448, 62.476927118389476 ] ] ] } },
{ "type": "Feature", "properties": { }, "geometry": { "type": "Polygon", "coordinates": [ [ [ 6.476204066860473, 62.476134601494095 ], [ 6.478970727745637, 62.477050322481013 ], [ 6.475770336209992, 62.477768116524388 ], [ 6.476204066860473, 62.476134601494095 ] ] ] } },
{ "type": "Feature", "properties": { }, "geometry": { "type": "Polygon", "coordinates": [ [ [ 6.472729814319192, 62.475762747260831 ], [ 6.476204066860473, 62.476134601494095 ], [ 6.475770336209992, 62.477768116524388 ], [ 6.472729814319192, 62.475762747260831 ] ] ] } },
{ "type": "Feature", "properties": { }, "geometry": { "type": "Polygon", "coordinates": [ [ [ 6.480768479347935, 62.478474264674126 ], [ 6.4851510337943, 62.477902562225374 ], [ 6.48376467969738, 62.479509653612304 ], [ 6.480768479347935, 62.478474264674126 ] ] ] } },
{ "type": "Feature", "properties": { }, "geometry": { "type": "Polygon", "coordinates": [ [ [ 6.483859546447448, 62.476927118389476 ], [ 6.4851510337943, 62.477902562225374 ], [ 6.480768479347935, 62.478474264674126 ], [ 6.483859546447448, 62.476927118389476 ] ] ] } },
{ "type": "Feature", "properties": { }, "geometry": { "type": "Polygon", "coordinates": [ [ [ 6.481823326107143, 62.476192924740701 ], [ 6.483859546447448, 62.476927118389476 ], [ 6.480768479347935, 62.478474264674126 ], [ 6.481823326107143, 62.476192924740701 ] ] ] } },
{ "type": "Feature", "properties": { }, "geometry": { "type": "Polygon", "coordinates": [ [ [ 6.475770336209992, 62.477768116524388 ], [ 6.480768479347935, 62.478474264674126 ], [ 6.480257708700046, 62.480110422484842 ], [ 6.475770336209992, 62.477768116524388 ] ] ] } },
{ "type": "Feature", "properties": { }, "geometry": { "type": "Polygon", "coordinates": [ [ [ 6.478970727745637, 62.477050322481013 ], [ 6.480768479347935, 62.478474264674126 ], [ 6.475770336209992, 62.477768116524388 ], [ 6.478970727745637, 62.477050322481013 ] ] ] } },
{ "type": "Feature", "properties": { }, "geometry": { "type": "Polygon", "coordinates": [ [ [ 6.478970727745637, 62.477050322481013 ], [ 6.481823326107143, 62.476192924740701 ], [ 6.480768479347935, 62.478474264674126 ], [ 6.478970727745637, 62.477050322481013 ] ] ] } },
{ "type": "Feature", "properties": { }, "geometry": { "type": "Polygon", "coordinates": [ [ [ 6.480768479347935, 62.478474264674126 ], [ 6.48376467969738, 62.479509653612304 ], [ 6.480257708700046, 62.480110422484842 ], [ 6.480768479347935, 62.478474264674126 ] ] ] } },
{ "type": "Feature", "properties": { }, "geometry": { "type": "Polygon", "coordinates": [ [ [ 6.444552362088161, 62.472448666593607 ], [ 6.447331914974805, 62.473120875930221 ], [ 6.443635423659847, 62.473878972016337 ], [ 6.444552362088161, 62.472448666593607 ] ] ] } },
{ "type": "Feature", "properties": { }, "geometry": { "type": "Polygon", "coordinates": [ [ [ 6.422617452311549, 62.472287862061435 ], [ 6.427199003581771, 62.471298574372398 ], [ 6.425787952565436, 62.4746659794327 ], [ 6.422617452311549, 62.472287862061435 ] ] ] } },
{ "type": "Feature", "properties": { }, "geometry": { "type": "Polygon", "coordinates": [ [ [ 6.512996757128842, 62.482668839092078 ], [ 6.513511203258118, 62.482649227759261 ], [ 6.513920175119847, 62.482702000133294 ], [ 6.51252330040105, 62.482763988500572 ], [ 6.512996757128842, 62.482668839092078 ] ] ] } }
]
}
